id_code,diagnosis,image_path
000c1434d8d7,2,/Users/mrudangmrugeshshah/Documents/MATLAB/images_generated/000c1434d8d7_enhanced.png
001639a390f0,4,/Users/mrudangmrugeshshah/Documents/MATLAB/images_generated/001639a390f0_enhanced.png
0024cdab0c1e,1,/Users/mrudangmrugeshshah/Documents/MATLAB/images_generated/0024cdab0c1e_enhanced.png
002c21358ce6,0,/Users/mrudangmrugeshshah/Documents/MATLAB/images_generated/002c21358ce6_enhanced.png
005b95c28852,0,/Users/mrudangmrugeshshah/Documents/MATLAB/images_generated/005b95c28852_enhanced.png
0083ee8054ee,4,/Users/mrudangmrugeshshah/Documents/MATLAB/images_generated/0083ee8054ee_enhanced.png
0097f532ac9f,0,/Users/mrudangmrugeshshah/Documents/MATLAB/images_generated/0097f532ac9f_enhanced.png
00a8624548a9,2,/Users/mrudangmrugeshshah/Documents/MATLAB/images_generated/00a8624548a9_enhanced.png
00b74780d31d,2,/Users/mrudangmrugeshshah/Documents/MATLAB/images_generated/00b74780d31d_enhanced.png
00cb6555d108,1,/Users/mrudangmrugeshshah/Documents/MATLAB/images_generated/00cb6555d108_enhanced.png
00cc2b75cddd,0,/Users/mrudangmrugeshshah/Documents/MATLAB/images_generated/00cc2b75cddd_enhanced.png
00e4ddff966a,2,/Users/mrudangmrugeshshah/Documents/MATLAB/images_generated/00e4ddff966a_enhanced.png
00f6c1be5a33,0,/Users/mrudangmrugeshshah/Documents/MATLAB/images_generated/00f6c1be5a33_enhanced.png
0104b032c141,3,/Users/mrudangmrugeshshah/Documents/MATLAB/images_generated/0104b032c141_enhanced.png
0124dffecf29,1,/Users/mrudangmrugeshshah/Documents/MATLAB/images_generated/0124dffecf29_enhanced.png
0125fbd2e791,0,/Users/mrudangmrugeshshah/Documents/MATLAB/images_generated/0125fbd2e791_enhanced.png
012a242ac6ff,2,/Users/mrudangmrugeshshah/Documents/MATLAB/images_generated/012a242ac6ff_enhanced.png
014508ccb9cb,0,/Users/mrudangmrugeshshah/Documents/MATLAB/images_generated/014508ccb9cb_enhanced.png
0151781fe50b,0,/Users/mrudangmrugeshshah/Documents/MATLAB/images_generated/0151781fe50b_enhanced.png
0161338f53cc,2,/Users/mrudangmrugeshshah/Documents/MATLAB/images_generated/0161338f53cc_enhanced.png
0180bfa26c0b,2,/Users/mrudangmrugeshshah/Documents/MATLAB/images_generated/0180bfa26c0b_enhanced.png
0182152c50de,0,/Users/mrudangmrugeshshah/Documents/MATLAB/images_generated/0182152c50de_enhanced.png
01b3aed3ed4c,1,/Users/mrudangmrugeshshah/Documents/MATLAB/images_generated/01b3aed3ed4c_enhanced.png
01c7808d901d,2,/Users/mrudangmrugeshshah/Documents/MATLAB/images_generated/01c7808d901d_enhanced.png
01d9477b1171,0,/Users/mrudangmrugeshshah/Documents/MATLAB/images_generated/01d9477b1171_enhanced.png
01eb826f6467,2,/Users/mrudangmrugeshshah/Documents/MATLAB/images_generated/01eb826f6467_enhanced.png
01f7bb8be950,0,/Users/mrudangmrugeshshah/Documents/MATLAB/images_generated/01f7bb8be950_enhanced.png
0212dd31f623,0,/Users/mrudangmrugeshshah/Documents/MATLAB/images_generated/0212dd31f623_enhanced.png
022f820027b8,0,/Users/mrudangmrugeshshah/Documents/MATLAB/images_generated/022f820027b8_enhanced.png
0231642cf1c2,0,/Users/mrudangmrugeshshah/Documents/MATLAB/images_generated/0231642cf1c2_enhanced.png
0232dfea7547,0,/Users/mrudangmrugeshshah/Documents/MATLAB/images_generated/0232dfea7547_enhanced.png
02358b47ea89,0,/Users/mrudangmrugeshshah/Documents/MATLAB/images_generated/02358b47ea89_enhanced.png
0243404e8a00,4,/Users/mrudangmrugeshshah/Documents/MATLAB/images_generated/0243404e8a00_enhanced.png
025a169a0bb0,2,/Users/mrudangmrugeshshah/Documents/MATLAB/images_generated/025a169a0bb0_enhanced.png
02685f13cefd,4,/Users/mrudangmrugeshshah/Documents/MATLAB/images_generated/02685f13cefd_enhanced.png
026dcd9af143,2,/Users/mrudangmrugeshshah/Documents/MATLAB/images_generated/026dcd9af143_enhanced.png
02cd34a85b24,0,/Users/mrudangmrugeshshah/Documents/MATLAB/images_generated/02cd34a85b24_enhanced.png
02da652c74b8,0,/Users/mrudangmrugeshshah/Documents/MATLAB/images_generated/02da652c74b8_enhanced.png
02dda30d3acf,4,/Users/mrudangmrugeshshah/Documents/MATLAB/images_generated/02dda30d3acf_enhanced.png
0304bedad8fe,0,/Users/mrudangmrugeshshah/Documents/MATLAB/images_generated/0304bedad8fe_enhanced.png
0318598cfd16,4,/Users/mrudangmrugeshshah/Documents/MATLAB/images_generated/0318598cfd16_enhanced.png
032d7b0b4bf6,2,/Users/mrudangmrugeshshah/Documents/MATLAB/images_generated/032d7b0b4bf6_enhanced.png
033f2b43de6d,2,/Users/mrudangmrugeshshah/Documents/MATLAB/images_generated/033f2b43de6d_enhanced.png
034cb07a550f,4,/Users/mrudangmrugeshshah/Documents/MATLAB/images_generated/034cb07a550f_enhanced.png
03676c71ed1b,2,/Users/mrudangmrugeshshah/Documents/MATLAB/images_generated/03676c71ed1b_enhanced.png
0369f3efe69b,1,/Users/mrudangmrugeshshah/Documents/MATLAB/images_generated/0369f3efe69b_enhanced.png
03747397839f,2,/Users/mrudangmrugeshshah/Documents/MATLAB/images_generated/03747397839f_enhanced.png
03a7f4a5786f,4,/Users/mrudangmrugeshshah/Documents/MATLAB/images_generated/03a7f4a5786f_enhanced.png
03b373718013,0,/Users/mrudangmrugeshshah/Documents/MATLAB/images_generated/03b373718013_enhanced.png
03c85870824c,3,/Users/mrudangmrugeshshah/Documents/MATLAB/images_generated/03c85870824c_enhanced.png
03e25101e8e8,1,/Users/mrudangmrugeshshah/Documents/MATLAB/images_generated/03e25101e8e8_enhanced.png
03fd50da928d,2,/Users/mrudangmrugeshshah/Documents/MATLAB/images_generated/03fd50da928d_enhanced.png
03ff7d159f10,2,/Users/mrudangmrugeshshah/Documents/MATLAB/images_generated/03ff7d159f10_enhanced.png
0415fc68b176,2,/Users/mrudangmrugeshshah/Documents/MATLAB/images_generated/0415fc68b176_enhanced.png
041f09eec1e8,2,/Users/mrudangmrugeshshah/Documents/MATLAB/images_generated/041f09eec1e8_enhanced.png
0423237770a7,0,/Users/mrudangmrugeshshah/Documents/MATLAB/images_generated/0423237770a7_enhanced.png
042470a92154,3,/Users/mrudangmrugeshshah/Documents/MATLAB/images_generated/042470a92154_enhanced.png
04579e31e4be,0,/Users/mrudangmrugeshshah/Documents/MATLAB/images_generated/04579e31e4be_enhanced.png
04a6fc58dabc,2,/Users/mrudangmrugeshshah/Documents/MATLAB/images_generated/04a6fc58dabc_enhanced.png
04ac765f91a1,1,/Users/mrudangmrugeshshah/Documents/MATLAB/images_generated/04ac765f91a1_enhanced.png
04aef84a2cc1,0,/Users/mrudangmrugeshshah/Documents/MATLAB/images_generated/04aef84a2cc1_enhanced.png
04d029cfb612,2,/Users/mrudangmrugeshshah/Documents/MATLAB/images_generated/04d029cfb612_enhanced.png
04efb1a284cc,0,/Users/mrudangmrugeshshah/Documents/MATLAB/images_generated/04efb1a284cc_enhanced.png
050bb1eafa76,0,/Users/mrudangmrugeshshah/Documents/MATLAB/images_generated/050bb1eafa76_enhanced.png
05113073b268,0,/Users/mrudangmrugeshshah/Documents/MATLAB/images_generated/05113073b268_enhanced.png
05195a3db5e2,0,/Users/mrudangmrugeshshah/Documents/MATLAB/images_generated/05195a3db5e2_enhanced.png
0519b934f6b1,2,/Users/mrudangmrugeshshah/Documents/MATLAB/images_generated/0519b934f6b1_enhanced.png
052d9a3fe55a,2,/Users/mrudangmrugeshshah/Documents/MATLAB/images_generated/052d9a3fe55a_enhanced.png
05339950962e,0,/Users/mrudangmrugeshshah/Documents/MATLAB/images_generated/05339950962e_enhanced.png
054b1b305160,0,/Users/mrudangmrugeshshah/Documents/MATLAB/images_generated/054b1b305160_enhanced.png
0551676cc2aa,0,/Users/mrudangmrugeshshah/Documents/MATLAB/images_generated/0551676cc2aa_enhanced.png
059bc89df7f4,1,/Users/mrudangmrugeshshah/Documents/MATLAB/images_generated/059bc89df7f4_enhanced.png
05a5183c92d0,1,/Users/mrudangmrugeshshah/Documents/MATLAB/images_generated/05a5183c92d0_enhanced.png
05b1bb2bdb81,0,/Users/mrudangmrugeshshah/Documents/MATLAB/images_generated/05b1bb2bdb81_enhanced.png
05cd0178ccfe,3,/Users/mrudangmrugeshshah/Documents/MATLAB/images_generated/05cd0178ccfe_enhanced.png
05e9126dfa5c,0,/Users/mrudangmrugeshshah/Documents/MATLAB/images_generated/05e9126dfa5c_enhanced.png
06024377d573,2,/Users/mrudangmrugeshshah/Documents/MATLAB/images_generated/06024377d573_enhanced.png
060e00d1e2ab,0,/Users/mrudangmrugeshshah/Documents/MATLAB/images_generated/060e00d1e2ab_enhanced.png
064af6592ba6,2,/Users/mrudangmrugeshshah/Documents/MATLAB/images_generated/064af6592ba6_enhanced.png
06586082a24d,0,/Users/mrudangmrugeshshah/Documents/MATLAB/images_generated/06586082a24d_enhanced.png
0684311afdfc,1,/Users/mrudangmrugeshshah/Documents/MATLAB/images_generated/0684311afdfc_enhanced.png
069f43616fab,3,/Users/mrudangmrugeshshah/Documents/MATLAB/images_generated/069f43616fab_enhanced.png
06b71823f9cd,1,/Users/mrudangmrugeshshah/Documents/MATLAB/images_generated/06b71823f9cd_enhanced.png
06be1092a062,0,/Users/mrudangmrugeshshah/Documents/MATLAB/images_generated/06be1092a062_enhanced.png
07083738b75e,2,/Users/mrudangmrugeshshah/Documents/MATLAB/images_generated/07083738b75e_enhanced.png
0709652336e2,0,/Users/mrudangmrugeshshah/Documents/MATLAB/images_generated/0709652336e2_enhanced.png
070d4ce5fd90,0,/Users/mrudangmrugeshshah/Documents/MATLAB/images_generated/070d4ce5fd90_enhanced.png
070f67572d03,3,/Users/mrudangmrugeshshah/Documents/MATLAB/images_generated/070f67572d03_enhanced.png
07122e268a1d,4,/Users/mrudangmrugeshshah/Documents/MATLAB/images_generated/07122e268a1d_enhanced.png
071435a218ec,2,/Users/mrudangmrugeshshah/Documents/MATLAB/images_generated/071435a218ec_enhanced.png
07419eddd6be,2,/Users/mrudangmrugeshshah/Documents/MATLAB/images_generated/07419eddd6be_enhanced.png
07596907347b,0,/Users/mrudangmrugeshshah/Documents/MATLAB/images_generated/07596907347b_enhanced.png
0773a1c326ad,0,/Users/mrudangmrugeshshah/Documents/MATLAB/images_generated/0773a1c326ad_enhanced.png
07751b94a88a,0,/Users/mrudangmrugeshshah/Documents/MATLAB/images_generated/07751b94a88a_enhanced.png
0790515cf5af,0,/Users/mrudangmrugeshshah/Documents/MATLAB/images_generated/0790515cf5af_enhanced.png
07929d32b5b3,1,/Users/mrudangmrugeshshah/Documents/MATLAB/images_generated/07929d32b5b3_enhanced.png
07a0be6b347f,0,/Users/mrudangmrugeshshah/Documents/MATLAB/images_generated/07a0be6b347f_enhanced.png
07a0e34c8d20,3,/Users/mrudangmrugeshshah/Documents/MATLAB/images_generated/07a0e34c8d20_enhanced.png
07a1c7073982,1,/Users/mrudangmrugeshshah/Documents/MATLAB/images_generated/07a1c7073982_enhanced.png
07a2b8cabf6b,0,/Users/mrudangmrugeshshah/Documents/MATLAB/images_generated/07a2b8cabf6b_enhanced.png
07a3be30563b,2,/Users/mrudangmrugeshshah/Documents/MATLAB/images_generated/07a3be30563b_enhanced.png
07d8db76b301,2,/Users/mrudangmrugeshshah/Documents/MATLAB/images_generated/07d8db76b301_enhanced.png
07e827469099,0,/Users/mrudangmrugeshshah/Documents/MATLAB/images_generated/07e827469099_enhanced.png
07f5d7baf907,0,/Users/mrudangmrugeshshah/Documents/MATLAB/images_generated/07f5d7baf907_enhanced.png
08037e4490e5,0,/Users/mrudangmrugeshshah/Documents/MATLAB/images_generated/08037e4490e5_enhanced.png
080ee76c958c,4,/Users/mrudangmrugeshshah/Documents/MATLAB/images_generated/080ee76c958c_enhanced.png
080f66eedfb9,4,/Users/mrudangmrugeshshah/Documents/MATLAB/images_generated/080f66eedfb9_enhanced.png
084c02cf077f,0,/Users/mrudangmrugeshshah/Documents/MATLAB/images_generated/084c02cf077f_enhanced.png
0851d6a69589,0,/Users/mrudangmrugeshshah/Documents/MATLAB/images_generated/0851d6a69589_enhanced.png
086d41d17da8,1,/Users/mrudangmrugeshshah/Documents/MATLAB/images_generated/086d41d17da8_enhanced.png
08752092140d,2,/Users/mrudangmrugeshshah/Documents/MATLAB/images_generated/08752092140d_enhanced.png
08a3875063c3,4,/Users/mrudangmrugeshshah/Documents/MATLAB/images_generated/08a3875063c3_enhanced.png
08b6e3240858,0,/Users/mrudangmrugeshshah/Documents/MATLAB/images_generated/08b6e3240858_enhanced.png
08bef347f40d,0,/Users/mrudangmrugeshshah/Documents/MATLAB/images_generated/08bef347f40d_enhanced.png
08c17a2d95b7,2,/Users/mrudangmrugeshshah/Documents/MATLAB/images_generated/08c17a2d95b7_enhanced.png
08c60c647673,0,/Users/mrudangmrugeshshah/Documents/MATLAB/images_generated/08c60c647673_enhanced.png
08ee569d4721,0,/Users/mrudangmrugeshshah/Documents/MATLAB/images_generated/08ee569d4721_enhanced.png
08f8838d69bb,0,/Users/mrudangmrugeshshah/Documents/MATLAB/images_generated/08f8838d69bb_enhanced.png
09237bf783a4,0,/Users/mrudangmrugeshshah/Documents/MATLAB/images_generated/09237bf783a4_enhanced.png
0924cec998fa,0,/Users/mrudangmrugeshshah/Documents/MATLAB/images_generated/0924cec998fa_enhanced.png
093a42649c29,3,/Users/mrudangmrugeshshah/Documents/MATLAB/images_generated/093a42649c29_enhanced.png
093cf723fede,0,/Users/mrudangmrugeshshah/Documents/MATLAB/images_generated/093cf723fede_enhanced.png
094858f005ab,2,/Users/mrudangmrugeshshah/Documents/MATLAB/images_generated/094858f005ab_enhanced.png
0953c0ac1735,2,/Users/mrudangmrugeshshah/Documents/MATLAB/images_generated/0953c0ac1735_enhanced.png
096436d68d06,0,/Users/mrudangmrugeshshah/Documents/MATLAB/images_generated/096436d68d06_enhanced.png
09662e462531,0,/Users/mrudangmrugeshshah/Documents/MATLAB/images_generated/09662e462531_enhanced.png
0981195eb9fb,4,/Users/mrudangmrugeshshah/Documents/MATLAB/images_generated/0981195eb9fb_enhanced.png
099021fac3c9,0,/Users/mrudangmrugeshshah/Documents/MATLAB/images_generated/099021fac3c9_enhanced.png
09934421c79e,0,/Users/mrudangmrugeshshah/Documents/MATLAB/images_generated/09934421c79e_enhanced.png
09935d72892b,1,/Users/mrudangmrugeshshah/Documents/MATLAB/images_generated/09935d72892b_enhanced.png
09c8323c612e,0,/Users/mrudangmrugeshshah/Documents/MATLAB/images_generated/09c8323c612e_enhanced.png
09eeafa9656a,2,/Users/mrudangmrugeshshah/Documents/MATLAB/images_generated/09eeafa9656a_enhanced.png
09f1111a388a,0,/Users/mrudangmrugeshshah/Documents/MATLAB/images_generated/09f1111a388a_enhanced.png
09f6ab477654,2,/Users/mrudangmrugeshshah/Documents/MATLAB/images_generated/09f6ab477654_enhanced.png
0a09aa7356c0,2,/Users/mrudangmrugeshshah/Documents/MATLAB/images_generated/0a09aa7356c0_enhanced.png
0a1076183736,2,/Users/mrudangmrugeshshah/Documents/MATLAB/images_generated/0a1076183736_enhanced.png
0a3202889f4d,1,/Users/mrudangmrugeshshah/Documents/MATLAB/images_generated/0a3202889f4d_enhanced.png
0a38b552372d,0,/Users/mrudangmrugeshshah/Documents/MATLAB/images_generated/0a38b552372d_enhanced.png
0a4e1a29ffff,0,/Users/mrudangmrugeshshah/Documents/MATLAB/images_generated/0a4e1a29ffff_enhanced.png
0a61bddab956,1,/Users/mrudangmrugeshshah/Documents/MATLAB/images_generated/0a61bddab956_enhanced.png
0a74c92e287c,0,/Users/mrudangmrugeshshah/Documents/MATLAB/images_generated/0a74c92e287c_enhanced.png
0a85a1e8f9e9,0,/Users/mrudangmrugeshshah/Documents/MATLAB/images_generated/0a85a1e8f9e9_enhanced.png
0a902c80d5da,0,/Users/mrudangmrugeshshah/Documents/MATLAB/images_generated/0a902c80d5da_enhanced.png
0a9ec1e99ce4,2,/Users/mrudangmrugeshshah/Documents/MATLAB/images_generated/0a9ec1e99ce4_enhanced.png
0abf0c485f66,0,/Users/mrudangmrugeshshah/Documents/MATLAB/images_generated/0abf0c485f66_enhanced.png
0ac436400db4,2,/Users/mrudangmrugeshshah/Documents/MATLAB/images_generated/0ac436400db4_enhanced.png
0ad7f631dedb,1,/Users/mrudangmrugeshshah/Documents/MATLAB/images_generated/0ad7f631dedb_enhanced.png
0ada12c0e78f,4,/Users/mrudangmrugeshshah/Documents/MATLAB/images_generated/0ada12c0e78f_enhanced.png
0ae2dd2e09ea,0,/Users/mrudangmrugeshshah/Documents/MATLAB/images_generated/0ae2dd2e09ea_enhanced.png
0af296d2f04a,2,/Users/mrudangmrugeshshah/Documents/MATLAB/images_generated/0af296d2f04a_enhanced.png
0afbeeef0ff7,0,/Users/mrudangmrugeshshah/Documents/MATLAB/images_generated/0afbeeef0ff7_enhanced.png
0afdfe5f422c,2,/Users/mrudangmrugeshshah/Documents/MATLAB/images_generated/0afdfe5f422c_enhanced.png
0b00f8a77510,0,/Users/mrudangmrugeshshah/Documents/MATLAB/images_generated/0b00f8a77510_enhanced.png
0b2ea8f268cf,0,/Users/mrudangmrugeshshah/Documents/MATLAB/images_generated/0b2ea8f268cf_enhanced.png
0b3efe669365,0,/Users/mrudangmrugeshshah/Documents/MATLAB/images_generated/0b3efe669365_enhanced.png
0b64a0a06f9a,0,/Users/mrudangmrugeshshah/Documents/MATLAB/images_generated/0b64a0a06f9a_enhanced.png
0b8bdec9d869,0,/Users/mrudangmrugeshshah/Documents/MATLAB/images_generated/0b8bdec9d869_enhanced.png
0babc12807b2,0,/Users/mrudangmrugeshshah/Documents/MATLAB/images_generated/0babc12807b2_enhanced.png
0bf37ca3156a,4,/Users/mrudangmrugeshshah/Documents/MATLAB/images_generated/0bf37ca3156a_enhanced.png
0c2e2369dfff,2,/Users/mrudangmrugeshshah/Documents/MATLAB/images_generated/0c2e2369dfff_enhanced.png
0c38940e1f80,0,/Users/mrudangmrugeshshah/Documents/MATLAB/images_generated/0c38940e1f80_enhanced.png
0c43c79e8cfb,0,/Users/mrudangmrugeshshah/Documents/MATLAB/images_generated/0c43c79e8cfb_enhanced.png
0c55d58bebaf,2,/Users/mrudangmrugeshshah/Documents/MATLAB/images_generated/0c55d58bebaf_enhanced.png
0c76fd494af6,2,/Users/mrudangmrugeshshah/Documents/MATLAB/images_generated/0c76fd494af6_enhanced.png
0c7e82daf5a0,2,/Users/mrudangmrugeshshah/Documents/MATLAB/images_generated/0c7e82daf5a0_enhanced.png
0c917c372572,3,/Users/mrudangmrugeshshah/Documents/MATLAB/images_generated/0c917c372572_enhanced.png
0ca0aee4d57e,2,/Users/mrudangmrugeshshah/Documents/MATLAB/images_generated/0ca0aee4d57e_enhanced.png
0cae727cf119,0,/Users/mrudangmrugeshshah/Documents/MATLAB/images_generated/0cae727cf119_enhanced.png
0cb14014117d,3,/Users/mrudangmrugeshshah/Documents/MATLAB/images_generated/0cb14014117d_enhanced.png
0cb6b898389f,0,/Users/mrudangmrugeshshah/Documents/MATLAB/images_generated/0cb6b898389f_enhanced.png
0cbcc7b23613,0,/Users/mrudangmrugeshshah/Documents/MATLAB/images_generated/0cbcc7b23613_enhanced.png
0cd31078cd08,0,/Users/mrudangmrugeshshah/Documents/MATLAB/images_generated/0cd31078cd08_enhanced.png
0ce062f26edc,0,/Users/mrudangmrugeshshah/Documents/MATLAB/images_generated/0ce062f26edc_enhanced.png
0ceb222f6629,4,/Users/mrudangmrugeshshah/Documents/MATLAB/images_generated/0ceb222f6629_enhanced.png
0cecc2864b7f,0,/Users/mrudangmrugeshshah/Documents/MATLAB/images_generated/0cecc2864b7f_enhanced.png
0d0a21fd354f,2,/Users/mrudangmrugeshshah/Documents/MATLAB/images_generated/0d0a21fd354f_enhanced.png
0d0b8fc9ab5c,0,/Users/mrudangmrugeshshah/Documents/MATLAB/images_generated/0d0b8fc9ab5c_enhanced.png
0d310aba6373,1,/Users/mrudangmrugeshshah/Documents/MATLAB/images_generated/0d310aba6373_enhanced.png
0d744aed4d64,0,/Users/mrudangmrugeshshah/Documents/MATLAB/images_generated/0d744aed4d64_enhanced.png
0d8f60ed9280,0,/Users/mrudangmrugeshshah/Documents/MATLAB/images_generated/0d8f60ed9280_enhanced.png
0d9a9896f801,0,/Users/mrudangmrugeshshah/Documents/MATLAB/images_generated/0d9a9896f801_enhanced.png
0da09e3ce8f1,2,/Users/mrudangmrugeshshah/Documents/MATLAB/images_generated/0da09e3ce8f1_enhanced.png
0da321efbce6,0,/Users/mrudangmrugeshshah/Documents/MATLAB/images_generated/0da321efbce6_enhanced.png
0da632ca45e0,0,/Users/mrudangmrugeshshah/Documents/MATLAB/images_generated/0da632ca45e0_enhanced.png
0daddc45d832,0,/Users/mrudangmrugeshshah/Documents/MATLAB/images_generated/0daddc45d832_enhanced.png
0db1d8dcf219,0,/Users/mrudangmrugeshshah/Documents/MATLAB/images_generated/0db1d8dcf219_enhanced.png
0dbaa09a458c,2,/Users/mrudangmrugeshshah/Documents/MATLAB/images_generated/0dbaa09a458c_enhanced.png
0dbe6c26cedc,0,/Users/mrudangmrugeshshah/Documents/MATLAB/images_generated/0dbe6c26cedc_enhanced.png
0dc031c94225,1,/Users/mrudangmrugeshshah/Documents/MATLAB/images_generated/0dc031c94225_enhanced.png
0dc8d25b3f69,3,/Users/mrudangmrugeshshah/Documents/MATLAB/images_generated/0dc8d25b3f69_enhanced.png
0dce95217626,1,/Users/mrudangmrugeshshah/Documents/MATLAB/images_generated/0dce95217626_enhanced.png
0e0003ddd8df,0,/Users/mrudangmrugeshshah/Documents/MATLAB/images_generated/0e0003ddd8df_enhanced.png
0e0fc1d9810c,4,/Users/mrudangmrugeshshah/Documents/MATLAB/images_generated/0e0fc1d9810c_enhanced.png
0e3572b5884a,0,/Users/mrudangmrugeshshah/Documents/MATLAB/images_generated/0e3572b5884a_enhanced.png
0e43c8298fc0,0,/Users/mrudangmrugeshshah/Documents/MATLAB/images_generated/0e43c8298fc0_enhanced.png
0e75d51152fc,2,/Users/mrudangmrugeshshah/Documents/MATLAB/images_generated/0e75d51152fc_enhanced.png
0e82bcacc475,4,/Users/mrudangmrugeshshah/Documents/MATLAB/images_generated/0e82bcacc475_enhanced.png
0e94cd271c00,0,/Users/mrudangmrugeshshah/Documents/MATLAB/images_generated/0e94cd271c00_enhanced.png
0eb52045349f,1,/Users/mrudangmrugeshshah/Documents/MATLAB/images_generated/0eb52045349f_enhanced.png
0eced86c9db8,0,/Users/mrudangmrugeshshah/Documents/MATLAB/images_generated/0eced86c9db8_enhanced.png
0edadb2aa127,3,/Users/mrudangmrugeshshah/Documents/MATLAB/images_generated/0edadb2aa127_enhanced.png
0ef4c61dc056,0,/Users/mrudangmrugeshshah/Documents/MATLAB/images_generated/0ef4c61dc056_enhanced.png
0efc93ec838b,2,/Users/mrudangmrugeshshah/Documents/MATLAB/images_generated/0efc93ec838b_enhanced.png
0eff8eacb2f7,2,/Users/mrudangmrugeshshah/Documents/MATLAB/images_generated/0eff8eacb2f7_enhanced.png
0f364b7d4384,0,/Users/mrudangmrugeshshah/Documents/MATLAB/images_generated/0f364b7d4384_enhanced.png
0f495d87656a,1,/Users/mrudangmrugeshshah/Documents/MATLAB/images_generated/0f495d87656a_enhanced.png
0f6e645466a2,0,/Users/mrudangmrugeshshah/Documents/MATLAB/images_generated/0f6e645466a2_enhanced.png
0f882877bf13,3,/Users/mrudangmrugeshshah/Documents/MATLAB/images_generated/0f882877bf13_enhanced.png
0f96c358a250,3,/Users/mrudangmrugeshshah/Documents/MATLAB/images_generated/0f96c358a250_enhanced.png
0fb1053285cf,1,/Users/mrudangmrugeshshah/Documents/MATLAB/images_generated/0fb1053285cf_enhanced.png
0fb560f9adb2,2,/Users/mrudangmrugeshshah/Documents/MATLAB/images_generated/0fb560f9adb2_enhanced.png
0fbbd665431f,0,/Users/mrudangmrugeshshah/Documents/MATLAB/images_generated/0fbbd665431f_enhanced.png
0fc6829da85b,0,/Users/mrudangmrugeshshah/Documents/MATLAB/images_generated/0fc6829da85b_enhanced.png
0fcfc6301f3d,2,/Users/mrudangmrugeshshah/Documents/MATLAB/images_generated/0fcfc6301f3d_enhanced.png
0fd16b64697e,2,/Users/mrudangmrugeshshah/Documents/MATLAB/images_generated/0fd16b64697e_enhanced.png
0fe31196e0e8,0,/Users/mrudangmrugeshshah/Documents/MATLAB/images_generated/0fe31196e0e8_enhanced.png
0fffa73e2402,2,/Users/mrudangmrugeshshah/Documents/MATLAB/images_generated/0fffa73e2402_enhanced.png
1002b5151b8e,0,/Users/mrudangmrugeshshah/Documents/MATLAB/images_generated/1002b5151b8e_enhanced.png
1002f3fe38f0,0,/Users/mrudangmrugeshshah/Documents/MATLAB/images_generated/1002f3fe38f0_enhanced.png
1006345f70b7,2,/Users/mrudangmrugeshshah/Documents/MATLAB/images_generated/1006345f70b7_enhanced.png
101b9ebfc720,1,/Users/mrudangmrugeshshah/Documents/MATLAB/images_generated/101b9ebfc720_enhanced.png
103abbd8b63e,0,/Users/mrudangmrugeshshah/Documents/MATLAB/images_generated/103abbd8b63e_enhanced.png
103f97a2ab15,0,/Users/mrudangmrugeshshah/Documents/MATLAB/images_generated/103f97a2ab15_enhanced.png
107aea0d9289,1,/Users/mrudangmrugeshshah/Documents/MATLAB/images_generated/107aea0d9289_enhanced.png
10a5026eb8e6,0,/Users/mrudangmrugeshshah/Documents/MATLAB/images_generated/10a5026eb8e6_enhanced.png
10bf25731c08,0,/Users/mrudangmrugeshshah/Documents/MATLAB/images_generated/10bf25731c08_enhanced.png
10de500cf0c5,0,/Users/mrudangmrugeshshah/Documents/MATLAB/images_generated/10de500cf0c5_enhanced.png
10ecc5292ab1,2,/Users/mrudangmrugeshshah/Documents/MATLAB/images_generated/10ecc5292ab1_enhanced.png
10eefba568dd,2,/Users/mrudangmrugeshshah/Documents/MATLAB/images_generated/10eefba568dd_enhanced.png
10f10fd30718,0,/Users/mrudangmrugeshshah/Documents/MATLAB/images_generated/10f10fd30718_enhanced.png
10f36b0239fb,1,/Users/mrudangmrugeshshah/Documents/MATLAB/images_generated/10f36b0239fb_enhanced.png
10f6ef37fe43,0,/Users/mrudangmrugeshshah/Documents/MATLAB/images_generated/10f6ef37fe43_enhanced.png
10fca1abf338,4,/Users/mrudangmrugeshshah/Documents/MATLAB/images_generated/10fca1abf338_enhanced.png
1116271db4ea,1,/Users/mrudangmrugeshshah/Documents/MATLAB/images_generated/1116271db4ea_enhanced.png
111898ab463d,1,/Users/mrudangmrugeshshah/Documents/MATLAB/images_generated/111898ab463d_enhanced.png
1120f6d08d95,2,/Users/mrudangmrugeshshah/Documents/MATLAB/images_generated/1120f6d08d95_enhanced.png
11242a67122d,4,/Users/mrudangmrugeshshah/Documents/MATLAB/images_generated/11242a67122d_enhanced.png
1124ffcd76c2,2,/Users/mrudangmrugeshshah/Documents/MATLAB/images_generated/1124ffcd76c2_enhanced.png
115e42dd6a81,2,/Users/mrudangmrugeshshah/Documents/MATLAB/images_generated/115e42dd6a81_enhanced.png
1177d583c807,2,/Users/mrudangmrugeshshah/Documents/MATLAB/images_generated/1177d583c807_enhanced.png
11b220a397b8,0,/Users/mrudangmrugeshshah/Documents/MATLAB/images_generated/11b220a397b8_enhanced.png
11b5c77fbf79,2,/Users/mrudangmrugeshshah/Documents/MATLAB/images_generated/11b5c77fbf79_enhanced.png
11d8e5eaee5b,0,/Users/mrudangmrugeshshah/Documents/MATLAB/images_generated/11d8e5eaee5b_enhanced.png
12025b34deb8,2,/Users/mrudangmrugeshshah/Documents/MATLAB/images_generated/12025b34deb8_enhanced.png
12058bbb8299,0,/Users/mrudangmrugeshshah/Documents/MATLAB/images_generated/12058bbb8299_enhanced.png
1269ab57c2e6,2,/Users/mrudangmrugeshshah/Documents/MATLAB/images_generated/1269ab57c2e6_enhanced.png
12a82fc7d73e,2,/Users/mrudangmrugeshshah/Documents/MATLAB/images_generated/12a82fc7d73e_enhanced.png
12ab2f6397f0,0,/Users/mrudangmrugeshshah/Documents/MATLAB/images_generated/12ab2f6397f0_enhanced.png
12ae44be0d38,0,/Users/mrudangmrugeshshah/Documents/MATLAB/images_generated/12ae44be0d38_enhanced.png
12b57dac703e,0,/Users/mrudangmrugeshshah/Documents/MATLAB/images_generated/12b57dac703e_enhanced.png
12bc439d373a,0,/Users/mrudangmrugeshshah/Documents/MATLAB/images_generated/12bc439d373a_enhanced.png
12ce6a1a1f31,1,/Users/mrudangmrugeshshah/Documents/MATLAB/images_generated/12ce6a1a1f31_enhanced.png
12e3f5f2cb17,1,/Users/mrudangmrugeshshah/Documents/MATLAB/images_generated/12e3f5f2cb17_enhanced.png
12e6e66c80a7,2,/Users/mrudangmrugeshshah/Documents/MATLAB/images_generated/12e6e66c80a7_enhanced.png
12ef75375322,0,/Users/mrudangmrugeshshah/Documents/MATLAB/images_generated/12ef75375322_enhanced.png
13063d1bc4ea,2,/Users/mrudangmrugeshshah/Documents/MATLAB/images_generated/13063d1bc4ea_enhanced.png
13073f075a56,0,/Users/mrudangmrugeshshah/Documents/MATLAB/images_generated/13073f075a56_enhanced.png
135575dc57c9,2,/Users/mrudangmrugeshshah/Documents/MATLAB/images_generated/135575dc57c9_enhanced.png
13ab8db8c700,1,/Users/mrudangmrugeshshah/Documents/MATLAB/images_generated/13ab8db8c700_enhanced.png
13c191b59ed0,0,/Users/mrudangmrugeshshah/Documents/MATLAB/images_generated/13c191b59ed0_enhanced.png
13d014ccd136,0,/Users/mrudangmrugeshshah/Documents/MATLAB/images_generated/13d014ccd136_enhanced.png
13d411c85ffd,0,/Users/mrudangmrugeshshah/Documents/MATLAB/images_generated/13d411c85ffd_enhanced.png
13d71389563f,2,/Users/mrudangmrugeshshah/Documents/MATLAB/images_generated/13d71389563f_enhanced.png
1409ab48175a,0,/Users/mrudangmrugeshshah/Documents/MATLAB/images_generated/1409ab48175a_enhanced.png
1411c8ab7161,2,/Users/mrudangmrugeshshah/Documents/MATLAB/images_generated/1411c8ab7161_enhanced.png
1414128bead0,2,/Users/mrudangmrugeshshah/Documents/MATLAB/images_generated/1414128bead0_enhanced.png
141735b57ec0,2,/Users/mrudangmrugeshshah/Documents/MATLAB/images_generated/141735b57ec0_enhanced.png
1438288bb2e1,2,/Users/mrudangmrugeshshah/Documents/MATLAB/images_generated/1438288bb2e1_enhanced.png
143db89c11c8,0,/Users/mrudangmrugeshshah/Documents/MATLAB/images_generated/143db89c11c8_enhanced.png
144a1a426137,2,/Users/mrudangmrugeshshah/Documents/MATLAB/images_generated/144a1a426137_enhanced.png
144b01e7b993,2,/Users/mrudangmrugeshshah/Documents/MATLAB/images_generated/144b01e7b993_enhanced.png
14515b8f19b6,2,/Users/mrudangmrugeshshah/Documents/MATLAB/images_generated/14515b8f19b6_enhanced.png
14c3b41d289c,0,/Users/mrudangmrugeshshah/Documents/MATLAB/images_generated/14c3b41d289c_enhanced.png
14e3f84445f7,3,/Users/mrudangmrugeshshah/Documents/MATLAB/images_generated/14e3f84445f7_enhanced.png
14ee87d6cc42,2,/Users/mrudangmrugeshshah/Documents/MATLAB/images_generated/14ee87d6cc42_enhanced.png
1509d097b69a,0,/Users/mrudangmrugeshshah/Documents/MATLAB/images_generated/1509d097b69a_enhanced.png
150f92b45349,0,/Users/mrudangmrugeshshah/Documents/MATLAB/images_generated/150f92b45349_enhanced.png
150fc7127582,0,/Users/mrudangmrugeshshah/Documents/MATLAB/images_generated/150fc7127582_enhanced.png
152db3de8120,0,/Users/mrudangmrugeshshah/Documents/MATLAB/images_generated/152db3de8120_enhanced.png
1541226c5d72,2,/Users/mrudangmrugeshshah/Documents/MATLAB/images_generated/1541226c5d72_enhanced.png
15528e740543,2,/Users/mrudangmrugeshshah/Documents/MATLAB/images_generated/15528e740543_enhanced.png
155e2df6bfcf,0,/Users/mrudangmrugeshshah/Documents/MATLAB/images_generated/155e2df6bfcf_enhanced.png
157d17349cc6,2,/Users/mrudangmrugeshshah/Documents/MATLAB/images_generated/157d17349cc6_enhanced.png
1594ca6c30d3,2,/Users/mrudangmrugeshshah/Documents/MATLAB/images_generated/1594ca6c30d3_enhanced.png
15b21c80cc31,0,/Users/mrudangmrugeshshah/Documents/MATLAB/images_generated/15b21c80cc31_enhanced.png
15bed5adde74,3,/Users/mrudangmrugeshshah/Documents/MATLAB/images_generated/15bed5adde74_enhanced.png
15c24478ac72,0,/Users/mrudangmrugeshshah/Documents/MATLAB/images_generated/15c24478ac72_enhanced.png
15cc2aef772a,1,/Users/mrudangmrugeshshah/Documents/MATLAB/images_generated/15cc2aef772a_enhanced.png
15cd5f52d300,2,/Users/mrudangmrugeshshah/Documents/MATLAB/images_generated/15cd5f52d300_enhanced.png
15e24b73d4a7,0,/Users/mrudangmrugeshshah/Documents/MATLAB/images_generated/15e24b73d4a7_enhanced.png
15e96e848b46,4,/Users/mrudangmrugeshshah/Documents/MATLAB/images_generated/15e96e848b46_enhanced.png
15f440753916,3,/Users/mrudangmrugeshshah/Documents/MATLAB/images_generated/15f440753916_enhanced.png
15f8d769935c,0,/Users/mrudangmrugeshshah/Documents/MATLAB/images_generated/15f8d769935c_enhanced.png
1601c939412f,0,/Users/mrudangmrugeshshah/Documents/MATLAB/images_generated/1601c939412f_enhanced.png
16060f05d047,0,/Users/mrudangmrugeshshah/Documents/MATLAB/images_generated/16060f05d047_enhanced.png
1608c82a263f,0,/Users/mrudangmrugeshshah/Documents/MATLAB/images_generated/1608c82a263f_enhanced.png
1623e8e3adc4,3,/Users/mrudangmrugeshshah/Documents/MATLAB/images_generated/1623e8e3adc4_enhanced.png
1632c4311fc9,2,/Users/mrudangmrugeshshah/Documents/MATLAB/images_generated/1632c4311fc9_enhanced.png
1633f8291a80,0,/Users/mrudangmrugeshshah/Documents/MATLAB/images_generated/1633f8291a80_enhanced.png
1638404f385c,4,/Users/mrudangmrugeshshah/Documents/MATLAB/images_generated/1638404f385c_enhanced.png
164cd5a3a6cd,0,/Users/mrudangmrugeshshah/Documents/MATLAB/images_generated/164cd5a3a6cd_enhanced.png
165634a6167e,0,/Users/mrudangmrugeshshah/Documents/MATLAB/images_generated/165634a6167e_enhanced.png
165c548185f8,0,/Users/mrudangmrugeshshah/Documents/MATLAB/images_generated/165c548185f8_enhanced.png
165cd2070ebd,4,/Users/mrudangmrugeshshah/Documents/MATLAB/images_generated/165cd2070ebd_enhanced.png
166068a24416,3,/Users/mrudangmrugeshshah/Documents/MATLAB/images_generated/166068a24416_enhanced.png
16ce555748d8,4,/Users/mrudangmrugeshshah/Documents/MATLAB/images_generated/16ce555748d8_enhanced.png
17188c13e635,2,/Users/mrudangmrugeshshah/Documents/MATLAB/images_generated/17188c13e635_enhanced.png
172df1330a60,1,/Users/mrudangmrugeshshah/Documents/MATLAB/images_generated/172df1330a60_enhanced.png
174db0854291,0,/Users/mrudangmrugeshshah/Documents/MATLAB/images_generated/174db0854291_enhanced.png
175dd560810a,2,/Users/mrudangmrugeshshah/Documents/MATLAB/images_generated/175dd560810a_enhanced.png
1782142e17d9,0,/Users/mrudangmrugeshshah/Documents/MATLAB/images_generated/1782142e17d9_enhanced.png
178412895d5e,0,/Users/mrudangmrugeshshah/Documents/MATLAB/images_generated/178412895d5e_enhanced.png
17d7d6b092f4,0,/Users/mrudangmrugeshshah/Documents/MATLAB/images_generated/17d7d6b092f4_enhanced.png
17d997fe1090,0,/Users/mrudangmrugeshshah/Documents/MATLAB/images_generated/17d997fe1090_enhanced.png
17e6116b89b3,0,/Users/mrudangmrugeshshah/Documents/MATLAB/images_generated/17e6116b89b3_enhanced.png
17eb5d4ad740,2,/Users/mrudangmrugeshshah/Documents/MATLAB/images_generated/17eb5d4ad740_enhanced.png
17eff993386f,1,/Users/mrudangmrugeshshah/Documents/MATLAB/images_generated/17eff993386f_enhanced.png
17f6c7072f61,0,/Users/mrudangmrugeshshah/Documents/MATLAB/images_generated/17f6c7072f61_enhanced.png
180afe1d5ef7,2,/Users/mrudangmrugeshshah/Documents/MATLAB/images_generated/180afe1d5ef7_enhanced.png
18323d8f2470,2,/Users/mrudangmrugeshshah/Documents/MATLAB/images_generated/18323d8f2470_enhanced.png
1844a039b4ea,2,/Users/mrudangmrugeshshah/Documents/MATLAB/images_generated/1844a039b4ea_enhanced.png
184a185e7447,0,/Users/mrudangmrugeshshah/Documents/MATLAB/images_generated/184a185e7447_enhanced.png
18621b9ca978,0,/Users/mrudangmrugeshshah/Documents/MATLAB/images_generated/18621b9ca978_enhanced.png
1864d3411143,0,/Users/mrudangmrugeshshah/Documents/MATLAB/images_generated/1864d3411143_enhanced.png
186c1835eec5,0,/Users/mrudangmrugeshshah/Documents/MATLAB/images_generated/186c1835eec5_enhanced.png
187f6ccda87a,4,/Users/mrudangmrugeshshah/Documents/MATLAB/images_generated/187f6ccda87a_enhanced.png
188219f2d9c6,0,/Users/mrudangmrugeshshah/Documents/MATLAB/images_generated/188219f2d9c6_enhanced.png
188a9323be03,2,/Users/mrudangmrugeshshah/Documents/MATLAB/images_generated/188a9323be03_enhanced.png
1891698febce,0,/Users/mrudangmrugeshshah/Documents/MATLAB/images_generated/1891698febce_enhanced.png
189cbbc9e5e3,0,/Users/mrudangmrugeshshah/Documents/MATLAB/images_generated/189cbbc9e5e3_enhanced.png
18af532e7e1e,2,/Users/mrudangmrugeshshah/Documents/MATLAB/images_generated/18af532e7e1e_enhanced.png
18b06f56ab27,1,/Users/mrudangmrugeshshah/Documents/MATLAB/images_generated/18b06f56ab27_enhanced.png
18b7e34eab8f,0,/Users/mrudangmrugeshshah/Documents/MATLAB/images_generated/18b7e34eab8f_enhanced.png
18b99159a14f,0,/Users/mrudangmrugeshshah/Documents/MATLAB/images_generated/18b99159a14f_enhanced.png
18cde9649e90,0,/Users/mrudangmrugeshshah/Documents/MATLAB/images_generated/18cde9649e90_enhanced.png
18ce0cdc473d,0,/Users/mrudangmrugeshshah/Documents/MATLAB/images_generated/18ce0cdc473d_enhanced.png
18d8fdb140b7,2,/Users/mrudangmrugeshshah/Documents/MATLAB/images_generated/18d8fdb140b7_enhanced.png
18f1f979d30d,2,/Users/mrudangmrugeshshah/Documents/MATLAB/images_generated/18f1f979d30d_enhanced.png
190a309f2cc5,0,/Users/mrudangmrugeshshah/Documents/MATLAB/images_generated/190a309f2cc5_enhanced.png
19113e5f45ec,2,/Users/mrudangmrugeshshah/Documents/MATLAB/images_generated/19113e5f45ec_enhanced.png
191348830ddf,2,/Users/mrudangmrugeshshah/Documents/MATLAB/images_generated/191348830ddf_enhanced.png
191a711852bd,3,/Users/mrudangmrugeshshah/Documents/MATLAB/images_generated/191a711852bd_enhanced.png
191cf5668f33,0,/Users/mrudangmrugeshshah/Documents/MATLAB/images_generated/191cf5668f33_enhanced.png
19244004583f,3,/Users/mrudangmrugeshshah/Documents/MATLAB/images_generated/19244004583f_enhanced.png
1943983492e5,2,/Users/mrudangmrugeshshah/Documents/MATLAB/images_generated/1943983492e5_enhanced.png
194814669fee,1,/Users/mrudangmrugeshshah/Documents/MATLAB/images_generated/194814669fee_enhanced.png
19545647508e,0,/Users/mrudangmrugeshshah/Documents/MATLAB/images_generated/19545647508e_enhanced.png
1968183f0e61,2,/Users/mrudangmrugeshshah/Documents/MATLAB/images_generated/1968183f0e61_enhanced.png
196e6a186452,2,/Users/mrudangmrugeshshah/Documents/MATLAB/images_generated/196e6a186452_enhanced.png
19722bff5a09,1,/Users/mrudangmrugeshshah/Documents/MATLAB/images_generated/19722bff5a09_enhanced.png
197af0de76e2,0,/Users/mrudangmrugeshshah/Documents/MATLAB/images_generated/197af0de76e2_enhanced.png
19b0e3c734f5,0,/Users/mrudangmrugeshshah/Documents/MATLAB/images_generated/19b0e3c734f5_enhanced.png
19e350c7c83c,1,/Users/mrudangmrugeshshah/Documents/MATLAB/images_generated/19e350c7c83c_enhanced.png
19ef4d292196,4,/Users/mrudangmrugeshshah/Documents/MATLAB/images_generated/19ef4d292196_enhanced.png
1a03a7970337,1,/Users/mrudangmrugeshshah/Documents/MATLAB/images_generated/1a03a7970337_enhanced.png
1a0dbc6c0cda,0,/Users/mrudangmrugeshshah/Documents/MATLAB/images_generated/1a0dbc6c0cda_enhanced.png
1a19f2ef4472,0,/Users/mrudangmrugeshshah/Documents/MATLAB/images_generated/1a19f2ef4472_enhanced.png
1a1b4b2450ca,2,/Users/mrudangmrugeshshah/Documents/MATLAB/images_generated/1a1b4b2450ca_enhanced.png
1a1e974a7dbf,0,/Users/mrudangmrugeshshah/Documents/MATLAB/images_generated/1a1e974a7dbf_enhanced.png
1a369baf9ee6,2,/Users/mrudangmrugeshshah/Documents/MATLAB/images_generated/1a369baf9ee6_enhanced.png
1a7e3356b39c,4,/Users/mrudangmrugeshshah/Documents/MATLAB/images_generated/1a7e3356b39c_enhanced.png
1a90fad9ffa2,4,/Users/mrudangmrugeshshah/Documents/MATLAB/images_generated/1a90fad9ffa2_enhanced.png
1ab3f1c71a5f,3,/Users/mrudangmrugeshshah/Documents/MATLAB/images_generated/1ab3f1c71a5f_enhanced.png
1ab8d3431ffc,0,/Users/mrudangmrugeshshah/Documents/MATLAB/images_generated/1ab8d3431ffc_enhanced.png
1ade1e949383,2,/Users/mrudangmrugeshshah/Documents/MATLAB/images_generated/1ade1e949383_enhanced.png
1ae3c58759fb,0,/Users/mrudangmrugeshshah/Documents/MATLAB/images_generated/1ae3c58759fb_enhanced.png
1ae8c165fd53,2,/Users/mrudangmrugeshshah/Documents/MATLAB/images_generated/1ae8c165fd53_enhanced.png
1b329a127307,1,/Users/mrudangmrugeshshah/Documents/MATLAB/images_generated/1b329a127307_enhanced.png
1b32e1d775ea,4,/Users/mrudangmrugeshshah/Documents/MATLAB/images_generated/1b32e1d775ea_enhanced.png
1b3647865779,0,/Users/mrudangmrugeshshah/Documents/MATLAB/images_generated/1b3647865779_enhanced.png
1b398c0494d1,0,/Users/mrudangmrugeshshah/Documents/MATLAB/images_generated/1b398c0494d1_enhanced.png
1b4625877527,2,/Users/mrudangmrugeshshah/Documents/MATLAB/images_generated/1b4625877527_enhanced.png
1b495ac025b7,3,/Users/mrudangmrugeshshah/Documents/MATLAB/images_generated/1b495ac025b7_enhanced.png
1b862fb6f65d,0,/Users/mrudangmrugeshshah/Documents/MATLAB/images_generated/1b862fb6f65d_enhanced.png
1b8701231c8f,0,/Users/mrudangmrugeshshah/Documents/MATLAB/images_generated/1b8701231c8f_enhanced.png
1b8ad0afe9fb,2,/Users/mrudangmrugeshshah/Documents/MATLAB/images_generated/1b8ad0afe9fb_enhanced.png
1bb0ddfe753a,1,/Users/mrudangmrugeshshah/Documents/MATLAB/images_generated/1bb0ddfe753a_enhanced.png
1bea04b2bb2d,2,/Users/mrudangmrugeshshah/Documents/MATLAB/images_generated/1bea04b2bb2d_enhanced.png
1bf30c84bbad,4,/Users/mrudangmrugeshshah/Documents/MATLAB/images_generated/1bf30c84bbad_enhanced.png
1c0cf251b426,1,/Users/mrudangmrugeshshah/Documents/MATLAB/images_generated/1c0cf251b426_enhanced.png
1c0e5dd1b14c,2,/Users/mrudangmrugeshshah/Documents/MATLAB/images_generated/1c0e5dd1b14c_enhanced.png
1c13a1483f4a,0,/Users/mrudangmrugeshshah/Documents/MATLAB/images_generated/1c13a1483f4a_enhanced.png
1c3a6b4449e9,1,/Users/mrudangmrugeshshah/Documents/MATLAB/images_generated/1c3a6b4449e9_enhanced.png
1c47815f4a6b,0,/Users/mrudangmrugeshshah/Documents/MATLAB/images_generated/1c47815f4a6b_enhanced.png
1c4d87baaffc,2,/Users/mrudangmrugeshshah/Documents/MATLAB/images_generated/1c4d87baaffc_enhanced.png
1c4f3aa4df06,4,/Users/mrudangmrugeshshah/Documents/MATLAB/images_generated/1c4f3aa4df06_enhanced.png
1c578b72d7b3,2,/Users/mrudangmrugeshshah/Documents/MATLAB/images_generated/1c578b72d7b3_enhanced.png
1c5ad36fb799,2,/Users/mrudangmrugeshshah/Documents/MATLAB/images_generated/1c5ad36fb799_enhanced.png
1c5e6cdc7ee1,2,/Users/mrudangmrugeshshah/Documents/MATLAB/images_generated/1c5e6cdc7ee1_enhanced.png
1c6d119c3d70,2,/Users/mrudangmrugeshshah/Documents/MATLAB/images_generated/1c6d119c3d70_enhanced.png
1c7a013eeba7,0,/Users/mrudangmrugeshshah/Documents/MATLAB/images_generated/1c7a013eeba7_enhanced.png
1c9521878baf,3,/Users/mrudangmrugeshshah/Documents/MATLAB/images_generated/1c9521878baf_enhanced.png
1c9c583c10bf,0,/Users/mrudangmrugeshshah/Documents/MATLAB/images_generated/1c9c583c10bf_enhanced.png
1ca35d483772,0,/Users/mrudangmrugeshshah/Documents/MATLAB/images_generated/1ca35d483772_enhanced.png
1ca62b3e4fd3,0,/Users/mrudangmrugeshshah/Documents/MATLAB/images_generated/1ca62b3e4fd3_enhanced.png
1ca91751be4d,0,/Users/mrudangmrugeshshah/Documents/MATLAB/images_generated/1ca91751be4d_enhanced.png
1caba2fb38f6,0,/Users/mrudangmrugeshshah/Documents/MATLAB/images_generated/1caba2fb38f6_enhanced.png
1cb6961d141c,0,/Users/mrudangmrugeshshah/Documents/MATLAB/images_generated/1cb6961d141c_enhanced.png
1cb814ed6332,2,/Users/mrudangmrugeshshah/Documents/MATLAB/images_generated/1cb814ed6332_enhanced.png
1cc58b15f466,0,/Users/mrudangmrugeshshah/Documents/MATLAB/images_generated/1cc58b15f466_enhanced.png
1d0b93317aa8,0,/Users/mrudangmrugeshshah/Documents/MATLAB/images_generated/1d0b93317aa8_enhanced.png
1d11794057ff,1,/Users/mrudangmrugeshshah/Documents/MATLAB/images_generated/1d11794057ff_enhanced.png
1d14dd912671,2,/Users/mrudangmrugeshshah/Documents/MATLAB/images_generated/1d14dd912671_enhanced.png
1d2472849dce,0,/Users/mrudangmrugeshshah/Documents/MATLAB/images_generated/1d2472849dce_enhanced.png
1d29cb2f4296,0,/Users/mrudangmrugeshshah/Documents/MATLAB/images_generated/1d29cb2f4296_enhanced.png
1d37f1c8b6d8,0,/Users/mrudangmrugeshshah/Documents/MATLAB/images_generated/1d37f1c8b6d8_enhanced.png
1d3e9b939732,0,/Users/mrudangmrugeshshah/Documents/MATLAB/images_generated/1d3e9b939732_enhanced.png
1d46f1326394,0,/Users/mrudangmrugeshshah/Documents/MATLAB/images_generated/1d46f1326394_enhanced.png
1d55e689cf84,2,/Users/mrudangmrugeshshah/Documents/MATLAB/images_generated/1d55e689cf84_enhanced.png
1d674e2e32e0,1,/Users/mrudangmrugeshshah/Documents/MATLAB/images_generated/1d674e2e32e0_enhanced.png
1d74c4713e21,0,/Users/mrudangmrugeshshah/Documents/MATLAB/images_generated/1d74c4713e21_enhanced.png
1da25637859b,2,/Users/mrudangmrugeshshah/Documents/MATLAB/images_generated/1da25637859b_enhanced.png
1da4a17c18c9,0,/Users/mrudangmrugeshshah/Documents/MATLAB/images_generated/1da4a17c18c9_enhanced.png
1db0393cdbc1,0,/Users/mrudangmrugeshshah/Documents/MATLAB/images_generated/1db0393cdbc1_enhanced.png
1db18bdd43aa,2,/Users/mrudangmrugeshshah/Documents/MATLAB/images_generated/1db18bdd43aa_enhanced.png
1db6bb46c102,0,/Users/mrudangmrugeshshah/Documents/MATLAB/images_generated/1db6bb46c102_enhanced.png
1dbdc32c17db,2,/Users/mrudangmrugeshshah/Documents/MATLAB/images_generated/1dbdc32c17db_enhanced.png
1dd9adcbfff4,2,/Users/mrudangmrugeshshah/Documents/MATLAB/images_generated/1dd9adcbfff4_enhanced.png
1df0431bfa73,0,/Users/mrudangmrugeshshah/Documents/MATLAB/images_generated/1df0431bfa73_enhanced.png
1df0a4c23c95,0,/Users/mrudangmrugeshshah/Documents/MATLAB/images_generated/1df0a4c23c95_enhanced.png
1df1530b9b8d,0,/Users/mrudangmrugeshshah/Documents/MATLAB/images_generated/1df1530b9b8d_enhanced.png
1df3e03a8f5f,1,/Users/mrudangmrugeshshah/Documents/MATLAB/images_generated/1df3e03a8f5f_enhanced.png
1dfbede13143,2,/Users/mrudangmrugeshshah/Documents/MATLAB/images_generated/1dfbede13143_enhanced.png
1dfe599d12a9,0,/Users/mrudangmrugeshshah/Documents/MATLAB/images_generated/1dfe599d12a9_enhanced.png
1e036f2e7095,0,/Users/mrudangmrugeshshah/Documents/MATLAB/images_generated/1e036f2e7095_enhanced.png
1e143fa3de57,2,/Users/mrudangmrugeshshah/Documents/MATLAB/images_generated/1e143fa3de57_enhanced.png
1e1fb019710d,2,/Users/mrudangmrugeshshah/Documents/MATLAB/images_generated/1e1fb019710d_enhanced.png
1e4650743fa2,2,/Users/mrudangmrugeshshah/Documents/MATLAB/images_generated/1e4650743fa2_enhanced.png
1e4b3b823b95,2,/Users/mrudangmrugeshshah/Documents/MATLAB/images_generated/1e4b3b823b95_enhanced.png
1e742358e0b9,0,/Users/mrudangmrugeshshah/Documents/MATLAB/images_generated/1e742358e0b9_enhanced.png
1e7ccd4a1c87,0,/Users/mrudangmrugeshshah/Documents/MATLAB/images_generated/1e7ccd4a1c87_enhanced.png
1e8a1fdee5b9,1,/Users/mrudangmrugeshshah/Documents/MATLAB/images_generated/1e8a1fdee5b9_enhanced.png
1e8c31e29dd3,0,/Users/mrudangmrugeshshah/Documents/MATLAB/images_generated/1e8c31e29dd3_enhanced.png
1e9224ccca95,4,/Users/mrudangmrugeshshah/Documents/MATLAB/images_generated/1e9224ccca95_enhanced.png
1ec95179cdfe,0,/Users/mrudangmrugeshshah/Documents/MATLAB/images_generated/1ec95179cdfe_enhanced.png
1ee1eb7943db,2,/Users/mrudangmrugeshshah/Documents/MATLAB/images_generated/1ee1eb7943db_enhanced.png
1ee355480567,0,/Users/mrudangmrugeshshah/Documents/MATLAB/images_generated/1ee355480567_enhanced.png
1eee55494271,0,/Users/mrudangmrugeshshah/Documents/MATLAB/images_generated/1eee55494271_enhanced.png
1efa5d443707,4,/Users/mrudangmrugeshshah/Documents/MATLAB/images_generated/1efa5d443707_enhanced.png
1f07dae3cadb,2,/Users/mrudangmrugeshshah/Documents/MATLAB/images_generated/1f07dae3cadb_enhanced.png
1f0e223b8055,2,/Users/mrudangmrugeshshah/Documents/MATLAB/images_generated/1f0e223b8055_enhanced.png
1f15ca672675,0,/Users/mrudangmrugeshshah/Documents/MATLAB/images_generated/1f15ca672675_enhanced.png
1f31701dd61b,0,/Users/mrudangmrugeshshah/Documents/MATLAB/images_generated/1f31701dd61b_enhanced.png
1f3f32efaf20,0,/Users/mrudangmrugeshshah/Documents/MATLAB/images_generated/1f3f32efaf20_enhanced.png
1f4bf8e28b41,2,/Users/mrudangmrugeshshah/Documents/MATLAB/images_generated/1f4bf8e28b41_enhanced.png
1f4fb37e0854,0,/Users/mrudangmrugeshshah/Documents/MATLAB/images_generated/1f4fb37e0854_enhanced.png
1f543a86c4d4,2,/Users/mrudangmrugeshshah/Documents/MATLAB/images_generated/1f543a86c4d4_enhanced.png
1f5496352859,0,/Users/mrudangmrugeshshah/Documents/MATLAB/images_generated/1f5496352859_enhanced.png
1f63d44d9e3c,2,/Users/mrudangmrugeshshah/Documents/MATLAB/images_generated/1f63d44d9e3c_enhanced.png
1f9ccda4ddf2,0,/Users/mrudangmrugeshshah/Documents/MATLAB/images_generated/1f9ccda4ddf2_enhanced.png
1faf8664816c,0,/Users/mrudangmrugeshshah/Documents/MATLAB/images_generated/1faf8664816c_enhanced.png
1fb455685328,0,/Users/mrudangmrugeshshah/Documents/MATLAB/images_generated/1fb455685328_enhanced.png
1fd5d860d4d7,4,/Users/mrudangmrugeshshah/Documents/MATLAB/images_generated/1fd5d860d4d7_enhanced.png
1fddd7c98fd2,0,/Users/mrudangmrugeshshah/Documents/MATLAB/images_generated/1fddd7c98fd2_enhanced.png
1ffaa51a6245,2,/Users/mrudangmrugeshshah/Documents/MATLAB/images_generated/1ffaa51a6245_enhanced.png
200d947f75db,1,/Users/mrudangmrugeshshah/Documents/MATLAB/images_generated/200d947f75db_enhanced.png
2017cd92c63d,4,/Users/mrudangmrugeshshah/Documents/MATLAB/images_generated/2017cd92c63d_enhanced.png
201f6e10c108,0,/Users/mrudangmrugeshshah/Documents/MATLAB/images_generated/201f6e10c108_enhanced.png
201f882365d3,0,/Users/mrudangmrugeshshah/Documents/MATLAB/images_generated/201f882365d3_enhanced.png
203275daf46d,2,/Users/mrudangmrugeshshah/Documents/MATLAB/images_generated/203275daf46d_enhanced.png
20404ec7b518,2,/Users/mrudangmrugeshshah/Documents/MATLAB/images_generated/20404ec7b518_enhanced.png
20688cb25704,2,/Users/mrudangmrugeshshah/Documents/MATLAB/images_generated/20688cb25704_enhanced.png
207a580de0ea,2,/Users/mrudangmrugeshshah/Documents/MATLAB/images_generated/207a580de0ea_enhanced.png
207dd0487264,0,/Users/mrudangmrugeshshah/Documents/MATLAB/images_generated/207dd0487264_enhanced.png
20c883d3bd38,2,/Users/mrudangmrugeshshah/Documents/MATLAB/images_generated/20c883d3bd38_enhanced.png
20d5fdd450ae,4,/Users/mrudangmrugeshshah/Documents/MATLAB/images_generated/20d5fdd450ae_enhanced.png
20f86e068276,0,/Users/mrudangmrugeshshah/Documents/MATLAB/images_generated/20f86e068276_enhanced.png
21037f5c7790,0,/Users/mrudangmrugeshshah/Documents/MATLAB/images_generated/21037f5c7790_enhanced.png
210bfe0127c6,0,/Users/mrudangmrugeshshah/Documents/MATLAB/images_generated/210bfe0127c6_enhanced.png
211518c46162,4,/Users/mrudangmrugeshshah/Documents/MATLAB/images_generated/211518c46162_enhanced.png
2131aa3a1e6f,2,/Users/mrudangmrugeshshah/Documents/MATLAB/images_generated/2131aa3a1e6f_enhanced.png
215d2b7c3fde,0,/Users/mrudangmrugeshshah/Documents/MATLAB/images_generated/215d2b7c3fde_enhanced.png
217dad18a5ed,2,/Users/mrudangmrugeshshah/Documents/MATLAB/images_generated/217dad18a5ed_enhanced.png
218c822a3dd9,0,/Users/mrudangmrugeshshah/Documents/MATLAB/images_generated/218c822a3dd9_enhanced.png
21abd36095a1,4,/Users/mrudangmrugeshshah/Documents/MATLAB/images_generated/21abd36095a1_enhanced.png
21d18b022429,4,/Users/mrudangmrugeshshah/Documents/MATLAB/images_generated/21d18b022429_enhanced.png
22098b1fe461,1,/Users/mrudangmrugeshshah/Documents/MATLAB/images_generated/22098b1fe461_enhanced.png
2209daf71aab,0,/Users/mrudangmrugeshshah/Documents/MATLAB/images_generated/2209daf71aab_enhanced.png
2221cf5c7935,0,/Users/mrudangmrugeshshah/Documents/MATLAB/images_generated/2221cf5c7935_enhanced.png
222d0ac042b4,2,/Users/mrudangmrugeshshah/Documents/MATLAB/images_generated/222d0ac042b4_enhanced.png
222f3ee3a1e8,4,/Users/mrudangmrugeshshah/Documents/MATLAB/images_generated/222f3ee3a1e8_enhanced.png
22325552a4e3,1,/Users/mrudangmrugeshshah/Documents/MATLAB/images_generated/22325552a4e3_enhanced.png
2241b7e90782,2,/Users/mrudangmrugeshshah/Documents/MATLAB/images_generated/2241b7e90782_enhanced.png
22449af52060,0,/Users/mrudangmrugeshshah/Documents/MATLAB/images_generated/22449af52060_enhanced.png
224bb938e2dd,2,/Users/mrudangmrugeshshah/Documents/MATLAB/images_generated/224bb938e2dd_enhanced.png
224c14366e11,0,/Users/mrudangmrugeshshah/Documents/MATLAB/images_generated/224c14366e11_enhanced.png
226c6ceb9185,0,/Users/mrudangmrugeshshah/Documents/MATLAB/images_generated/226c6ceb9185_enhanced.png
22895c89792f,4,/Users/mrudangmrugeshshah/Documents/MATLAB/images_generated/22895c89792f_enhanced.png
22a6da005395,1,/Users/mrudangmrugeshshah/Documents/MATLAB/images_generated/22a6da005395_enhanced.png
22ce8ef69357,2,/Users/mrudangmrugeshshah/Documents/MATLAB/images_generated/22ce8ef69357_enhanced.png
22d843b2bbd1,0,/Users/mrudangmrugeshshah/Documents/MATLAB/images_generated/22d843b2bbd1_enhanced.png
23148a40ecb0,2,/Users/mrudangmrugeshshah/Documents/MATLAB/images_generated/23148a40ecb0_enhanced.png
23175b7ef453,2,/Users/mrudangmrugeshshah/Documents/MATLAB/images_generated/23175b7ef453_enhanced.png
232549883508,2,/Users/mrudangmrugeshshah/Documents/MATLAB/images_generated/232549883508_enhanced.png
233d948e2544,0,/Users/mrudangmrugeshshah/Documents/MATLAB/images_generated/233d948e2544_enhanced.png
234399352d36,2,/Users/mrudangmrugeshshah/Documents/MATLAB/images_generated/234399352d36_enhanced.png
236f56771ec6,2,/Users/mrudangmrugeshshah/Documents/MATLAB/images_generated/236f56771ec6_enhanced.png
2376e5415458,2,/Users/mrudangmrugeshshah/Documents/MATLAB/images_generated/2376e5415458_enhanced.png
237aa50edc34,0,/Users/mrudangmrugeshshah/Documents/MATLAB/images_generated/237aa50edc34_enhanced.png
237c078d00fc,3,/Users/mrudangmrugeshshah/Documents/MATLAB/images_generated/237c078d00fc_enhanced.png
2399d68d407f,0,/Users/mrudangmrugeshshah/Documents/MATLAB/images_generated/2399d68d407f_enhanced.png
239f2c348ea4,2,/Users/mrudangmrugeshshah/Documents/MATLAB/images_generated/239f2c348ea4_enhanced.png
23d7ca170bdb,2,/Users/mrudangmrugeshshah/Documents/MATLAB/images_generated/23d7ca170bdb_enhanced.png
23fca0693e2a,2,/Users/mrudangmrugeshshah/Documents/MATLAB/images_generated/23fca0693e2a_enhanced.png
2408799a09b2,0,/Users/mrudangmrugeshshah/Documents/MATLAB/images_generated/2408799a09b2_enhanced.png
240b25a7debe,0,/Users/mrudangmrugeshshah/Documents/MATLAB/images_generated/240b25a7debe_enhanced.png
242fc19be06f,0,/Users/mrudangmrugeshshah/Documents/MATLAB/images_generated/242fc19be06f_enhanced.png
2463bb04ebc3,2,/Users/mrudangmrugeshshah/Documents/MATLAB/images_generated/2463bb04ebc3_enhanced.png
246e4506824a,2,/Users/mrudangmrugeshshah/Documents/MATLAB/images_generated/246e4506824a_enhanced.png
247ac63e5510,4,/Users/mrudangmrugeshshah/Documents/MATLAB/images_generated/247ac63e5510_enhanced.png
247e98aba610,4,/Users/mrudangmrugeshshah/Documents/MATLAB/images_generated/247e98aba610_enhanced.png
248139c423c4,1,/Users/mrudangmrugeshshah/Documents/MATLAB/images_generated/248139c423c4_enhanced.png
248dec89b3a2,0,/Users/mrudangmrugeshshah/Documents/MATLAB/images_generated/248dec89b3a2_enhanced.png
24b87f744598,3,/Users/mrudangmrugeshshah/Documents/MATLAB/images_generated/24b87f744598_enhanced.png
24b943fe725e,1,/Users/mrudangmrugeshshah/Documents/MATLAB/images_generated/24b943fe725e_enhanced.png
24de56d433cd,0,/Users/mrudangmrugeshshah/Documents/MATLAB/images_generated/24de56d433cd_enhanced.png
24f271c87e73,0,/Users/mrudangmrugeshshah/Documents/MATLAB/images_generated/24f271c87e73_enhanced.png
24f3e70f0419,0,/Users/mrudangmrugeshshah/Documents/MATLAB/images_generated/24f3e70f0419_enhanced.png
25002fe43f92,2,/Users/mrudangmrugeshshah/Documents/MATLAB/images_generated/25002fe43f92_enhanced.png
252305189b3a,0,/Users/mrudangmrugeshshah/Documents/MATLAB/images_generated/252305189b3a_enhanced.png
2532613a584a,2,/Users/mrudangmrugeshshah/Documents/MATLAB/images_generated/2532613a584a_enhanced.png
253e96488cfb,0,/Users/mrudangmrugeshshah/Documents/MATLAB/images_generated/253e96488cfb_enhanced.png
254052cf3e48,4,/Users/mrudangmrugeshshah/Documents/MATLAB/images_generated/254052cf3e48_enhanced.png
2585bbc91909,0,/Users/mrudangmrugeshshah/Documents/MATLAB/images_generated/2585bbc91909_enhanced.png
259d30f693b6,1,/Users/mrudangmrugeshshah/Documents/MATLAB/images_generated/259d30f693b6_enhanced.png
25a0a1e41afd,0,/Users/mrudangmrugeshshah/Documents/MATLAB/images_generated/25a0a1e41afd_enhanced.png
25b0e72705a8,3,/Users/mrudangmrugeshshah/Documents/MATLAB/images_generated/25b0e72705a8_enhanced.png
25b4080f598b,0,/Users/mrudangmrugeshshah/Documents/MATLAB/images_generated/25b4080f598b_enhanced.png
25d069089c5e,4,/Users/mrudangmrugeshshah/Documents/MATLAB/images_generated/25d069089c5e_enhanced.png
25dc1b41ed9c,2,/Users/mrudangmrugeshshah/Documents/MATLAB/images_generated/25dc1b41ed9c_enhanced.png
25e9fd872182,1,/Users/mrudangmrugeshshah/Documents/MATLAB/images_generated/25e9fd872182_enhanced.png
2608e1dac5b1,2,/Users/mrudangmrugeshshah/Documents/MATLAB/images_generated/2608e1dac5b1_enhanced.png
260a455692b5,0,/Users/mrudangmrugeshshah/Documents/MATLAB/images_generated/260a455692b5_enhanced.png
261c6bd63bff,2,/Users/mrudangmrugeshshah/Documents/MATLAB/images_generated/261c6bd63bff_enhanced.png
2628305cbb29,4,/Users/mrudangmrugeshshah/Documents/MATLAB/images_generated/2628305cbb29_enhanced.png
262ad704319c,4,/Users/mrudangmrugeshshah/Documents/MATLAB/images_generated/262ad704319c_enhanced.png
263d8851e33b,0,/Users/mrudangmrugeshshah/Documents/MATLAB/images_generated/263d8851e33b_enhanced.png
26453eb7e989,2,/Users/mrudangmrugeshshah/Documents/MATLAB/images_generated/26453eb7e989_enhanced.png
26463a5fb949,4,/Users/mrudangmrugeshshah/Documents/MATLAB/images_generated/26463a5fb949_enhanced.png
2665f72e2dd3,3,/Users/mrudangmrugeshshah/Documents/MATLAB/images_generated/2665f72e2dd3_enhanced.png
266fbefa58fb,0,/Users/mrudangmrugeshshah/Documents/MATLAB/images_generated/266fbefa58fb_enhanced.png
2682e6da9050,0,/Users/mrudangmrugeshshah/Documents/MATLAB/images_generated/2682e6da9050_enhanced.png
26999ebc21de,2,/Users/mrudangmrugeshshah/Documents/MATLAB/images_generated/26999ebc21de_enhanced.png
269b44e628eb,3,/Users/mrudangmrugeshshah/Documents/MATLAB/images_generated/269b44e628eb_enhanced.png
269f0792f11f,2,/Users/mrudangmrugeshshah/Documents/MATLAB/images_generated/269f0792f11f_enhanced.png
26cd40b57ad1,0,/Users/mrudangmrugeshshah/Documents/MATLAB/images_generated/26cd40b57ad1_enhanced.png
26d60db3bbfd,0,/Users/mrudangmrugeshshah/Documents/MATLAB/images_generated/26d60db3bbfd_enhanced.png
26d9576e8043,0,/Users/mrudangmrugeshshah/Documents/MATLAB/images_generated/26d9576e8043_enhanced.png
26e231747848,2,/Users/mrudangmrugeshshah/Documents/MATLAB/images_generated/26e231747848_enhanced.png
26fc2358a38d,0,/Users/mrudangmrugeshshah/Documents/MATLAB/images_generated/26fc2358a38d_enhanced.png
2700754f71e9,2,/Users/mrudangmrugeshshah/Documents/MATLAB/images_generated/2700754f71e9_enhanced.png
272d9c043c81,2,/Users/mrudangmrugeshshah/Documents/MATLAB/images_generated/272d9c043c81_enhanced.png
2735be026d44,2,/Users/mrudangmrugeshshah/Documents/MATLAB/images_generated/2735be026d44_enhanced.png
274f4de2a59d,0,/Users/mrudangmrugeshshah/Documents/MATLAB/images_generated/274f4de2a59d_enhanced.png
274f5029189b,1,/Users/mrudangmrugeshshah/Documents/MATLAB/images_generated/274f5029189b_enhanced.png
276b14f72328,0,/Users/mrudangmrugeshshah/Documents/MATLAB/images_generated/276b14f72328_enhanced.png
2776d70724d3,2,/Users/mrudangmrugeshshah/Documents/MATLAB/images_generated/2776d70724d3_enhanced.png
278aa860dffd,1,/Users/mrudangmrugeshshah/Documents/MATLAB/images_generated/278aa860dffd_enhanced.png
27933cdbe0cc,0,/Users/mrudangmrugeshshah/Documents/MATLAB/images_generated/27933cdbe0cc_enhanced.png
27b68863349f,2,/Users/mrudangmrugeshshah/Documents/MATLAB/images_generated/27b68863349f_enhanced.png
27bab1432f61,2,/Users/mrudangmrugeshshah/Documents/MATLAB/images_generated/27bab1432f61_enhanced.png
27e2be850a99,4,/Users/mrudangmrugeshshah/Documents/MATLAB/images_generated/27e2be850a99_enhanced.png
27e4c800a449,1,/Users/mrudangmrugeshshah/Documents/MATLAB/images_generated/27e4c800a449_enhanced.png
27f82ada84ac,0,/Users/mrudangmrugeshshah/Documents/MATLAB/images_generated/27f82ada84ac_enhanced.png
27fca9f12b3c,2,/Users/mrudangmrugeshshah/Documents/MATLAB/images_generated/27fca9f12b3c_enhanced.png
281d7b7c7676,4,/Users/mrudangmrugeshshah/Documents/MATLAB/images_generated/281d7b7c7676_enhanced.png
2821998fc002,0,/Users/mrudangmrugeshshah/Documents/MATLAB/images_generated/2821998fc002_enhanced.png
282bc792d23a,2,/Users/mrudangmrugeshshah/Documents/MATLAB/images_generated/282bc792d23a_enhanced.png
283c3aeba594,0,/Users/mrudangmrugeshshah/Documents/MATLAB/images_generated/283c3aeba594_enhanced.png
28503940d10b,0,/Users/mrudangmrugeshshah/Documents/MATLAB/images_generated/28503940d10b_enhanced.png
286e9981dd9b,0,/Users/mrudangmrugeshshah/Documents/MATLAB/images_generated/286e9981dd9b_enhanced.png
28751f290ba3,0,/Users/mrudangmrugeshshah/Documents/MATLAB/images_generated/28751f290ba3_enhanced.png
28824d12d31d,2,/Users/mrudangmrugeshshah/Documents/MATLAB/images_generated/28824d12d31d_enhanced.png
289a47dcbb82,0,/Users/mrudangmrugeshshah/Documents/MATLAB/images_generated/289a47dcbb82_enhanced.png
28a4d00927b7,2,/Users/mrudangmrugeshshah/Documents/MATLAB/images_generated/28a4d00927b7_enhanced.png
28dc010a0780,0,/Users/mrudangmrugeshshah/Documents/MATLAB/images_generated/28dc010a0780_enhanced.png
28f73575e1f2,0,/Users/mrudangmrugeshshah/Documents/MATLAB/images_generated/28f73575e1f2_enhanced.png
28f93cad89c5,2,/Users/mrudangmrugeshshah/Documents/MATLAB/images_generated/28f93cad89c5_enhanced.png
28f98cfe3858,1,/Users/mrudangmrugeshshah/Documents/MATLAB/images_generated/28f98cfe3858_enhanced.png
290ecdba359f,2,/Users/mrudangmrugeshshah/Documents/MATLAB/images_generated/290ecdba359f_enhanced.png
29192375ab1b,0,/Users/mrudangmrugeshshah/Documents/MATLAB/images_generated/29192375ab1b_enhanced.png
291e2ff3d834,2,/Users/mrudangmrugeshshah/Documents/MATLAB/images_generated/291e2ff3d834_enhanced.png
291f581d365e,0,/Users/mrudangmrugeshshah/Documents/MATLAB/images_generated/291f581d365e_enhanced.png
2923971566fe,0,/Users/mrudangmrugeshshah/Documents/MATLAB/images_generated/2923971566fe_enhanced.png
2927665214e1,0,/Users/mrudangmrugeshshah/Documents/MATLAB/images_generated/2927665214e1_enhanced.png
29580bed2f7d,2,/Users/mrudangmrugeshshah/Documents/MATLAB/images_generated/29580bed2f7d_enhanced.png
295fdc964f6e,2,/Users/mrudangmrugeshshah/Documents/MATLAB/images_generated/295fdc964f6e_enhanced.png
2967e578939f,2,/Users/mrudangmrugeshshah/Documents/MATLAB/images_generated/2967e578939f_enhanced.png
2974c6ad1d58,0,/Users/mrudangmrugeshshah/Documents/MATLAB/images_generated/2974c6ad1d58_enhanced.png
299086c6d1b5,3,/Users/mrudangmrugeshshah/Documents/MATLAB/images_generated/299086c6d1b5_enhanced.png
2994f17f58a5,1,/Users/mrudangmrugeshshah/Documents/MATLAB/images_generated/2994f17f58a5_enhanced.png
29a13e666266,0,/Users/mrudangmrugeshshah/Documents/MATLAB/images_generated/29a13e666266_enhanced.png
29b52f64d2db,1,/Users/mrudangmrugeshshah/Documents/MATLAB/images_generated/29b52f64d2db_enhanced.png
29bc0e721cfe,4,/Users/mrudangmrugeshshah/Documents/MATLAB/images_generated/29bc0e721cfe_enhanced.png
29d059522fa1,0,/Users/mrudangmrugeshshah/Documents/MATLAB/images_generated/29d059522fa1_enhanced.png
29f44aea93a4,2,/Users/mrudangmrugeshshah/Documents/MATLAB/images_generated/29f44aea93a4_enhanced.png
29f9e1ac9507,0,/Users/mrudangmrugeshshah/Documents/MATLAB/images_generated/29f9e1ac9507_enhanced.png
2a08ed6bbcbc,1,/Users/mrudangmrugeshshah/Documents/MATLAB/images_generated/2a08ed6bbcbc_enhanced.png
2a099b247b10,2,/Users/mrudangmrugeshshah/Documents/MATLAB/images_generated/2a099b247b10_enhanced.png
2a2274bcb00a,0,/Users/mrudangmrugeshshah/Documents/MATLAB/images_generated/2a2274bcb00a_enhanced.png
2a2a6435f7f3,0,/Users/mrudangmrugeshshah/Documents/MATLAB/images_generated/2a2a6435f7f3_enhanced.png
2a3378bcfbcc,2,/Users/mrudangmrugeshshah/Documents/MATLAB/images_generated/2a3378bcfbcc_enhanced.png
2a3a1ed1c285,2,/Users/mrudangmrugeshshah/Documents/MATLAB/images_generated/2a3a1ed1c285_enhanced.png
2a4520f1f9a3,0,/Users/mrudangmrugeshshah/Documents/MATLAB/images_generated/2a4520f1f9a3_enhanced.png
2a47e5b21791,2,/Users/mrudangmrugeshshah/Documents/MATLAB/images_generated/2a47e5b21791_enhanced.png
2a5a8b744f08,2,/Users/mrudangmrugeshshah/Documents/MATLAB/images_generated/2a5a8b744f08_enhanced.png
2a7373eeb352,0,/Users/mrudangmrugeshshah/Documents/MATLAB/images_generated/2a7373eeb352_enhanced.png
2a8a9e957a6c,1,/Users/mrudangmrugeshshah/Documents/MATLAB/images_generated/2a8a9e957a6c_enhanced.png
2a93334f663a,0,/Users/mrudangmrugeshshah/Documents/MATLAB/images_generated/2a93334f663a_enhanced.png
2af1bf226f51,2,/Users/mrudangmrugeshshah/Documents/MATLAB/images_generated/2af1bf226f51_enhanced.png
2b074afdf626,2,/Users/mrudangmrugeshshah/Documents/MATLAB/images_generated/2b074afdf626_enhanced.png
2b07790a2422,2,/Users/mrudangmrugeshshah/Documents/MATLAB/images_generated/2b07790a2422_enhanced.png
2b10f138e67d,0,/Users/mrudangmrugeshshah/Documents/MATLAB/images_generated/2b10f138e67d_enhanced.png
2b21d293fdf2,2,/Users/mrudangmrugeshshah/Documents/MATLAB/images_generated/2b21d293fdf2_enhanced.png
2b2f5a0f880d,0,/Users/mrudangmrugeshshah/Documents/MATLAB/images_generated/2b2f5a0f880d_enhanced.png
2b3a4a81d748,0,/Users/mrudangmrugeshshah/Documents/MATLAB/images_generated/2b3a4a81d748_enhanced.png
2b48daf24be0,3,/Users/mrudangmrugeshshah/Documents/MATLAB/images_generated/2b48daf24be0_enhanced.png
2b4c7b5f1f1e,0,/Users/mrudangmrugeshshah/Documents/MATLAB/images_generated/2b4c7b5f1f1e_enhanced.png
2b5bb6d33959,0,/Users/mrudangmrugeshshah/Documents/MATLAB/images_generated/2b5bb6d33959_enhanced.png
2b88cb6e31cd,2,/Users/mrudangmrugeshshah/Documents/MATLAB/images_generated/2b88cb6e31cd_enhanced.png
2ba0b0d9bda2,2,/Users/mrudangmrugeshshah/Documents/MATLAB/images_generated/2ba0b0d9bda2_enhanced.png
2bb063318cf1,3,/Users/mrudangmrugeshshah/Documents/MATLAB/images_generated/2bb063318cf1_enhanced.png
2bb3c492d6d3,0,/Users/mrudangmrugeshshah/Documents/MATLAB/images_generated/2bb3c492d6d3_enhanced.png
2bbcfdc477db,4,/Users/mrudangmrugeshshah/Documents/MATLAB/images_generated/2bbcfdc477db_enhanced.png
2bbd1f99ecc3,3,/Users/mrudangmrugeshshah/Documents/MATLAB/images_generated/2bbd1f99ecc3_enhanced.png
2bd4d4fbed5c,2,/Users/mrudangmrugeshshah/Documents/MATLAB/images_generated/2bd4d4fbed5c_enhanced.png
2c1d5be654dd,2,/Users/mrudangmrugeshshah/Documents/MATLAB/images_generated/2c1d5be654dd_enhanced.png
2c2aa057afc5,2,/Users/mrudangmrugeshshah/Documents/MATLAB/images_generated/2c2aa057afc5_enhanced.png
2c77bf969079,0,/Users/mrudangmrugeshshah/Documents/MATLAB/images_generated/2c77bf969079_enhanced.png
2c8101f14723,0,/Users/mrudangmrugeshshah/Documents/MATLAB/images_generated/2c8101f14723_enhanced.png
2c827005b8f8,0,/Users/mrudangmrugeshshah/Documents/MATLAB/images_generated/2c827005b8f8_enhanced.png
2c9dfc270f1b,0,/Users/mrudangmrugeshshah/Documents/MATLAB/images_generated/2c9dfc270f1b_enhanced.png
2cacdb0dffae,0,/Users/mrudangmrugeshshah/Documents/MATLAB/images_generated/2cacdb0dffae_enhanced.png
2cbfc6182ba2,2,/Users/mrudangmrugeshshah/Documents/MATLAB/images_generated/2cbfc6182ba2_enhanced.png
2cceb07ff706,2,/Users/mrudangmrugeshshah/Documents/MATLAB/images_generated/2cceb07ff706_enhanced.png
2cdcc910778d,0,/Users/mrudangmrugeshshah/Documents/MATLAB/images_generated/2cdcc910778d_enhanced.png
2cef97083e6f,2,/Users/mrudangmrugeshshah/Documents/MATLAB/images_generated/2cef97083e6f_enhanced.png
2cf18033da31,0,/Users/mrudangmrugeshshah/Documents/MATLAB/images_generated/2cf18033da31_enhanced.png
2cfe8703f265,0,/Users/mrudangmrugeshshah/Documents/MATLAB/images_generated/2cfe8703f265_enhanced.png
2d04cead4d3a,0,/Users/mrudangmrugeshshah/Documents/MATLAB/images_generated/2d04cead4d3a_enhanced.png
2d07162a13b1,0,/Users/mrudangmrugeshshah/Documents/MATLAB/images_generated/2d07162a13b1_enhanced.png
2d3f4094c08a,0,/Users/mrudangmrugeshshah/Documents/MATLAB/images_generated/2d3f4094c08a_enhanced.png
2d552318eb07,2,/Users/mrudangmrugeshshah/Documents/MATLAB/images_generated/2d552318eb07_enhanced.png
2d558de2cabe,0,/Users/mrudangmrugeshshah/Documents/MATLAB/images_generated/2d558de2cabe_enhanced.png
2d7666b8884f,1,/Users/mrudangmrugeshshah/Documents/MATLAB/images_generated/2d7666b8884f_enhanced.png
2d870833c0c9,2,/Users/mrudangmrugeshshah/Documents/MATLAB/images_generated/2d870833c0c9_enhanced.png
2d9d97a6e713,1,/Users/mrudangmrugeshshah/Documents/MATLAB/images_generated/2d9d97a6e713_enhanced.png
2da82d14e1b7,0,/Users/mrudangmrugeshshah/Documents/MATLAB/images_generated/2da82d14e1b7_enhanced.png
2db0cd3e30da,0,/Users/mrudangmrugeshshah/Documents/MATLAB/images_generated/2db0cd3e30da_enhanced.png
2dc647e00ad3,0,/Users/mrudangmrugeshshah/Documents/MATLAB/images_generated/2dc647e00ad3_enhanced.png
2dd28ac497d2,0,/Users/mrudangmrugeshshah/Documents/MATLAB/images_generated/2dd28ac497d2_enhanced.png
2df07eb5779f,4,/Users/mrudangmrugeshshah/Documents/MATLAB/images_generated/2df07eb5779f_enhanced.png
2e26762daed5,2,/Users/mrudangmrugeshshah/Documents/MATLAB/images_generated/2e26762daed5_enhanced.png
2e79041ef722,2,/Users/mrudangmrugeshshah/Documents/MATLAB/images_generated/2e79041ef722_enhanced.png
2eba4279e503,0,/Users/mrudangmrugeshshah/Documents/MATLAB/images_generated/2eba4279e503_enhanced.png
2ecbc2e3f239,1,/Users/mrudangmrugeshshah/Documents/MATLAB/images_generated/2ecbc2e3f239_enhanced.png
2ef10194e80d,0,/Users/mrudangmrugeshshah/Documents/MATLAB/images_generated/2ef10194e80d_enhanced.png
2ef4a04aed1b,0,/Users/mrudangmrugeshshah/Documents/MATLAB/images_generated/2ef4a04aed1b_enhanced.png
2ef955d6d9ff,0,/Users/mrudangmrugeshshah/Documents/MATLAB/images_generated/2ef955d6d9ff_enhanced.png
2f143453bb71,0,/Users/mrudangmrugeshshah/Documents/MATLAB/images_generated/2f143453bb71_enhanced.png
2f284b6a1940,4,/Users/mrudangmrugeshshah/Documents/MATLAB/images_generated/2f284b6a1940_enhanced.png
2f2e1949ad56,1,/Users/mrudangmrugeshshah/Documents/MATLAB/images_generated/2f2e1949ad56_enhanced.png
2f42e20db938,3,/Users/mrudangmrugeshshah/Documents/MATLAB/images_generated/2f42e20db938_enhanced.png
2f4e81787d9b,1,/Users/mrudangmrugeshshah/Documents/MATLAB/images_generated/2f4e81787d9b_enhanced.png
2f5c9cdfb333,2,/Users/mrudangmrugeshshah/Documents/MATLAB/images_generated/2f5c9cdfb333_enhanced.png
2f7789c1e046,4,/Users/mrudangmrugeshshah/Documents/MATLAB/images_generated/2f7789c1e046_enhanced.png
2f7fbdcc9a4b,0,/Users/mrudangmrugeshshah/Documents/MATLAB/images_generated/2f7fbdcc9a4b_enhanced.png
2f81ee5f2926,0,/Users/mrudangmrugeshshah/Documents/MATLAB/images_generated/2f81ee5f2926_enhanced.png
2f8d14a7d390,0,/Users/mrudangmrugeshshah/Documents/MATLAB/images_generated/2f8d14a7d390_enhanced.png
2f9b66784109,2,/Users/mrudangmrugeshshah/Documents/MATLAB/images_generated/2f9b66784109_enhanced.png
2fb3a8606a77,2,/Users/mrudangmrugeshshah/Documents/MATLAB/images_generated/2fb3a8606a77_enhanced.png
2fde69f20585,4,/Users/mrudangmrugeshshah/Documents/MATLAB/images_generated/2fde69f20585_enhanced.png
2fdfb80ea53c,0,/Users/mrudangmrugeshshah/Documents/MATLAB/images_generated/2fdfb80ea53c_enhanced.png
2fdffb6160a6,2,/Users/mrudangmrugeshshah/Documents/MATLAB/images_generated/2fdffb6160a6_enhanced.png
2fe06bedb2c4,4,/Users/mrudangmrugeshshah/Documents/MATLAB/images_generated/2fe06bedb2c4_enhanced.png
2fefb720869a,0,/Users/mrudangmrugeshshah/Documents/MATLAB/images_generated/2fefb720869a_enhanced.png
300305ce82d2,2,/Users/mrudangmrugeshshah/Documents/MATLAB/images_generated/300305ce82d2_enhanced.png
30263a7d5609,0,/Users/mrudangmrugeshshah/Documents/MATLAB/images_generated/30263a7d5609_enhanced.png
302bcdb635ff,2,/Users/mrudangmrugeshshah/Documents/MATLAB/images_generated/302bcdb635ff_enhanced.png
3044022c6969,1,/Users/mrudangmrugeshshah/Documents/MATLAB/images_generated/3044022c6969_enhanced.png
306c841af3fc,0,/Users/mrudangmrugeshshah/Documents/MATLAB/images_generated/306c841af3fc_enhanced.png
3079490a4b9c,0,/Users/mrudangmrugeshshah/Documents/MATLAB/images_generated/3079490a4b9c_enhanced.png
308f7fce6f0d,2,/Users/mrudangmrugeshshah/Documents/MATLAB/images_generated/308f7fce6f0d_enhanced.png
30941b65348b,1,/Users/mrudangmrugeshshah/Documents/MATLAB/images_generated/30941b65348b_enhanced.png
30cab14951ac,1,/Users/mrudangmrugeshshah/Documents/MATLAB/images_generated/30cab14951ac_enhanced.png
30db694bee42,0,/Users/mrudangmrugeshshah/Documents/MATLAB/images_generated/30db694bee42_enhanced.png
310c27067ac0,2,/Users/mrudangmrugeshshah/Documents/MATLAB/images_generated/310c27067ac0_enhanced.png
312694ea8e6a,4,/Users/mrudangmrugeshshah/Documents/MATLAB/images_generated/312694ea8e6a_enhanced.png
3128eb593012,2,/Users/mrudangmrugeshshah/Documents/MATLAB/images_generated/3128eb593012_enhanced.png
3132556f5352,0,/Users/mrudangmrugeshshah/Documents/MATLAB/images_generated/3132556f5352_enhanced.png
31360e44ac64,0,/Users/mrudangmrugeshshah/Documents/MATLAB/images_generated/31360e44ac64_enhanced.png
31452ad8808c,2,/Users/mrudangmrugeshshah/Documents/MATLAB/images_generated/31452ad8808c_enhanced.png
314862758acf,2,/Users/mrudangmrugeshshah/Documents/MATLAB/images_generated/314862758acf_enhanced.png
315c1a0d87fd,0,/Users/mrudangmrugeshshah/Documents/MATLAB/images_generated/315c1a0d87fd_enhanced.png
31616ff6b53b,3,/Users/mrudangmrugeshshah/Documents/MATLAB/images_generated/31616ff6b53b_enhanced.png
3178559fbf57,0,/Users/mrudangmrugeshshah/Documents/MATLAB/images_generated/3178559fbf57_enhanced.png
318eb706a134,0,/Users/mrudangmrugeshshah/Documents/MATLAB/images_generated/318eb706a134_enhanced.png
31b5d6fb0256,2,/Users/mrudangmrugeshshah/Documents/MATLAB/images_generated/31b5d6fb0256_enhanced.png
31cb39681f6a,1,/Users/mrudangmrugeshshah/Documents/MATLAB/images_generated/31cb39681f6a_enhanced.png
3206171db5be,4,/Users/mrudangmrugeshshah/Documents/MATLAB/images_generated/3206171db5be_enhanced.png
3218a6d8eb2c,3,/Users/mrudangmrugeshshah/Documents/MATLAB/images_generated/3218a6d8eb2c_enhanced.png
3232b34cbe99,0,/Users/mrudangmrugeshshah/Documents/MATLAB/images_generated/3232b34cbe99_enhanced.png
3246f07e65b4,2,/Users/mrudangmrugeshshah/Documents/MATLAB/images_generated/3246f07e65b4_enhanced.png
3254e48c8aa0,0,/Users/mrudangmrugeshshah/Documents/MATLAB/images_generated/3254e48c8aa0_enhanced.png
3286073a976e,0,/Users/mrudangmrugeshshah/Documents/MATLAB/images_generated/3286073a976e_enhanced.png
328d141ed3aa,0,/Users/mrudangmrugeshshah/Documents/MATLAB/images_generated/328d141ed3aa_enhanced.png
32a3eb37ff40,2,/Users/mrudangmrugeshshah/Documents/MATLAB/images_generated/32a3eb37ff40_enhanced.png
32d7d360d891,0,/Users/mrudangmrugeshshah/Documents/MATLAB/images_generated/32d7d360d891_enhanced.png
32ed318235b8,0,/Users/mrudangmrugeshshah/Documents/MATLAB/images_generated/32ed318235b8_enhanced.png
33105f9b3a04,1,/Users/mrudangmrugeshshah/Documents/MATLAB/images_generated/33105f9b3a04_enhanced.png
331121c65e88,0,/Users/mrudangmrugeshshah/Documents/MATLAB/images_generated/331121c65e88_enhanced.png
331b87d1b9d1,2,/Users/mrudangmrugeshshah/Documents/MATLAB/images_generated/331b87d1b9d1_enhanced.png
3323fd59782e,0,/Users/mrudangmrugeshshah/Documents/MATLAB/images_generated/3323fd59782e_enhanced.png
3325b1fe55d2,0,/Users/mrudangmrugeshshah/Documents/MATLAB/images_generated/3325b1fe55d2_enhanced.png
33596a635b53,0,/Users/mrudangmrugeshshah/Documents/MATLAB/images_generated/33596a635b53_enhanced.png
33778d136069,3,/Users/mrudangmrugeshshah/Documents/MATLAB/images_generated/33778d136069_enhanced.png
338326891d84,0,/Users/mrudangmrugeshshah/Documents/MATLAB/images_generated/338326891d84_enhanced.png
33b893e18eb3,1,/Users/mrudangmrugeshshah/Documents/MATLAB/images_generated/33b893e18eb3_enhanced.png
33b91def2035,0,/Users/mrudangmrugeshshah/Documents/MATLAB/images_generated/33b91def2035_enhanced.png
33b978734eab,0,/Users/mrudangmrugeshshah/Documents/MATLAB/images_generated/33b978734eab_enhanced.png
33d72035c27a,0,/Users/mrudangmrugeshshah/Documents/MATLAB/images_generated/33d72035c27a_enhanced.png
33e7bf536fc5,0,/Users/mrudangmrugeshshah/Documents/MATLAB/images_generated/33e7bf536fc5_enhanced.png
33e8e26a75d4,2,/Users/mrudangmrugeshshah/Documents/MATLAB/images_generated/33e8e26a75d4_enhanced.png
33ffddea8c6e,1,/Users/mrudangmrugeshshah/Documents/MATLAB/images_generated/33ffddea8c6e_enhanced.png
3402124408ea,2,/Users/mrudangmrugeshshah/Documents/MATLAB/images_generated/3402124408ea_enhanced.png
3428230bf1bd,2,/Users/mrudangmrugeshshah/Documents/MATLAB/images_generated/3428230bf1bd_enhanced.png
342edf9b889d,0,/Users/mrudangmrugeshshah/Documents/MATLAB/images_generated/342edf9b889d_enhanced.png
3435fd8675a2,3,/Users/mrudangmrugeshshah/Documents/MATLAB/images_generated/3435fd8675a2_enhanced.png
345b1f0abbba,0,/Users/mrudangmrugeshshah/Documents/MATLAB/images_generated/345b1f0abbba_enhanced.png
3461dc601cc2,1,/Users/mrudangmrugeshshah/Documents/MATLAB/images_generated/3461dc601cc2_enhanced.png
34723fae6475,2,/Users/mrudangmrugeshshah/Documents/MATLAB/images_generated/34723fae6475_enhanced.png
348598d01e18,0,/Users/mrudangmrugeshshah/Documents/MATLAB/images_generated/348598d01e18_enhanced.png
3486f7096276,0,/Users/mrudangmrugeshshah/Documents/MATLAB/images_generated/3486f7096276_enhanced.png
349f3c0ac83e,2,/Users/mrudangmrugeshshah/Documents/MATLAB/images_generated/349f3c0ac83e_enhanced.png
34a7dbd3f05c,0,/Users/mrudangmrugeshshah/Documents/MATLAB/images_generated/34a7dbd3f05c_enhanced.png
34acae864963,0,/Users/mrudangmrugeshshah/Documents/MATLAB/images_generated/34acae864963_enhanced.png
351e842842a2,0,/Users/mrudangmrugeshshah/Documents/MATLAB/images_generated/351e842842a2_enhanced.png
352e4a939242,3,/Users/mrudangmrugeshshah/Documents/MATLAB/images_generated/352e4a939242_enhanced.png
35362d43e753,0,/Users/mrudangmrugeshshah/Documents/MATLAB/images_generated/35362d43e753_enhanced.png
354b8911d6ed,2,/Users/mrudangmrugeshshah/Documents/MATLAB/images_generated/354b8911d6ed_enhanced.png
356304d15a5c,0,/Users/mrudangmrugeshshah/Documents/MATLAB/images_generated/356304d15a5c_enhanced.png
35777eb7859d,0,/Users/mrudangmrugeshshah/Documents/MATLAB/images_generated/35777eb7859d_enhanced.png
357f02a779d7,0,/Users/mrudangmrugeshshah/Documents/MATLAB/images_generated/357f02a779d7_enhanced.png
3580a545016d,0,/Users/mrudangmrugeshshah/Documents/MATLAB/images_generated/3580a545016d_enhanced.png
358d2224de73,1,/Users/mrudangmrugeshshah/Documents/MATLAB/images_generated/358d2224de73_enhanced.png
3599029efeb3,0,/Users/mrudangmrugeshshah/Documents/MATLAB/images_generated/3599029efeb3_enhanced.png
359bab5d784b,0,/Users/mrudangmrugeshshah/Documents/MATLAB/images_generated/359bab5d784b_enhanced.png
35aa7f5c2ec0,1,/Users/mrudangmrugeshshah/Documents/MATLAB/images_generated/35aa7f5c2ec0_enhanced.png
35ac70c0d08f,0,/Users/mrudangmrugeshshah/Documents/MATLAB/images_generated/35ac70c0d08f_enhanced.png
35beb47fe159,0,/Users/mrudangmrugeshshah/Documents/MATLAB/images_generated/35beb47fe159_enhanced.png
35cd9832fc0a,0,/Users/mrudangmrugeshshah/Documents/MATLAB/images_generated/35cd9832fc0a_enhanced.png
35d6c4c50072,1,/Users/mrudangmrugeshshah/Documents/MATLAB/images_generated/35d6c4c50072_enhanced.png
35df2bc6ae95,0,/Users/mrudangmrugeshshah/Documents/MATLAB/images_generated/35df2bc6ae95_enhanced.png
3601dac9bed7,0,/Users/mrudangmrugeshshah/Documents/MATLAB/images_generated/3601dac9bed7_enhanced.png
36041171f441,1,/Users/mrudangmrugeshshah/Documents/MATLAB/images_generated/36041171f441_enhanced.png
360832d84ce0,0,/Users/mrudangmrugeshshah/Documents/MATLAB/images_generated/360832d84ce0_enhanced.png
362c4a96cebb,2,/Users/mrudangmrugeshshah/Documents/MATLAB/images_generated/362c4a96cebb_enhanced.png
365f8c01d994,1,/Users/mrudangmrugeshshah/Documents/MATLAB/images_generated/365f8c01d994_enhanced.png
36677b70b1ef,1,/Users/mrudangmrugeshshah/Documents/MATLAB/images_generated/36677b70b1ef_enhanced.png
367c7049929c,2,/Users/mrudangmrugeshshah/Documents/MATLAB/images_generated/367c7049929c_enhanced.png
36865bbc64d6,3,/Users/mrudangmrugeshshah/Documents/MATLAB/images_generated/36865bbc64d6_enhanced.png
369229040a34,0,/Users/mrudangmrugeshshah/Documents/MATLAB/images_generated/369229040a34_enhanced.png
3694e8c8e09a,0,/Users/mrudangmrugeshshah/Documents/MATLAB/images_generated/3694e8c8e09a_enhanced.png
36a1e3c780a0,2,/Users/mrudangmrugeshshah/Documents/MATLAB/images_generated/36a1e3c780a0_enhanced.png
36b5b3c9fb32,3,/Users/mrudangmrugeshshah/Documents/MATLAB/images_generated/36b5b3c9fb32_enhanced.png
36e4b704b905,0,/Users/mrudangmrugeshshah/Documents/MATLAB/images_generated/36e4b704b905_enhanced.png
36ec36c301c1,2,/Users/mrudangmrugeshshah/Documents/MATLAB/images_generated/36ec36c301c1_enhanced.png
370f575adb23,0,/Users/mrudangmrugeshshah/Documents/MATLAB/images_generated/370f575adb23_enhanced.png
3710ff45299c,0,/Users/mrudangmrugeshshah/Documents/MATLAB/images_generated/3710ff45299c_enhanced.png
3730c322d35b,0,/Users/mrudangmrugeshshah/Documents/MATLAB/images_generated/3730c322d35b_enhanced.png
3732de8b416f,0,/Users/mrudangmrugeshshah/Documents/MATLAB/images_generated/3732de8b416f_enhanced.png
374535e0adb8,4,/Users/mrudangmrugeshshah/Documents/MATLAB/images_generated/374535e0adb8_enhanced.png
3748349334f6,2,/Users/mrudangmrugeshshah/Documents/MATLAB/images_generated/3748349334f6_enhanced.png
378963f9df22,4,/Users/mrudangmrugeshshah/Documents/MATLAB/images_generated/378963f9df22_enhanced.png
3796af4d987a,4,/Users/mrudangmrugeshshah/Documents/MATLAB/images_generated/3796af4d987a_enhanced.png
37c4dfe03aba,4,/Users/mrudangmrugeshshah/Documents/MATLAB/images_generated/37c4dfe03aba_enhanced.png
37c523296d42,0,/Users/mrudangmrugeshshah/Documents/MATLAB/images_generated/37c523296d42_enhanced.png
37de05ef12a5,2,/Users/mrudangmrugeshshah/Documents/MATLAB/images_generated/37de05ef12a5_enhanced.png
38055d8b9f08,3,/Users/mrudangmrugeshshah/Documents/MATLAB/images_generated/38055d8b9f08_enhanced.png
3810040096cb,4,/Users/mrudangmrugeshshah/Documents/MATLAB/images_generated/3810040096cb_enhanced.png
3823acc4e464,0,/Users/mrudangmrugeshshah/Documents/MATLAB/images_generated/3823acc4e464_enhanced.png
382752f6694a,1,/Users/mrudangmrugeshshah/Documents/MATLAB/images_generated/382752f6694a_enhanced.png
38373431d996,0,/Users/mrudangmrugeshshah/Documents/MATLAB/images_generated/38373431d996_enhanced.png
383e72af1955,3,/Users/mrudangmrugeshshah/Documents/MATLAB/images_generated/383e72af1955_enhanced.png
384631079d1e,1,/Users/mrudangmrugeshshah/Documents/MATLAB/images_generated/384631079d1e_enhanced.png
38487e1a5b1f,2,/Users/mrudangmrugeshshah/Documents/MATLAB/images_generated/38487e1a5b1f_enhanced.png
384db24ebbd7,0,/Users/mrudangmrugeshshah/Documents/MATLAB/images_generated/384db24ebbd7_enhanced.png
384e6c915722,0,/Users/mrudangmrugeshshah/Documents/MATLAB/images_generated/384e6c915722_enhanced.png
387138ddf43d,0,/Users/mrudangmrugeshshah/Documents/MATLAB/images_generated/387138ddf43d_enhanced.png
388279491b5d,0,/Users/mrudangmrugeshshah/Documents/MATLAB/images_generated/388279491b5d_enhanced.png
388f12e8df0b,2,/Users/mrudangmrugeshshah/Documents/MATLAB/images_generated/388f12e8df0b_enhanced.png
389552047476,0,/Users/mrudangmrugeshshah/Documents/MATLAB/images_generated/389552047476_enhanced.png
38b9bb961847,1,/Users/mrudangmrugeshshah/Documents/MATLAB/images_generated/38b9bb961847_enhanced.png
38c7153457e2,0,/Users/mrudangmrugeshshah/Documents/MATLAB/images_generated/38c7153457e2_enhanced.png
38e0e28d35d3,1,/Users/mrudangmrugeshshah/Documents/MATLAB/images_generated/38e0e28d35d3_enhanced.png
38e111cac46f,2,/Users/mrudangmrugeshshah/Documents/MATLAB/images_generated/38e111cac46f_enhanced.png
38f1901f214a,0,/Users/mrudangmrugeshshah/Documents/MATLAB/images_generated/38f1901f214a_enhanced.png
38fe9f854046,2,/Users/mrudangmrugeshshah/Documents/MATLAB/images_generated/38fe9f854046_enhanced.png
3908b3cfd620,0,/Users/mrudangmrugeshshah/Documents/MATLAB/images_generated/3908b3cfd620_enhanced.png
39134907127a,2,/Users/mrudangmrugeshshah/Documents/MATLAB/images_generated/39134907127a_enhanced.png
393fa5a023a5,0,/Users/mrudangmrugeshshah/Documents/MATLAB/images_generated/393fa5a023a5_enhanced.png
39923b29988a,2,/Users/mrudangmrugeshshah/Documents/MATLAB/images_generated/39923b29988a_enhanced.png
39aa3cd93c50,3,/Users/mrudangmrugeshshah/Documents/MATLAB/images_generated/39aa3cd93c50_enhanced.png
39b5b05d6cd9,2,/Users/mrudangmrugeshshah/Documents/MATLAB/images_generated/39b5b05d6cd9_enhanced.png
39f8935185e6,0,/Users/mrudangmrugeshshah/Documents/MATLAB/images_generated/39f8935185e6_enhanced.png
39fd8ef3a45c,0,/Users/mrudangmrugeshshah/Documents/MATLAB/images_generated/39fd8ef3a45c_enhanced.png
3a122851e526,2,/Users/mrudangmrugeshshah/Documents/MATLAB/images_generated/3a122851e526_enhanced.png
3a1d3ce00f0c,2,/Users/mrudangmrugeshshah/Documents/MATLAB/images_generated/3a1d3ce00f0c_enhanced.png
3a1ecf5e2839,4,/Users/mrudangmrugeshshah/Documents/MATLAB/images_generated/3a1ecf5e2839_enhanced.png
3a4cfea0a766,0,/Users/mrudangmrugeshshah/Documents/MATLAB/images_generated/3a4cfea0a766_enhanced.png
3a61e690f4bb,2,/Users/mrudangmrugeshshah/Documents/MATLAB/images_generated/3a61e690f4bb_enhanced.png
3a643599f852,0,/Users/mrudangmrugeshshah/Documents/MATLAB/images_generated/3a643599f852_enhanced.png
3a6e9730b298,4,/Users/mrudangmrugeshshah/Documents/MATLAB/images_generated/3a6e9730b298_enhanced.png
3aa2b1ce6700,2,/Users/mrudangmrugeshshah/Documents/MATLAB/images_generated/3aa2b1ce6700_enhanced.png
3abac0961bfd,0,/Users/mrudangmrugeshshah/Documents/MATLAB/images_generated/3abac0961bfd_enhanced.png
3ac3fbfca7d4,4,/Users/mrudangmrugeshshah/Documents/MATLAB/images_generated/3ac3fbfca7d4_enhanced.png
3ac92ac3d65a,0,/Users/mrudangmrugeshshah/Documents/MATLAB/images_generated/3ac92ac3d65a_enhanced.png
3af9aaa880e9,0,/Users/mrudangmrugeshshah/Documents/MATLAB/images_generated/3af9aaa880e9_enhanced.png
3b018e8b7303,3,/Users/mrudangmrugeshshah/Documents/MATLAB/images_generated/3b018e8b7303_enhanced.png
3b0190bbe615,0,/Users/mrudangmrugeshshah/Documents/MATLAB/images_generated/3b0190bbe615_enhanced.png
3b10191dfd25,0,/Users/mrudangmrugeshshah/Documents/MATLAB/images_generated/3b10191dfd25_enhanced.png
3b185ac445d0,4,/Users/mrudangmrugeshshah/Documents/MATLAB/images_generated/3b185ac445d0_enhanced.png
3b232b394e4f,4,/Users/mrudangmrugeshshah/Documents/MATLAB/images_generated/3b232b394e4f_enhanced.png
3b2b91590590,0,/Users/mrudangmrugeshshah/Documents/MATLAB/images_generated/3b2b91590590_enhanced.png
3b4a5fcbe5e0,4,/Users/mrudangmrugeshshah/Documents/MATLAB/images_generated/3b4a5fcbe5e0_enhanced.png
3b58b02c89ed,2,/Users/mrudangmrugeshshah/Documents/MATLAB/images_generated/3b58b02c89ed_enhanced.png
3b5dffe159b6,0,/Users/mrudangmrugeshshah/Documents/MATLAB/images_generated/3b5dffe159b6_enhanced.png
3b73a3a4a734,1,/Users/mrudangmrugeshshah/Documents/MATLAB/images_generated/3b73a3a4a734_enhanced.png
3b9817a39adf,0,/Users/mrudangmrugeshshah/Documents/MATLAB/images_generated/3b9817a39adf_enhanced.png
3b9c1f42c2f2,2,/Users/mrudangmrugeshshah/Documents/MATLAB/images_generated/3b9c1f42c2f2_enhanced.png
3bf2deaa5ef0,0,/Users/mrudangmrugeshshah/Documents/MATLAB/images_generated/3bf2deaa5ef0_enhanced.png
3bf3085ac167,0,/Users/mrudangmrugeshshah/Documents/MATLAB/images_generated/3bf3085ac167_enhanced.png
3c1efa38d0da,2,/Users/mrudangmrugeshshah/Documents/MATLAB/images_generated/3c1efa38d0da_enhanced.png
3c28fd846b43,0,/Users/mrudangmrugeshshah/Documents/MATLAB/images_generated/3c28fd846b43_enhanced.png
3c311c9109b0,2,/Users/mrudangmrugeshshah/Documents/MATLAB/images_generated/3c311c9109b0_enhanced.png
3c326543fff6,0,/Users/mrudangmrugeshshah/Documents/MATLAB/images_generated/3c326543fff6_enhanced.png
3c42512c81e0,0,/Users/mrudangmrugeshshah/Documents/MATLAB/images_generated/3c42512c81e0_enhanced.png
3c53198519f7,2,/Users/mrudangmrugeshshah/Documents/MATLAB/images_generated/3c53198519f7_enhanced.png
3c726de3ee90,1,/Users/mrudangmrugeshshah/Documents/MATLAB/images_generated/3c726de3ee90_enhanced.png
3c72f580d4ba,1,/Users/mrudangmrugeshshah/Documents/MATLAB/images_generated/3c72f580d4ba_enhanced.png
3c78bfca247b,4,/Users/mrudangmrugeshshah/Documents/MATLAB/images_generated/3c78bfca247b_enhanced.png
3c9529918097,0,/Users/mrudangmrugeshshah/Documents/MATLAB/images_generated/3c9529918097_enhanced.png
3ca12e02dd4e,0,/Users/mrudangmrugeshshah/Documents/MATLAB/images_generated/3ca12e02dd4e_enhanced.png
3ca637fddd56,4,/Users/mrudangmrugeshshah/Documents/MATLAB/images_generated/3ca637fddd56_enhanced.png
3ca8be3b40d6,0,/Users/mrudangmrugeshshah/Documents/MATLAB/images_generated/3ca8be3b40d6_enhanced.png
3cab32dd6ef9,0,/Users/mrudangmrugeshshah/Documents/MATLAB/images_generated/3cab32dd6ef9_enhanced.png
3ccf96c1dd6d,4,/Users/mrudangmrugeshshah/Documents/MATLAB/images_generated/3ccf96c1dd6d_enhanced.png
3cd801ffdbf0,2,/Users/mrudangmrugeshshah/Documents/MATLAB/images_generated/3cd801ffdbf0_enhanced.png
3cd9713c0ecb,0,/Users/mrudangmrugeshshah/Documents/MATLAB/images_generated/3cd9713c0ecb_enhanced.png
3cdda8b3df19,2,/Users/mrudangmrugeshshah/Documents/MATLAB/images_generated/3cdda8b3df19_enhanced.png
3cdef7c591cc,0,/Users/mrudangmrugeshshah/Documents/MATLAB/images_generated/3cdef7c591cc_enhanced.png
3ce2f8a77a32,0,/Users/mrudangmrugeshshah/Documents/MATLAB/images_generated/3ce2f8a77a32_enhanced.png
3d2ecffe0386,0,/Users/mrudangmrugeshshah/Documents/MATLAB/images_generated/3d2ecffe0386_enhanced.png
3d3e288d490e,2,/Users/mrudangmrugeshshah/Documents/MATLAB/images_generated/3d3e288d490e_enhanced.png
3d663a6a50a3,2,/Users/mrudangmrugeshshah/Documents/MATLAB/images_generated/3d663a6a50a3_enhanced.png
3dbc90c7ee7d,1,/Users/mrudangmrugeshshah/Documents/MATLAB/images_generated/3dbc90c7ee7d_enhanced.png
3dbfbc11e105,2,/Users/mrudangmrugeshshah/Documents/MATLAB/images_generated/3dbfbc11e105_enhanced.png
3ddb86eb530e,2,/Users/mrudangmrugeshshah/Documents/MATLAB/images_generated/3ddb86eb530e_enhanced.png
3de8ad4151e1,1,/Users/mrudangmrugeshshah/Documents/MATLAB/images_generated/3de8ad4151e1_enhanced.png
3dec415b188a,0,/Users/mrudangmrugeshshah/Documents/MATLAB/images_generated/3dec415b188a_enhanced.png
3dfc50108072,2,/Users/mrudangmrugeshshah/Documents/MATLAB/images_generated/3dfc50108072_enhanced.png
3e1f8fecb06f,2,/Users/mrudangmrugeshshah/Documents/MATLAB/images_generated/3e1f8fecb06f_enhanced.png
3e3a3955b9c5,3,/Users/mrudangmrugeshshah/Documents/MATLAB/images_generated/3e3a3955b9c5_enhanced.png
3e61703b5ab2,0,/Users/mrudangmrugeshshah/Documents/MATLAB/images_generated/3e61703b5ab2_enhanced.png
3e6bfc4d5c65,2,/Users/mrudangmrugeshshah/Documents/MATLAB/images_generated/3e6bfc4d5c65_enhanced.png
3e86335bc2fd,2,/Users/mrudangmrugeshshah/Documents/MATLAB/images_generated/3e86335bc2fd_enhanced.png
3ee17aa12e46,1,/Users/mrudangmrugeshshah/Documents/MATLAB/images_generated/3ee17aa12e46_enhanced.png
3ee4841936ef,4,/Users/mrudangmrugeshshah/Documents/MATLAB/images_generated/3ee4841936ef_enhanced.png
3f0d3629d69e,0,/Users/mrudangmrugeshshah/Documents/MATLAB/images_generated/3f0d3629d69e_enhanced.png
3f3de2a6b0f5,2,/Users/mrudangmrugeshshah/Documents/MATLAB/images_generated/3f3de2a6b0f5_enhanced.png
3f44d749cd0b,0,/Users/mrudangmrugeshshah/Documents/MATLAB/images_generated/3f44d749cd0b_enhanced.png
3f47f83217b5,2,/Users/mrudangmrugeshshah/Documents/MATLAB/images_generated/3f47f83217b5_enhanced.png
3f49f8d100e9,3,/Users/mrudangmrugeshshah/Documents/MATLAB/images_generated/3f49f8d100e9_enhanced.png
3f5b4c2948e8,2,/Users/mrudangmrugeshshah/Documents/MATLAB/images_generated/3f5b4c2948e8_enhanced.png
3f6bccf21ce8,0,/Users/mrudangmrugeshshah/Documents/MATLAB/images_generated/3f6bccf21ce8_enhanced.png
3f6c627e2ff2,0,/Users/mrudangmrugeshshah/Documents/MATLAB/images_generated/3f6c627e2ff2_enhanced.png
3f73c91b7e32,1,/Users/mrudangmrugeshshah/Documents/MATLAB/images_generated/3f73c91b7e32_enhanced.png
3f752fcccec0,4,/Users/mrudangmrugeshshah/Documents/MATLAB/images_generated/3f752fcccec0_enhanced.png
3f82631e9080,0,/Users/mrudangmrugeshshah/Documents/MATLAB/images_generated/3f82631e9080_enhanced.png
3f8d5c940ba4,2,/Users/mrudangmrugeshshah/Documents/MATLAB/images_generated/3f8d5c940ba4_enhanced.png
3f98be586fe3,0,/Users/mrudangmrugeshshah/Documents/MATLAB/images_generated/3f98be586fe3_enhanced.png
3fa4f4d77177,3,/Users/mrudangmrugeshshah/Documents/MATLAB/images_generated/3fa4f4d77177_enhanced.png
3fc219927a97,2,/Users/mrudangmrugeshshah/Documents/MATLAB/images_generated/3fc219927a97_enhanced.png
3fd45879afe6,0,/Users/mrudangmrugeshshah/Documents/MATLAB/images_generated/3fd45879afe6_enhanced.png
3fd7df6099e3,2,/Users/mrudangmrugeshshah/Documents/MATLAB/images_generated/3fd7df6099e3_enhanced.png
3fe282197c1c,0,/Users/mrudangmrugeshshah/Documents/MATLAB/images_generated/3fe282197c1c_enhanced.png
3ffa14d60b24,2,/Users/mrudangmrugeshshah/Documents/MATLAB/images_generated/3ffa14d60b24_enhanced.png
40140a925c43,2,/Users/mrudangmrugeshshah/Documents/MATLAB/images_generated/40140a925c43_enhanced.png
401fdfd0db07,0,/Users/mrudangmrugeshshah/Documents/MATLAB/images_generated/401fdfd0db07_enhanced.png
4029d70e9d8a,1,/Users/mrudangmrugeshshah/Documents/MATLAB/images_generated/4029d70e9d8a_enhanced.png
4036471a1bb7,0,/Users/mrudangmrugeshshah/Documents/MATLAB/images_generated/4036471a1bb7_enhanced.png
404ede327e98,0,/Users/mrudangmrugeshshah/Documents/MATLAB/images_generated/404ede327e98_enhanced.png
405085b53d7b,0,/Users/mrudangmrugeshshah/Documents/MATLAB/images_generated/405085b53d7b_enhanced.png
40527a5e95dd,2,/Users/mrudangmrugeshshah/Documents/MATLAB/images_generated/40527a5e95dd_enhanced.png
405b4f78658f,3,/Users/mrudangmrugeshshah/Documents/MATLAB/images_generated/405b4f78658f_enhanced.png
408ea9d5e082,4,/Users/mrudangmrugeshshah/Documents/MATLAB/images_generated/408ea9d5e082_enhanced.png
40c24aded50c,0,/Users/mrudangmrugeshshah/Documents/MATLAB/images_generated/40c24aded50c_enhanced.png
40dd4e6e4444,0,/Users/mrudangmrugeshshah/Documents/MATLAB/images_generated/40dd4e6e4444_enhanced.png
40e9b5630438,1,/Users/mrudangmrugeshshah/Documents/MATLAB/images_generated/40e9b5630438_enhanced.png
41345cec5957,0,/Users/mrudangmrugeshshah/Documents/MATLAB/images_generated/41345cec5957_enhanced.png
4134b290f5f3,0,/Users/mrudangmrugeshshah/Documents/MATLAB/images_generated/4134b290f5f3_enhanced.png
4145dcb25053,0,/Users/mrudangmrugeshshah/Documents/MATLAB/images_generated/4145dcb25053_enhanced.png
4158c340fa49,0,/Users/mrudangmrugeshshah/Documents/MATLAB/images_generated/4158c340fa49_enhanced.png
415d5c5e785f,0,/Users/mrudangmrugeshshah/Documents/MATLAB/images_generated/415d5c5e785f_enhanced.png
415f2d2bd2a1,0,/Users/mrudangmrugeshshah/Documents/MATLAB/images_generated/415f2d2bd2a1_enhanced.png
417f408ee8e0,2,/Users/mrudangmrugeshshah/Documents/MATLAB/images_generated/417f408ee8e0_enhanced.png
4189d4e631ec,2,/Users/mrudangmrugeshshah/Documents/MATLAB/images_generated/4189d4e631ec_enhanced.png
419406328dcd,2,/Users/mrudangmrugeshshah/Documents/MATLAB/images_generated/419406328dcd_enhanced.png
41960d5f58c2,0,/Users/mrudangmrugeshshah/Documents/MATLAB/images_generated/41960d5f58c2_enhanced.png
41ab357d103f,0,/Users/mrudangmrugeshshah/Documents/MATLAB/images_generated/41ab357d103f_enhanced.png
4205e9deb058,0,/Users/mrudangmrugeshshah/Documents/MATLAB/images_generated/4205e9deb058_enhanced.png
4210809074c1,0,/Users/mrudangmrugeshshah/Documents/MATLAB/images_generated/4210809074c1_enhanced.png
423abbaa5fad,2,/Users/mrudangmrugeshshah/Documents/MATLAB/images_generated/423abbaa5fad_enhanced.png
4242c0d87f57,2,/Users/mrudangmrugeshshah/Documents/MATLAB/images_generated/4242c0d87f57_enhanced.png
4246ed634f25,2,/Users/mrudangmrugeshshah/Documents/MATLAB/images_generated/4246ed634f25_enhanced.png
4276b82e4489,0,/Users/mrudangmrugeshshah/Documents/MATLAB/images_generated/4276b82e4489_enhanced.png
4289af3afbd2,2,/Users/mrudangmrugeshshah/Documents/MATLAB/images_generated/4289af3afbd2_enhanced.png
4294a14c656a,3,/Users/mrudangmrugeshshah/Documents/MATLAB/images_generated/4294a14c656a_enhanced.png
42985aa2e32f,0,/Users/mrudangmrugeshshah/Documents/MATLAB/images_generated/42985aa2e32f_enhanced.png
42a67337fa8e,2,/Users/mrudangmrugeshshah/Documents/MATLAB/images_generated/42a67337fa8e_enhanced.png
42a850acd2ac,2,/Users/mrudangmrugeshshah/Documents/MATLAB/images_generated/42a850acd2ac_enhanced.png
42af7282349b,0,/Users/mrudangmrugeshshah/Documents/MATLAB/images_generated/42af7282349b_enhanced.png
42b08dca9b2f,2,/Users/mrudangmrugeshshah/Documents/MATLAB/images_generated/42b08dca9b2f_enhanced.png
42b93b574f23,2,/Users/mrudangmrugeshshah/Documents/MATLAB/images_generated/42b93b574f23_enhanced.png
42b9c1977681,0,/Users/mrudangmrugeshshah/Documents/MATLAB/images_generated/42b9c1977681_enhanced.png
42c65af5ab16,0,/Users/mrudangmrugeshshah/Documents/MATLAB/images_generated/42c65af5ab16_enhanced.png
42cc993f23a9,3,/Users/mrudangmrugeshshah/Documents/MATLAB/images_generated/42cc993f23a9_enhanced.png
4318b6adeb97,0,/Users/mrudangmrugeshshah/Documents/MATLAB/images_generated/4318b6adeb97_enhanced.png
4350a1b2f3cb,0,/Users/mrudangmrugeshshah/Documents/MATLAB/images_generated/4350a1b2f3cb_enhanced.png
435414ccccf7,0,/Users/mrudangmrugeshshah/Documents/MATLAB/images_generated/435414ccccf7_enhanced.png
435d900fa7b2,2,/Users/mrudangmrugeshshah/Documents/MATLAB/images_generated/435d900fa7b2_enhanced.png
4360a112db10,3,/Users/mrudangmrugeshshah/Documents/MATLAB/images_generated/4360a112db10_enhanced.png
436e1793d240,2,/Users/mrudangmrugeshshah/Documents/MATLAB/images_generated/436e1793d240_enhanced.png
436e7a7af761,0,/Users/mrudangmrugeshshah/Documents/MATLAB/images_generated/436e7a7af761_enhanced.png
436fa3fd145a,0,/Users/mrudangmrugeshshah/Documents/MATLAB/images_generated/436fa3fd145a_enhanced.png
437900a99871,2,/Users/mrudangmrugeshshah/Documents/MATLAB/images_generated/437900a99871_enhanced.png
437cbec4a3f8,2,/Users/mrudangmrugeshshah/Documents/MATLAB/images_generated/437cbec4a3f8_enhanced.png
43823561c3f0,0,/Users/mrudangmrugeshshah/Documents/MATLAB/images_generated/43823561c3f0_enhanced.png
4384fa687afa,2,/Users/mrudangmrugeshshah/Documents/MATLAB/images_generated/4384fa687afa_enhanced.png
4393c5bc576a,1,/Users/mrudangmrugeshshah/Documents/MATLAB/images_generated/4393c5bc576a_enhanced.png
43bc7c066dfb,0,/Users/mrudangmrugeshshah/Documents/MATLAB/images_generated/43bc7c066dfb_enhanced.png
43ddd0ab0cc4,2,/Users/mrudangmrugeshshah/Documents/MATLAB/images_generated/43ddd0ab0cc4_enhanced.png
43e9c66eb0f3,0,/Users/mrudangmrugeshshah/Documents/MATLAB/images_generated/43e9c66eb0f3_enhanced.png
43f22d1be8dd,0,/Users/mrudangmrugeshshah/Documents/MATLAB/images_generated/43f22d1be8dd_enhanced.png
43fb6eda9b97,2,/Users/mrudangmrugeshshah/Documents/MATLAB/images_generated/43fb6eda9b97_enhanced.png
4403538fb50f,0,/Users/mrudangmrugeshshah/Documents/MATLAB/images_generated/4403538fb50f_enhanced.png
4409965eb2a4,0,/Users/mrudangmrugeshshah/Documents/MATLAB/images_generated/4409965eb2a4_enhanced.png
441117562359,2,/Users/mrudangmrugeshshah/Documents/MATLAB/images_generated/441117562359_enhanced.png
441848e0f308,0,/Users/mrudangmrugeshshah/Documents/MATLAB/images_generated/441848e0f308_enhanced.png
441affbe99aa,2,/Users/mrudangmrugeshshah/Documents/MATLAB/images_generated/441affbe99aa_enhanced.png
44271f3cb18f,0,/Users/mrudangmrugeshshah/Documents/MATLAB/images_generated/44271f3cb18f_enhanced.png
445a8a6da55c,0,/Users/mrudangmrugeshshah/Documents/MATLAB/images_generated/445a8a6da55c_enhanced.png
4462fba1d2a1,4,/Users/mrudangmrugeshshah/Documents/MATLAB/images_generated/4462fba1d2a1_enhanced.png
4464bb62bf20,0,/Users/mrudangmrugeshshah/Documents/MATLAB/images_generated/4464bb62bf20_enhanced.png
4478b870e549,2,/Users/mrudangmrugeshshah/Documents/MATLAB/images_generated/4478b870e549_enhanced.png
44855f666225,2,/Users/mrudangmrugeshshah/Documents/MATLAB/images_generated/44855f666225_enhanced.png
44878f34e31f,0,/Users/mrudangmrugeshshah/Documents/MATLAB/images_generated/44878f34e31f_enhanced.png
4489d421e5aa,2,/Users/mrudangmrugeshshah/Documents/MATLAB/images_generated/4489d421e5aa_enhanced.png
44976c3b11a6,0,/Users/mrudangmrugeshshah/Documents/MATLAB/images_generated/44976c3b11a6_enhanced.png
44a4d04162cc,0,/Users/mrudangmrugeshshah/Documents/MATLAB/images_generated/44a4d04162cc_enhanced.png
44a86263117b,0,/Users/mrudangmrugeshshah/Documents/MATLAB/images_generated/44a86263117b_enhanced.png
44c869174e3a,2,/Users/mrudangmrugeshshah/Documents/MATLAB/images_generated/44c869174e3a_enhanced.png
44e0d56e9d42,2,/Users/mrudangmrugeshshah/Documents/MATLAB/images_generated/44e0d56e9d42_enhanced.png
44e951e45dca,2,/Users/mrudangmrugeshshah/Documents/MATLAB/images_generated/44e951e45dca_enhanced.png
44ecf3f4efa5,4,/Users/mrudangmrugeshshah/Documents/MATLAB/images_generated/44ecf3f4efa5_enhanced.png
44f4ae58990e,2,/Users/mrudangmrugeshshah/Documents/MATLAB/images_generated/44f4ae58990e_enhanced.png
44f7f3ef9d50,0,/Users/mrudangmrugeshshah/Documents/MATLAB/images_generated/44f7f3ef9d50_enhanced.png
4528fbbd43a3,0,/Users/mrudangmrugeshshah/Documents/MATLAB/images_generated/4528fbbd43a3_enhanced.png
45369821d6a3,0,/Users/mrudangmrugeshshah/Documents/MATLAB/images_generated/45369821d6a3_enhanced.png
453a1e2754b2,2,/Users/mrudangmrugeshshah/Documents/MATLAB/images_generated/453a1e2754b2_enhanced.png
453d553b0a94,2,/Users/mrudangmrugeshshah/Documents/MATLAB/images_generated/453d553b0a94_enhanced.png
454792eb6e05,0,/Users/mrudangmrugeshshah/Documents/MATLAB/images_generated/454792eb6e05_enhanced.png
454a944eb557,0,/Users/mrudangmrugeshshah/Documents/MATLAB/images_generated/454a944eb557_enhanced.png
4554062fa836,0,/Users/mrudangmrugeshshah/Documents/MATLAB/images_generated/4554062fa836_enhanced.png
45693d027798,0,/Users/mrudangmrugeshshah/Documents/MATLAB/images_generated/45693d027798_enhanced.png
457c7c927e27,3,/Users/mrudangmrugeshshah/Documents/MATLAB/images_generated/457c7c927e27_enhanced.png
45ae04cfde5d,2,/Users/mrudangmrugeshshah/Documents/MATLAB/images_generated/45ae04cfde5d_enhanced.png
45c39ab9e797,2,/Users/mrudangmrugeshshah/Documents/MATLAB/images_generated/45c39ab9e797_enhanced.png
45e4b7eada54,1,/Users/mrudangmrugeshshah/Documents/MATLAB/images_generated/45e4b7eada54_enhanced.png
460893cd86e3,2,/Users/mrudangmrugeshshah/Documents/MATLAB/images_generated/460893cd86e3_enhanced.png
461fa5292fda,0,/Users/mrudangmrugeshshah/Documents/MATLAB/images_generated/461fa5292fda_enhanced.png
462937ece243,0,/Users/mrudangmrugeshshah/Documents/MATLAB/images_generated/462937ece243_enhanced.png
465c618f7b23,2,/Users/mrudangmrugeshshah/Documents/MATLAB/images_generated/465c618f7b23_enhanced.png
4661006f3ba6,1,/Users/mrudangmrugeshshah/Documents/MATLAB/images_generated/4661006f3ba6_enhanced.png
467b7d9d811c,2,/Users/mrudangmrugeshshah/Documents/MATLAB/images_generated/467b7d9d811c_enhanced.png
4689b739d240,4,/Users/mrudangmrugeshshah/Documents/MATLAB/images_generated/4689b739d240_enhanced.png
46923eea9a4e,2,/Users/mrudangmrugeshshah/Documents/MATLAB/images_generated/46923eea9a4e_enhanced.png
46acc506fa61,0,/Users/mrudangmrugeshshah/Documents/MATLAB/images_generated/46acc506fa61_enhanced.png
46c1548d730e,2,/Users/mrudangmrugeshshah/Documents/MATLAB/images_generated/46c1548d730e_enhanced.png
46cdc8b685bd,4,/Users/mrudangmrugeshshah/Documents/MATLAB/images_generated/46cdc8b685bd_enhanced.png
46d3316c4857,4,/Users/mrudangmrugeshshah/Documents/MATLAB/images_generated/46d3316c4857_enhanced.png
46f56c38051f,2,/Users/mrudangmrugeshshah/Documents/MATLAB/images_generated/46f56c38051f_enhanced.png
4704dbb59536,0,/Users/mrudangmrugeshshah/Documents/MATLAB/images_generated/4704dbb59536_enhanced.png
4731e708ede3,0,/Users/mrudangmrugeshshah/Documents/MATLAB/images_generated/4731e708ede3_enhanced.png
475300735b7f,0,/Users/mrudangmrugeshshah/Documents/MATLAB/images_generated/475300735b7f_enhanced.png
47536db39f00,0,/Users/mrudangmrugeshshah/Documents/MATLAB/images_generated/47536db39f00_enhanced.png
475c7ded0f7a,2,/Users/mrudangmrugeshshah/Documents/MATLAB/images_generated/475c7ded0f7a_enhanced.png
478fc46eaa49,0,/Users/mrudangmrugeshshah/Documents/MATLAB/images_generated/478fc46eaa49_enhanced.png
47b756014447,2,/Users/mrudangmrugeshshah/Documents/MATLAB/images_generated/47b756014447_enhanced.png
47d1603a555b,1,/Users/mrudangmrugeshshah/Documents/MATLAB/images_generated/47d1603a555b_enhanced.png
47e51065b819,2,/Users/mrudangmrugeshshah/Documents/MATLAB/images_generated/47e51065b819_enhanced.png
4818672273af,2,/Users/mrudangmrugeshshah/Documents/MATLAB/images_generated/4818672273af_enhanced.png
482088e6be44,0,/Users/mrudangmrugeshshah/Documents/MATLAB/images_generated/482088e6be44_enhanced.png
4826d10030b3,0,/Users/mrudangmrugeshshah/Documents/MATLAB/images_generated/4826d10030b3_enhanced.png
484dbeb9bf2a,0,/Users/mrudangmrugeshshah/Documents/MATLAB/images_generated/484dbeb9bf2a_enhanced.png
48543037d0b3,2,/Users/mrudangmrugeshshah/Documents/MATLAB/images_generated/48543037d0b3_enhanced.png
4860f7813654,0,/Users/mrudangmrugeshshah/Documents/MATLAB/images_generated/4860f7813654_enhanced.png
486e852a3b4d,0,/Users/mrudangmrugeshshah/Documents/MATLAB/images_generated/486e852a3b4d_enhanced.png
48a45619d1a3,0,/Users/mrudangmrugeshshah/Documents/MATLAB/images_generated/48a45619d1a3_enhanced.png
48afe8c47454,2,/Users/mrudangmrugeshshah/Documents/MATLAB/images_generated/48afe8c47454_enhanced.png
48c49f662f7d,2,/Users/mrudangmrugeshshah/Documents/MATLAB/images_generated/48c49f662f7d_enhanced.png
48c72dec46e5,2,/Users/mrudangmrugeshshah/Documents/MATLAB/images_generated/48c72dec46e5_enhanced.png
48fda42bd5d4,2,/Users/mrudangmrugeshshah/Documents/MATLAB/images_generated/48fda42bd5d4_enhanced.png
4926dea289f8,0,/Users/mrudangmrugeshshah/Documents/MATLAB/images_generated/4926dea289f8_enhanced.png
4927945ecfed,0,/Users/mrudangmrugeshshah/Documents/MATLAB/images_generated/4927945ecfed_enhanced.png
49386d603494,1,/Users/mrudangmrugeshshah/Documents/MATLAB/images_generated/49386d603494_enhanced.png
493d99f030e2,0,/Users/mrudangmrugeshshah/Documents/MATLAB/images_generated/493d99f030e2_enhanced.png
49419f8d5cb4,2,/Users/mrudangmrugeshshah/Documents/MATLAB/images_generated/49419f8d5cb4_enhanced.png
494fc9c745a3,1,/Users/mrudangmrugeshshah/Documents/MATLAB/images_generated/494fc9c745a3_enhanced.png
495106ae3b68,0,/Users/mrudangmrugeshshah/Documents/MATLAB/images_generated/495106ae3b68_enhanced.png
495255c7492f,1,/Users/mrudangmrugeshshah/Documents/MATLAB/images_generated/495255c7492f_enhanced.png
4958bfcc9f38,0,/Users/mrudangmrugeshshah/Documents/MATLAB/images_generated/4958bfcc9f38_enhanced.png
496155f71d0a,0,/Users/mrudangmrugeshshah/Documents/MATLAB/images_generated/496155f71d0a_enhanced.png
4982378d72f9,0,/Users/mrudangmrugeshshah/Documents/MATLAB/images_generated/4982378d72f9_enhanced.png
498f143c0374,3,/Users/mrudangmrugeshshah/Documents/MATLAB/images_generated/498f143c0374_enhanced.png
499c8df39222,4,/Users/mrudangmrugeshshah/Documents/MATLAB/images_generated/499c8df39222_enhanced.png
49a4765f8822,2,/Users/mrudangmrugeshshah/Documents/MATLAB/images_generated/49a4765f8822_enhanced.png
49c5e7f6b8d2,1,/Users/mrudangmrugeshshah/Documents/MATLAB/images_generated/49c5e7f6b8d2_enhanced.png
49d69c4c6290,2,/Users/mrudangmrugeshshah/Documents/MATLAB/images_generated/49d69c4c6290_enhanced.png
49e4b95ee2dc,0,/Users/mrudangmrugeshshah/Documents/MATLAB/images_generated/49e4b95ee2dc_enhanced.png
49eb73968c44,0,/Users/mrudangmrugeshshah/Documents/MATLAB/images_generated/49eb73968c44_enhanced.png
4a05f81b3aba,0,/Users/mrudangmrugeshshah/Documents/MATLAB/images_generated/4a05f81b3aba_enhanced.png
4a0890b08532,2,/Users/mrudangmrugeshshah/Documents/MATLAB/images_generated/4a0890b08532_enhanced.png
4a0bba3b7d83,2,/Users/mrudangmrugeshshah/Documents/MATLAB/images_generated/4a0bba3b7d83_enhanced.png
4a1afe4044f4,0,/Users/mrudangmrugeshshah/Documents/MATLAB/images_generated/4a1afe4044f4_enhanced.png
4a213b405ee4,1,/Users/mrudangmrugeshshah/Documents/MATLAB/images_generated/4a213b405ee4_enhanced.png
4a3da369b227,4,/Users/mrudangmrugeshshah/Documents/MATLAB/images_generated/4a3da369b227_enhanced.png
4a44cc840ebe,2,/Users/mrudangmrugeshshah/Documents/MATLAB/images_generated/4a44cc840ebe_enhanced.png
4a4cb731f91a,0,/Users/mrudangmrugeshshah/Documents/MATLAB/images_generated/4a4cb731f91a_enhanced.png
4a558a1cd243,2,/Users/mrudangmrugeshshah/Documents/MATLAB/images_generated/4a558a1cd243_enhanced.png
4a589edaea60,0,/Users/mrudangmrugeshshah/Documents/MATLAB/images_generated/4a589edaea60_enhanced.png
4a5a6efc0bef,0,/Users/mrudangmrugeshshah/Documents/MATLAB/images_generated/4a5a6efc0bef_enhanced.png
4a693dd3921a,4,/Users/mrudangmrugeshshah/Documents/MATLAB/images_generated/4a693dd3921a_enhanced.png
4a7dc013e802,4,/Users/mrudangmrugeshshah/Documents/MATLAB/images_generated/4a7dc013e802_enhanced.png
4a96c28f3f07,0,/Users/mrudangmrugeshshah/Documents/MATLAB/images_generated/4a96c28f3f07_enhanced.png
4aa07d720638,1,/Users/mrudangmrugeshshah/Documents/MATLAB/images_generated/4aa07d720638_enhanced.png
4aa3d771c5e4,0,/Users/mrudangmrugeshshah/Documents/MATLAB/images_generated/4aa3d771c5e4_enhanced.png
4ab8c0cece7f,0,/Users/mrudangmrugeshshah/Documents/MATLAB/images_generated/4ab8c0cece7f_enhanced.png
4abca30b676b,4,/Users/mrudangmrugeshshah/Documents/MATLAB/images_generated/4abca30b676b_enhanced.png
4ad6109706e8,2,/Users/mrudangmrugeshshah/Documents/MATLAB/images_generated/4ad6109706e8_enhanced.png
4ad8d3ec8789,0,/Users/mrudangmrugeshshah/Documents/MATLAB/images_generated/4ad8d3ec8789_enhanced.png
4b1001050f1d,2,/Users/mrudangmrugeshshah/Documents/MATLAB/images_generated/4b1001050f1d_enhanced.png
4b237b958555,0,/Users/mrudangmrugeshshah/Documents/MATLAB/images_generated/4b237b958555_enhanced.png
4b422b48d0d4,2,/Users/mrudangmrugeshshah/Documents/MATLAB/images_generated/4b422b48d0d4_enhanced.png
4b5ffea77373,2,/Users/mrudangmrugeshshah/Documents/MATLAB/images_generated/4b5ffea77373_enhanced.png
4b618537d52f,3,/Users/mrudangmrugeshshah/Documents/MATLAB/images_generated/4b618537d52f_enhanced.png
4b6895d0cf8d,0,/Users/mrudangmrugeshshah/Documents/MATLAB/images_generated/4b6895d0cf8d_enhanced.png
4b6cb0bcfd44,0,/Users/mrudangmrugeshshah/Documents/MATLAB/images_generated/4b6cb0bcfd44_enhanced.png
4bcee3cbe232,0,/Users/mrudangmrugeshshah/Documents/MATLAB/images_generated/4bcee3cbe232_enhanced.png
4bd5d0b30198,0,/Users/mrudangmrugeshshah/Documents/MATLAB/images_generated/4bd5d0b30198_enhanced.png
4bd941611343,4,/Users/mrudangmrugeshshah/Documents/MATLAB/images_generated/4bd941611343_enhanced.png
4beeca5cc859,0,/Users/mrudangmrugeshshah/Documents/MATLAB/images_generated/4beeca5cc859_enhanced.png
4c129470cec4,1,/Users/mrudangmrugeshshah/Documents/MATLAB/images_generated/4c129470cec4_enhanced.png
4c17e85686f0,0,/Users/mrudangmrugeshshah/Documents/MATLAB/images_generated/4c17e85686f0_enhanced.png
4c389d033cb0,0,/Users/mrudangmrugeshshah/Documents/MATLAB/images_generated/4c389d033cb0_enhanced.png
4c3c1ed09771,1,/Users/mrudangmrugeshshah/Documents/MATLAB/images_generated/4c3c1ed09771_enhanced.png
4c52922f3bfd,2,/Users/mrudangmrugeshshah/Documents/MATLAB/images_generated/4c52922f3bfd_enhanced.png
4c53cc97ea13,0,/Users/mrudangmrugeshshah/Documents/MATLAB/images_generated/4c53cc97ea13_enhanced.png
4c570172778b,3,/Users/mrudangmrugeshshah/Documents/MATLAB/images_generated/4c570172778b_enhanced.png
4c5ab774a381,0,/Users/mrudangmrugeshshah/Documents/MATLAB/images_generated/4c5ab774a381_enhanced.png
4c60b10a3a6a,3,/Users/mrudangmrugeshshah/Documents/MATLAB/images_generated/4c60b10a3a6a_enhanced.png
4c60f6fcea75,0,/Users/mrudangmrugeshshah/Documents/MATLAB/images_generated/4c60f6fcea75_enhanced.png
4c635a01593d,0,/Users/mrudangmrugeshshah/Documents/MATLAB/images_generated/4c635a01593d_enhanced.png
4c6c5a1bf5ab,0,/Users/mrudangmrugeshshah/Documents/MATLAB/images_generated/4c6c5a1bf5ab_enhanced.png
4c78d9d18da9,2,/Users/mrudangmrugeshshah/Documents/MATLAB/images_generated/4c78d9d18da9_enhanced.png
4c9f0fdaaef7,3,/Users/mrudangmrugeshshah/Documents/MATLAB/images_generated/4c9f0fdaaef7_enhanced.png
4cae247d9909,1,/Users/mrudangmrugeshshah/Documents/MATLAB/images_generated/4cae247d9909_enhanced.png
4ccee4db09b6,0,/Users/mrudangmrugeshshah/Documents/MATLAB/images_generated/4ccee4db09b6_enhanced.png
4ccfa0b4e96c,4,/Users/mrudangmrugeshshah/Documents/MATLAB/images_generated/4ccfa0b4e96c_enhanced.png
4cddfc22b0ad,0,/Users/mrudangmrugeshshah/Documents/MATLAB/images_generated/4cddfc22b0ad_enhanced.png
4cde86044ad1,0,/Users/mrudangmrugeshshah/Documents/MATLAB/images_generated/4cde86044ad1_enhanced.png
4ce74e5eb51d,2,/Users/mrudangmrugeshshah/Documents/MATLAB/images_generated/4ce74e5eb51d_enhanced.png
4cf4d528c08e,0,/Users/mrudangmrugeshshah/Documents/MATLAB/images_generated/4cf4d528c08e_enhanced.png
4cfd22ae43d4,0,/Users/mrudangmrugeshshah/Documents/MATLAB/images_generated/4cfd22ae43d4_enhanced.png
4d009cebabc9,2,/Users/mrudangmrugeshshah/Documents/MATLAB/images_generated/4d009cebabc9_enhanced.png
4d167ca69ea8,0,/Users/mrudangmrugeshshah/Documents/MATLAB/images_generated/4d167ca69ea8_enhanced.png
4d17559ac1e2,0,/Users/mrudangmrugeshshah/Documents/MATLAB/images_generated/4d17559ac1e2_enhanced.png
4d1cf360b2d7,2,/Users/mrudangmrugeshshah/Documents/MATLAB/images_generated/4d1cf360b2d7_enhanced.png
4d1e7def7624,0,/Users/mrudangmrugeshshah/Documents/MATLAB/images_generated/4d1e7def7624_enhanced.png
4d21ce39c905,2,/Users/mrudangmrugeshshah/Documents/MATLAB/images_generated/4d21ce39c905_enhanced.png
4d3de40ced3a,0,/Users/mrudangmrugeshshah/Documents/MATLAB/images_generated/4d3de40ced3a_enhanced.png
4d47300e3ddb,3,/Users/mrudangmrugeshshah/Documents/MATLAB/images_generated/4d47300e3ddb_enhanced.png
4d7d6928534a,1,/Users/mrudangmrugeshshah/Documents/MATLAB/images_generated/4d7d6928534a_enhanced.png
4d9fc85a8259,3,/Users/mrudangmrugeshshah/Documents/MATLAB/images_generated/4d9fc85a8259_enhanced.png
4da2961e62fe,1,/Users/mrudangmrugeshshah/Documents/MATLAB/images_generated/4da2961e62fe_enhanced.png
4da6e2089d57,2,/Users/mrudangmrugeshshah/Documents/MATLAB/images_generated/4da6e2089d57_enhanced.png
4dbce359d0e1,2,/Users/mrudangmrugeshshah/Documents/MATLAB/images_generated/4dbce359d0e1_enhanced.png
4dc2211a1c31,4,/Users/mrudangmrugeshshah/Documents/MATLAB/images_generated/4dc2211a1c31_enhanced.png
4dd14c380696,0,/Users/mrudangmrugeshshah/Documents/MATLAB/images_generated/4dd14c380696_enhanced.png
4dd4a4bf2421,0,/Users/mrudangmrugeshshah/Documents/MATLAB/images_generated/4dd4a4bf2421_enhanced.png
4dd5d5ccddcf,1,/Users/mrudangmrugeshshah/Documents/MATLAB/images_generated/4dd5d5ccddcf_enhanced.png
4dd71fc7f22b,4,/Users/mrudangmrugeshshah/Documents/MATLAB/images_generated/4dd71fc7f22b_enhanced.png
4dd7b322f342,0,/Users/mrudangmrugeshshah/Documents/MATLAB/images_generated/4dd7b322f342_enhanced.png
4dd9d29eae5d,1,/Users/mrudangmrugeshshah/Documents/MATLAB/images_generated/4dd9d29eae5d_enhanced.png
4df6a81b476e,3,/Users/mrudangmrugeshshah/Documents/MATLAB/images_generated/4df6a81b476e_enhanced.png
4e0656629d02,1,/Users/mrudangmrugeshshah/Documents/MATLAB/images_generated/4e0656629d02_enhanced.png
4e1e252317b5,0,/Users/mrudangmrugeshshah/Documents/MATLAB/images_generated/4e1e252317b5_enhanced.png
4e231670b48c,0,/Users/mrudangmrugeshshah/Documents/MATLAB/images_generated/4e231670b48c_enhanced.png
4e43d05cc2ef,2,/Users/mrudangmrugeshshah/Documents/MATLAB/images_generated/4e43d05cc2ef_enhanced.png
4e4a6224a04e,0,/Users/mrudangmrugeshshah/Documents/MATLAB/images_generated/4e4a6224a04e_enhanced.png
4e54ccfd49b2,0,/Users/mrudangmrugeshshah/Documents/MATLAB/images_generated/4e54ccfd49b2_enhanced.png
4e6071b73120,1,/Users/mrudangmrugeshshah/Documents/MATLAB/images_generated/4e6071b73120_enhanced.png
4e7694eebb91,2,/Users/mrudangmrugeshshah/Documents/MATLAB/images_generated/4e7694eebb91_enhanced.png
4e82c3c8d31f,1,/Users/mrudangmrugeshshah/Documents/MATLAB/images_generated/4e82c3c8d31f_enhanced.png
4e8585a96739,0,/Users/mrudangmrugeshshah/Documents/MATLAB/images_generated/4e8585a96739_enhanced.png
4e85aa647534,0,/Users/mrudangmrugeshshah/Documents/MATLAB/images_generated/4e85aa647534_enhanced.png
4eabad7948cf,0,/Users/mrudangmrugeshshah/Documents/MATLAB/images_generated/4eabad7948cf_enhanced.png
4eaf2f81819d,0,/Users/mrudangmrugeshshah/Documents/MATLAB/images_generated/4eaf2f81819d_enhanced.png
4ec7796df40e,0,/Users/mrudangmrugeshshah/Documents/MATLAB/images_generated/4ec7796df40e_enhanced.png
4ecd1fdd1435,1,/Users/mrudangmrugeshshah/Documents/MATLAB/images_generated/4ecd1fdd1435_enhanced.png
4ed31cc07366,2,/Users/mrudangmrugeshshah/Documents/MATLAB/images_generated/4ed31cc07366_enhanced.png
4ee1ad981a6d,2,/Users/mrudangmrugeshshah/Documents/MATLAB/images_generated/4ee1ad981a6d_enhanced.png
4ef0b485a7da,2,/Users/mrudangmrugeshshah/Documents/MATLAB/images_generated/4ef0b485a7da_enhanced.png
4ef16a53d899,0,/Users/mrudangmrugeshshah/Documents/MATLAB/images_generated/4ef16a53d899_enhanced.png
4ef7144e24ff,1,/Users/mrudangmrugeshshah/Documents/MATLAB/images_generated/4ef7144e24ff_enhanced.png
4f0866b90c27,3,/Users/mrudangmrugeshshah/Documents/MATLAB/images_generated/4f0866b90c27_enhanced.png
4f20f9a9a65b,2,/Users/mrudangmrugeshshah/Documents/MATLAB/images_generated/4f20f9a9a65b_enhanced.png
4f46d7ee61ed,2,/Users/mrudangmrugeshshah/Documents/MATLAB/images_generated/4f46d7ee61ed_enhanced.png
4f5dd7660b17,0,/Users/mrudangmrugeshshah/Documents/MATLAB/images_generated/4f5dd7660b17_enhanced.png
4f60129e9a5b,2,/Users/mrudangmrugeshshah/Documents/MATLAB/images_generated/4f60129e9a5b_enhanced.png
4f6abc40c72d,0,/Users/mrudangmrugeshshah/Documents/MATLAB/images_generated/4f6abc40c72d_enhanced.png
4f7755e74a9e,1,/Users/mrudangmrugeshshah/Documents/MATLAB/images_generated/4f7755e74a9e_enhanced.png
4fa26d065ad3,1,/Users/mrudangmrugeshshah/Documents/MATLAB/images_generated/4fa26d065ad3_enhanced.png
4faf4063db8c,0,/Users/mrudangmrugeshshah/Documents/MATLAB/images_generated/4faf4063db8c_enhanced.png
4fd5ec0dca09,0,/Users/mrudangmrugeshshah/Documents/MATLAB/images_generated/4fd5ec0dca09_enhanced.png
4fecf87184e6,3,/Users/mrudangmrugeshshah/Documents/MATLAB/images_generated/4fecf87184e6_enhanced.png
4fef9ed8a4c5,3,/Users/mrudangmrugeshshah/Documents/MATLAB/images_generated/4fef9ed8a4c5_enhanced.png
4ffa38550c95,0,/Users/mrudangmrugeshshah/Documents/MATLAB/images_generated/4ffa38550c95_enhanced.png
500aad15b7c8,0,/Users/mrudangmrugeshshah/Documents/MATLAB/images_generated/500aad15b7c8_enhanced.png
501c319f7a9f,0,/Users/mrudangmrugeshshah/Documents/MATLAB/images_generated/501c319f7a9f_enhanced.png
504a69096fcb,0,/Users/mrudangmrugeshshah/Documents/MATLAB/images_generated/504a69096fcb_enhanced.png
5056fa7d505f,0,/Users/mrudangmrugeshshah/Documents/MATLAB/images_generated/5056fa7d505f_enhanced.png
5069feccd866,0,/Users/mrudangmrugeshshah/Documents/MATLAB/images_generated/5069feccd866_enhanced.png
5077cdb88aed,0,/Users/mrudangmrugeshshah/Documents/MATLAB/images_generated/5077cdb88aed_enhanced.png
5078caaf1f57,0,/Users/mrudangmrugeshshah/Documents/MATLAB/images_generated/5078caaf1f57_enhanced.png
50840c36f0b4,1,/Users/mrudangmrugeshshah/Documents/MATLAB/images_generated/50840c36f0b4_enhanced.png
5090917a2676,1,/Users/mrudangmrugeshshah/Documents/MATLAB/images_generated/5090917a2676_enhanced.png
50915e2329a1,0,/Users/mrudangmrugeshshah/Documents/MATLAB/images_generated/50915e2329a1_enhanced.png
50916d67bb51,0,/Users/mrudangmrugeshshah/Documents/MATLAB/images_generated/50916d67bb51_enhanced.png
50a2aef380c8,3,/Users/mrudangmrugeshshah/Documents/MATLAB/images_generated/50a2aef380c8_enhanced.png
50d8249f7bc9,0,/Users/mrudangmrugeshshah/Documents/MATLAB/images_generated/50d8249f7bc9_enhanced.png
50d8a8fb7737,2,/Users/mrudangmrugeshshah/Documents/MATLAB/images_generated/50d8a8fb7737_enhanced.png
50ddd7d976df,0,/Users/mrudangmrugeshshah/Documents/MATLAB/images_generated/50ddd7d976df_enhanced.png
50f5201fd18a,0,/Users/mrudangmrugeshshah/Documents/MATLAB/images_generated/50f5201fd18a_enhanced.png
51030843fde2,2,/Users/mrudangmrugeshshah/Documents/MATLAB/images_generated/51030843fde2_enhanced.png
510aa0a898fa,2,/Users/mrudangmrugeshshah/Documents/MATLAB/images_generated/510aa0a898fa_enhanced.png
51131b48f9d4,1,/Users/mrudangmrugeshshah/Documents/MATLAB/images_generated/51131b48f9d4_enhanced.png
511fd66b2df8,0,/Users/mrudangmrugeshshah/Documents/MATLAB/images_generated/511fd66b2df8_enhanced.png
51269b77d312,3,/Users/mrudangmrugeshshah/Documents/MATLAB/images_generated/51269b77d312_enhanced.png
513b0a4651fa,1,/Users/mrudangmrugeshshah/Documents/MATLAB/images_generated/513b0a4651fa_enhanced.png
51405d042000,2,/Users/mrudangmrugeshshah/Documents/MATLAB/images_generated/51405d042000_enhanced.png
5152bf091152,2,/Users/mrudangmrugeshshah/Documents/MATLAB/images_generated/5152bf091152_enhanced.png
5173d54fc214,2,/Users/mrudangmrugeshshah/Documents/MATLAB/images_generated/5173d54fc214_enhanced.png
5188a8afa879,2,/Users/mrudangmrugeshshah/Documents/MATLAB/images_generated/5188a8afa879_enhanced.png
518e880613de,4,/Users/mrudangmrugeshshah/Documents/MATLAB/images_generated/518e880613de_enhanced.png
519c6e8f78dc,0,/Users/mrudangmrugeshshah/Documents/MATLAB/images_generated/519c6e8f78dc_enhanced.png
51a078d6d43a,0,/Users/mrudangmrugeshshah/Documents/MATLAB/images_generated/51a078d6d43a_enhanced.png
51a1d162e223,4,/Users/mrudangmrugeshshah/Documents/MATLAB/images_generated/51a1d162e223_enhanced.png
51aa3361294c,0,/Users/mrudangmrugeshshah/Documents/MATLAB/images_generated/51aa3361294c_enhanced.png
51af8a689511,0,/Users/mrudangmrugeshshah/Documents/MATLAB/images_generated/51af8a689511_enhanced.png
51af8c112682,4,/Users/mrudangmrugeshshah/Documents/MATLAB/images_generated/51af8c112682_enhanced.png
51cd8d2057fa,0,/Users/mrudangmrugeshshah/Documents/MATLAB/images_generated/51cd8d2057fa_enhanced.png
51cfeccaf40d,2,/Users/mrudangmrugeshshah/Documents/MATLAB/images_generated/51cfeccaf40d_enhanced.png
51d0034d177d,2,/Users/mrudangmrugeshshah/Documents/MATLAB/images_generated/51d0034d177d_enhanced.png
51d574513bcb,2,/Users/mrudangmrugeshshah/Documents/MATLAB/images_generated/51d574513bcb_enhanced.png
51d780864365,2,/Users/mrudangmrugeshshah/Documents/MATLAB/images_generated/51d780864365_enhanced.png
51da6aebba8f,3,/Users/mrudangmrugeshshah/Documents/MATLAB/images_generated/51da6aebba8f_enhanced.png
51e656e5a541,0,/Users/mrudangmrugeshshah/Documents/MATLAB/images_generated/51e656e5a541_enhanced.png
521b5377a727,0,/Users/mrudangmrugeshshah/Documents/MATLAB/images_generated/521b5377a727_enhanced.png
521d3e264d71,2,/Users/mrudangmrugeshshah/Documents/MATLAB/images_generated/521d3e264d71_enhanced.png
52230bbef30e,2,/Users/mrudangmrugeshshah/Documents/MATLAB/images_generated/52230bbef30e_enhanced.png
523b3f0fc646,1,/Users/mrudangmrugeshshah/Documents/MATLAB/images_generated/523b3f0fc646_enhanced.png
523d0c2cb4d6,2,/Users/mrudangmrugeshshah/Documents/MATLAB/images_generated/523d0c2cb4d6_enhanced.png
523ff163211b,2,/Users/mrudangmrugeshshah/Documents/MATLAB/images_generated/523ff163211b_enhanced.png
524f240e0c90,2,/Users/mrudangmrugeshshah/Documents/MATLAB/images_generated/524f240e0c90_enhanced.png
5257cb536da2,0,/Users/mrudangmrugeshshah/Documents/MATLAB/images_generated/5257cb536da2_enhanced.png
525acfea47e8,2,/Users/mrudangmrugeshshah/Documents/MATLAB/images_generated/525acfea47e8_enhanced.png
525d0dd8dc45,0,/Users/mrudangmrugeshshah/Documents/MATLAB/images_generated/525d0dd8dc45_enhanced.png
5264a54e1830,0,/Users/mrudangmrugeshshah/Documents/MATLAB/images_generated/5264a54e1830_enhanced.png
5265dc9acdf8,2,/Users/mrudangmrugeshshah/Documents/MATLAB/images_generated/5265dc9acdf8_enhanced.png
527bea76116c,2,/Users/mrudangmrugeshshah/Documents/MATLAB/images_generated/527bea76116c_enhanced.png
52886bed8a07,2,/Users/mrudangmrugeshshah/Documents/MATLAB/images_generated/52886bed8a07_enhanced.png
5288f7441f64,0,/Users/mrudangmrugeshshah/Documents/MATLAB/images_generated/5288f7441f64_enhanced.png
5293576816aa,0,/Users/mrudangmrugeshshah/Documents/MATLAB/images_generated/5293576816aa_enhanced.png
529906ff9dfa,0,/Users/mrudangmrugeshshah/Documents/MATLAB/images_generated/529906ff9dfa_enhanced.png
5299a532f0e0,0,/Users/mrudangmrugeshshah/Documents/MATLAB/images_generated/5299a532f0e0_enhanced.png
52ae917fcea4,1,/Users/mrudangmrugeshshah/Documents/MATLAB/images_generated/52ae917fcea4_enhanced.png
52dbec057cc8,2,/Users/mrudangmrugeshshah/Documents/MATLAB/images_generated/52dbec057cc8_enhanced.png
52ddde91a349,0,/Users/mrudangmrugeshshah/Documents/MATLAB/images_generated/52ddde91a349_enhanced.png
52edbe29d655,0,/Users/mrudangmrugeshshah/Documents/MATLAB/images_generated/52edbe29d655_enhanced.png
530d78467615,2,/Users/mrudangmrugeshshah/Documents/MATLAB/images_generated/530d78467615_enhanced.png
531b39880c32,1,/Users/mrudangmrugeshshah/Documents/MATLAB/images_generated/531b39880c32_enhanced.png
5321ab64f9ea,0,/Users/mrudangmrugeshshah/Documents/MATLAB/images_generated/5321ab64f9ea_enhanced.png
53273d664cd8,0,/Users/mrudangmrugeshshah/Documents/MATLAB/images_generated/53273d664cd8_enhanced.png
5327f88a1919,2,/Users/mrudangmrugeshshah/Documents/MATLAB/images_generated/5327f88a1919_enhanced.png
53327edb9e4d,0,/Users/mrudangmrugeshshah/Documents/MATLAB/images_generated/53327edb9e4d_enhanced.png
5347b4c8e9b3,1,/Users/mrudangmrugeshshah/Documents/MATLAB/images_generated/5347b4c8e9b3_enhanced.png
535682537302,0,/Users/mrudangmrugeshshah/Documents/MATLAB/images_generated/535682537302_enhanced.png
53704c80f0d8,1,/Users/mrudangmrugeshshah/Documents/MATLAB/images_generated/53704c80f0d8_enhanced.png
537e50fdf22e,3,/Users/mrudangmrugeshshah/Documents/MATLAB/images_generated/537e50fdf22e_enhanced.png
537e5c578f40,0,/Users/mrudangmrugeshshah/Documents/MATLAB/images_generated/537e5c578f40_enhanced.png
53c874dbc594,0,/Users/mrudangmrugeshshah/Documents/MATLAB/images_generated/53c874dbc594_enhanced.png
53ddae6a619e,0,/Users/mrudangmrugeshshah/Documents/MATLAB/images_generated/53ddae6a619e_enhanced.png
53f6c1c65c04,1,/Users/mrudangmrugeshshah/Documents/MATLAB/images_generated/53f6c1c65c04_enhanced.png
54038e56131d,0,/Users/mrudangmrugeshshah/Documents/MATLAB/images_generated/54038e56131d_enhanced.png
540e4973829e,0,/Users/mrudangmrugeshshah/Documents/MATLAB/images_generated/540e4973829e_enhanced.png
541db13517e2,2,/Users/mrudangmrugeshshah/Documents/MATLAB/images_generated/541db13517e2_enhanced.png
542964865b1e,0,/Users/mrudangmrugeshshah/Documents/MATLAB/images_generated/542964865b1e_enhanced.png
54334705a34d,0,/Users/mrudangmrugeshshah/Documents/MATLAB/images_generated/54334705a34d_enhanced.png
5445255635f0,0,/Users/mrudangmrugeshshah/Documents/MATLAB/images_generated/5445255635f0_enhanced.png
545df1bbcd61,1,/Users/mrudangmrugeshshah/Documents/MATLAB/images_generated/545df1bbcd61_enhanced.png
547b37da9223,2,/Users/mrudangmrugeshshah/Documents/MATLAB/images_generated/547b37da9223_enhanced.png
5486da4273d7,2,/Users/mrudangmrugeshshah/Documents/MATLAB/images_generated/5486da4273d7_enhanced.png
549381330191,0,/Users/mrudangmrugeshshah/Documents/MATLAB/images_generated/549381330191_enhanced.png
54b322c66d01,0,/Users/mrudangmrugeshshah/Documents/MATLAB/images_generated/54b322c66d01_enhanced.png
54bbe3da103e,2,/Users/mrudangmrugeshshah/Documents/MATLAB/images_generated/54bbe3da103e_enhanced.png
54bdcdecd8f3,0,/Users/mrudangmrugeshshah/Documents/MATLAB/images_generated/54bdcdecd8f3_enhanced.png
54cab3596214,2,/Users/mrudangmrugeshshah/Documents/MATLAB/images_generated/54cab3596214_enhanced.png
54dc6e8107cd,2,/Users/mrudangmrugeshshah/Documents/MATLAB/images_generated/54dc6e8107cd_enhanced.png
54f57cf26126,0,/Users/mrudangmrugeshshah/Documents/MATLAB/images_generated/54f57cf26126_enhanced.png
55034b1dbff2,2,/Users/mrudangmrugeshshah/Documents/MATLAB/images_generated/55034b1dbff2_enhanced.png
55092c0071eb,2,/Users/mrudangmrugeshshah/Documents/MATLAB/images_generated/55092c0071eb_enhanced.png
5511f114e7ee,0,/Users/mrudangmrugeshshah/Documents/MATLAB/images_generated/5511f114e7ee_enhanced.png
5548a7961a3e,1,/Users/mrudangmrugeshshah/Documents/MATLAB/images_generated/5548a7961a3e_enhanced.png
555d0bef3c5b,0,/Users/mrudangmrugeshshah/Documents/MATLAB/images_generated/555d0bef3c5b_enhanced.png
55968f0e63c4,0,/Users/mrudangmrugeshshah/Documents/MATLAB/images_generated/55968f0e63c4_enhanced.png
55eac26bd383,1,/Users/mrudangmrugeshshah/Documents/MATLAB/images_generated/55eac26bd383_enhanced.png
55eb405ec71e,4,/Users/mrudangmrugeshshah/Documents/MATLAB/images_generated/55eb405ec71e_enhanced.png
55f7f018c61c,0,/Users/mrudangmrugeshshah/Documents/MATLAB/images_generated/55f7f018c61c_enhanced.png
55fd453001cc,2,/Users/mrudangmrugeshshah/Documents/MATLAB/images_generated/55fd453001cc_enhanced.png
5633ced07d8e,1,/Users/mrudangmrugeshshah/Documents/MATLAB/images_generated/5633ced07d8e_enhanced.png
565f3404f9b2,0,/Users/mrudangmrugeshshah/Documents/MATLAB/images_generated/565f3404f9b2_enhanced.png
5671eb95512b,1,/Users/mrudangmrugeshshah/Documents/MATLAB/images_generated/5671eb95512b_enhanced.png
568455854a11,0,/Users/mrudangmrugeshshah/Documents/MATLAB/images_generated/568455854a11_enhanced.png
56e56aa08362,2,/Users/mrudangmrugeshshah/Documents/MATLAB/images_generated/56e56aa08362_enhanced.png
5712e2aa73a2,1,/Users/mrudangmrugeshshah/Documents/MATLAB/images_generated/5712e2aa73a2_enhanced.png
571bbdbf585e,0,/Users/mrudangmrugeshshah/Documents/MATLAB/images_generated/571bbdbf585e_enhanced.png
5723d0ec895e,2,/Users/mrudangmrugeshshah/Documents/MATLAB/images_generated/5723d0ec895e_enhanced.png
5728b8aa98ef,0,/Users/mrudangmrugeshshah/Documents/MATLAB/images_generated/5728b8aa98ef_enhanced.png
573ea80a53be,0,/Users/mrudangmrugeshshah/Documents/MATLAB/images_generated/573ea80a53be_enhanced.png
57469423a012,2,/Users/mrudangmrugeshshah/Documents/MATLAB/images_generated/57469423a012_enhanced.png
576e189d23d4,4,/Users/mrudangmrugeshshah/Documents/MATLAB/images_generated/576e189d23d4_enhanced.png
57760be09c03,2,/Users/mrudangmrugeshshah/Documents/MATLAB/images_generated/57760be09c03_enhanced.png
5777ef74c9ec,1,/Users/mrudangmrugeshshah/Documents/MATLAB/images_generated/5777ef74c9ec_enhanced.png
578109578b46,1,/Users/mrudangmrugeshshah/Documents/MATLAB/images_generated/578109578b46_enhanced.png
57a5e4274275,0,/Users/mrudangmrugeshshah/Documents/MATLAB/images_generated/57a5e4274275_enhanced.png
57a5f1015504,2,/Users/mrudangmrugeshshah/Documents/MATLAB/images_generated/57a5f1015504_enhanced.png
57a710de68a4,0,/Users/mrudangmrugeshshah/Documents/MATLAB/images_generated/57a710de68a4_enhanced.png
57ce57a8cfb0,2,/Users/mrudangmrugeshshah/Documents/MATLAB/images_generated/57ce57a8cfb0_enhanced.png
57db4781e7ec,0,/Users/mrudangmrugeshshah/Documents/MATLAB/images_generated/57db4781e7ec_enhanced.png
57f5ad4b5b29,0,/Users/mrudangmrugeshshah/Documents/MATLAB/images_generated/57f5ad4b5b29_enhanced.png
57f933d3d7c7,2,/Users/mrudangmrugeshshah/Documents/MATLAB/images_generated/57f933d3d7c7_enhanced.png
58059e73d2d4,0,/Users/mrudangmrugeshshah/Documents/MATLAB/images_generated/58059e73d2d4_enhanced.png
5814cbd2e9bf,0,/Users/mrudangmrugeshshah/Documents/MATLAB/images_generated/5814cbd2e9bf_enhanced.png
58184d6fd087,1,/Users/mrudangmrugeshshah/Documents/MATLAB/images_generated/58184d6fd087_enhanced.png
582115961a3d,1,/Users/mrudangmrugeshshah/Documents/MATLAB/images_generated/582115961a3d_enhanced.png
582f739b8f62,2,/Users/mrudangmrugeshshah/Documents/MATLAB/images_generated/582f739b8f62_enhanced.png
58529a8638d0,2,/Users/mrudangmrugeshshah/Documents/MATLAB/images_generated/58529a8638d0_enhanced.png
586f5c56081e,0,/Users/mrudangmrugeshshah/Documents/MATLAB/images_generated/586f5c56081e_enhanced.png
587146a55885,1,/Users/mrudangmrugeshshah/Documents/MATLAB/images_generated/587146a55885_enhanced.png
5879285f9d8d,1,/Users/mrudangmrugeshshah/Documents/MATLAB/images_generated/5879285f9d8d_enhanced.png
5889a0c75cac,0,/Users/mrudangmrugeshshah/Documents/MATLAB/images_generated/5889a0c75cac_enhanced.png
58a9e0d7f7af,0,/Users/mrudangmrugeshshah/Documents/MATLAB/images_generated/58a9e0d7f7af_enhanced.png
58af2c054ced,0,/Users/mrudangmrugeshshah/Documents/MATLAB/images_generated/58af2c054ced_enhanced.png
58b866484a05,4,/Users/mrudangmrugeshshah/Documents/MATLAB/images_generated/58b866484a05_enhanced.png
58c12863f33d,0,/Users/mrudangmrugeshshah/Documents/MATLAB/images_generated/58c12863f33d_enhanced.png
58ccba7eec9c,1,/Users/mrudangmrugeshshah/Documents/MATLAB/images_generated/58ccba7eec9c_enhanced.png
58eb3809f456,0,/Users/mrudangmrugeshshah/Documents/MATLAB/images_generated/58eb3809f456_enhanced.png
58f07741ee3b,0,/Users/mrudangmrugeshshah/Documents/MATLAB/images_generated/58f07741ee3b_enhanced.png
5905a9b06a73,2,/Users/mrudangmrugeshshah/Documents/MATLAB/images_generated/5905a9b06a73_enhanced.png
594f69b503ad,2,/Users/mrudangmrugeshshah/Documents/MATLAB/images_generated/594f69b503ad_enhanced.png
595446774178,1,/Users/mrudangmrugeshshah/Documents/MATLAB/images_generated/595446774178_enhanced.png
596f4fdb0004,0,/Users/mrudangmrugeshshah/Documents/MATLAB/images_generated/596f4fdb0004_enhanced.png
598b8f5b3822,0,/Users/mrudangmrugeshshah/Documents/MATLAB/images_generated/598b8f5b3822_enhanced.png
59928f999ae7,0,/Users/mrudangmrugeshshah/Documents/MATLAB/images_generated/59928f999ae7_enhanced.png
599498e9e4bc,0,/Users/mrudangmrugeshshah/Documents/MATLAB/images_generated/599498e9e4bc_enhanced.png
5995321563b7,0,/Users/mrudangmrugeshshah/Documents/MATLAB/images_generated/5995321563b7_enhanced.png
599b89048034,2,/Users/mrudangmrugeshshah/Documents/MATLAB/images_generated/599b89048034_enhanced.png
59bd19c1c5bb,0,/Users/mrudangmrugeshshah/Documents/MATLAB/images_generated/59bd19c1c5bb_enhanced.png
59e5212f7139,1,/Users/mrudangmrugeshshah/Documents/MATLAB/images_generated/59e5212f7139_enhanced.png
59ee65760535,2,/Users/mrudangmrugeshshah/Documents/MATLAB/images_generated/59ee65760535_enhanced.png
59f3f70abddd,2,/Users/mrudangmrugeshshah/Documents/MATLAB/images_generated/59f3f70abddd_enhanced.png
59fee5bc3479,4,/Users/mrudangmrugeshshah/Documents/MATLAB/images_generated/59fee5bc3479_enhanced.png
5a03fe3ed15c,2,/Users/mrudangmrugeshshah/Documents/MATLAB/images_generated/5a03fe3ed15c_enhanced.png
5a091e8cd95c,1,/Users/mrudangmrugeshshah/Documents/MATLAB/images_generated/5a091e8cd95c_enhanced.png
5a0fe0ee4301,0,/Users/mrudangmrugeshshah/Documents/MATLAB/images_generated/5a0fe0ee4301_enhanced.png
5a11d21c2828,2,/Users/mrudangmrugeshshah/Documents/MATLAB/images_generated/5a11d21c2828_enhanced.png
5a179c123fd8,0,/Users/mrudangmrugeshshah/Documents/MATLAB/images_generated/5a179c123fd8_enhanced.png
5a27b9b2a9c1,0,/Users/mrudangmrugeshshah/Documents/MATLAB/images_generated/5a27b9b2a9c1_enhanced.png
5a2c27b95c7c,2,/Users/mrudangmrugeshshah/Documents/MATLAB/images_generated/5a2c27b95c7c_enhanced.png
5a36cea278ae,2,/Users/mrudangmrugeshshah/Documents/MATLAB/images_generated/5a36cea278ae_enhanced.png
5a444c32cd9a,0,/Users/mrudangmrugeshshah/Documents/MATLAB/images_generated/5a444c32cd9a_enhanced.png
5a5d3798c357,2,/Users/mrudangmrugeshshah/Documents/MATLAB/images_generated/5a5d3798c357_enhanced.png
5a93c0f783c4,0,/Users/mrudangmrugeshshah/Documents/MATLAB/images_generated/5a93c0f783c4_enhanced.png
5ac7a414560e,0,/Users/mrudangmrugeshshah/Documents/MATLAB/images_generated/5ac7a414560e_enhanced.png
5ad3dabeb2cd,0,/Users/mrudangmrugeshshah/Documents/MATLAB/images_generated/5ad3dabeb2cd_enhanced.png
5b068765e846,1,/Users/mrudangmrugeshshah/Documents/MATLAB/images_generated/5b068765e846_enhanced.png
5b0e53f53ef3,1,/Users/mrudangmrugeshshah/Documents/MATLAB/images_generated/5b0e53f53ef3_enhanced.png
5b1c4cefeb24,0,/Users/mrudangmrugeshshah/Documents/MATLAB/images_generated/5b1c4cefeb24_enhanced.png
5b2648ad455e,0,/Users/mrudangmrugeshshah/Documents/MATLAB/images_generated/5b2648ad455e_enhanced.png
5b301a6d1ac7,2,/Users/mrudangmrugeshshah/Documents/MATLAB/images_generated/5b301a6d1ac7_enhanced.png
5b32ece9c627,0,/Users/mrudangmrugeshshah/Documents/MATLAB/images_generated/5b32ece9c627_enhanced.png
5b3d41626ec5,0,/Users/mrudangmrugeshshah/Documents/MATLAB/images_generated/5b3d41626ec5_enhanced.png
5b3e7197ac1c,3,/Users/mrudangmrugeshshah/Documents/MATLAB/images_generated/5b3e7197ac1c_enhanced.png
5b47043942f4,0,/Users/mrudangmrugeshshah/Documents/MATLAB/images_generated/5b47043942f4_enhanced.png
5b5b80a3edee,4,/Users/mrudangmrugeshshah/Documents/MATLAB/images_generated/5b5b80a3edee_enhanced.png
5b644a403e1f,2,/Users/mrudangmrugeshshah/Documents/MATLAB/images_generated/5b644a403e1f_enhanced.png
5b72ff04333d,1,/Users/mrudangmrugeshshah/Documents/MATLAB/images_generated/5b72ff04333d_enhanced.png
5b76117c4bcb,4,/Users/mrudangmrugeshshah/Documents/MATLAB/images_generated/5b76117c4bcb_enhanced.png
5b804948e35f,1,/Users/mrudangmrugeshshah/Documents/MATLAB/images_generated/5b804948e35f_enhanced.png
5b994ff78547,0,/Users/mrudangmrugeshshah/Documents/MATLAB/images_generated/5b994ff78547_enhanced.png
5ba156a35ff2,0,/Users/mrudangmrugeshshah/Documents/MATLAB/images_generated/5ba156a35ff2_enhanced.png
5baed382f062,0,/Users/mrudangmrugeshshah/Documents/MATLAB/images_generated/5baed382f062_enhanced.png
5bda2ed09e62,4,/Users/mrudangmrugeshshah/Documents/MATLAB/images_generated/5bda2ed09e62_enhanced.png
5bea250d8bf5,0,/Users/mrudangmrugeshshah/Documents/MATLAB/images_generated/5bea250d8bf5_enhanced.png
5bf3357a2823,0,/Users/mrudangmrugeshshah/Documents/MATLAB/images_generated/5bf3357a2823_enhanced.png
5bf6f2958e53,0,/Users/mrudangmrugeshshah/Documents/MATLAB/images_generated/5bf6f2958e53_enhanced.png
5c6194562ed2,2,/Users/mrudangmrugeshshah/Documents/MATLAB/images_generated/5c6194562ed2_enhanced.png
5c7ab966a3ee,4,/Users/mrudangmrugeshshah/Documents/MATLAB/images_generated/5c7ab966a3ee_enhanced.png
5c817060c0ed,0,/Users/mrudangmrugeshshah/Documents/MATLAB/images_generated/5c817060c0ed_enhanced.png
5c8482926a08,2,/Users/mrudangmrugeshshah/Documents/MATLAB/images_generated/5c8482926a08_enhanced.png
5c85d22bd0de,0,/Users/mrudangmrugeshshah/Documents/MATLAB/images_generated/5c85d22bd0de_enhanced.png
5ca73d28f17f,0,/Users/mrudangmrugeshshah/Documents/MATLAB/images_generated/5ca73d28f17f_enhanced.png
5ca779ace6e7,0,/Users/mrudangmrugeshshah/Documents/MATLAB/images_generated/5ca779ace6e7_enhanced.png
5cab3ef4b31c,1,/Users/mrudangmrugeshshah/Documents/MATLAB/images_generated/5cab3ef4b31c_enhanced.png
5cbe88914a72,0,/Users/mrudangmrugeshshah/Documents/MATLAB/images_generated/5cbe88914a72_enhanced.png
5cc6dea19614,2,/Users/mrudangmrugeshshah/Documents/MATLAB/images_generated/5cc6dea19614_enhanced.png
5cde55f745af,2,/Users/mrudangmrugeshshah/Documents/MATLAB/images_generated/5cde55f745af_enhanced.png
5ce5eeaf757a,0,/Users/mrudangmrugeshshah/Documents/MATLAB/images_generated/5ce5eeaf757a_enhanced.png
5cf9127f251a,2,/Users/mrudangmrugeshshah/Documents/MATLAB/images_generated/5cf9127f251a_enhanced.png
5d024177e214,2,/Users/mrudangmrugeshshah/Documents/MATLAB/images_generated/5d024177e214_enhanced.png
5d3c8c1f57da,0,/Users/mrudangmrugeshshah/Documents/MATLAB/images_generated/5d3c8c1f57da_enhanced.png
5d4e5fd34d91,0,/Users/mrudangmrugeshshah/Documents/MATLAB/images_generated/5d4e5fd34d91_enhanced.png
5d5b5da5f939,0,/Users/mrudangmrugeshshah/Documents/MATLAB/images_generated/5d5b5da5f939_enhanced.png
5d6239c0fd39,0,/Users/mrudangmrugeshshah/Documents/MATLAB/images_generated/5d6239c0fd39_enhanced.png
5d74f98d62be,4,/Users/mrudangmrugeshshah/Documents/MATLAB/images_generated/5d74f98d62be_enhanced.png
5d9c841eb245,0,/Users/mrudangmrugeshshah/Documents/MATLAB/images_generated/5d9c841eb245_enhanced.png
5db2e3a4594a,0,/Users/mrudangmrugeshshah/Documents/MATLAB/images_generated/5db2e3a4594a_enhanced.png
5db895d3f1fc,0,/Users/mrudangmrugeshshah/Documents/MATLAB/images_generated/5db895d3f1fc_enhanced.png
5dc23e440de3,2,/Users/mrudangmrugeshshah/Documents/MATLAB/images_generated/5dc23e440de3_enhanced.png
5dd2e26fc244,4,/Users/mrudangmrugeshshah/Documents/MATLAB/images_generated/5dd2e26fc244_enhanced.png
5de4615a5161,0,/Users/mrudangmrugeshshah/Documents/MATLAB/images_generated/5de4615a5161_enhanced.png
5e18af29d812,2,/Users/mrudangmrugeshshah/Documents/MATLAB/images_generated/5e18af29d812_enhanced.png
5e505e25cd3e,0,/Users/mrudangmrugeshshah/Documents/MATLAB/images_generated/5e505e25cd3e_enhanced.png
5e5275ddee29,0,/Users/mrudangmrugeshshah/Documents/MATLAB/images_generated/5e5275ddee29_enhanced.png
5e52c9fe676f,2,/Users/mrudangmrugeshshah/Documents/MATLAB/images_generated/5e52c9fe676f_enhanced.png
5e7630f8438e,2,/Users/mrudangmrugeshshah/Documents/MATLAB/images_generated/5e7630f8438e_enhanced.png
5e7cc6ab4ac4,2,/Users/mrudangmrugeshshah/Documents/MATLAB/images_generated/5e7cc6ab4ac4_enhanced.png
5e7db41b3bee,4,/Users/mrudangmrugeshshah/Documents/MATLAB/images_generated/5e7db41b3bee_enhanced.png
5e97cb2b0888,0,/Users/mrudangmrugeshshah/Documents/MATLAB/images_generated/5e97cb2b0888_enhanced.png
5ea9e447bb62,0,/Users/mrudangmrugeshshah/Documents/MATLAB/images_generated/5ea9e447bb62_enhanced.png
5ead17e894ae,0,/Users/mrudangmrugeshshah/Documents/MATLAB/images_generated/5ead17e894ae_enhanced.png
5eb311bcb5f9,2,/Users/mrudangmrugeshshah/Documents/MATLAB/images_generated/5eb311bcb5f9_enhanced.png
5eb8fb1aad41,0,/Users/mrudangmrugeshshah/Documents/MATLAB/images_generated/5eb8fb1aad41_enhanced.png
5ed6dc419e4d,2,/Users/mrudangmrugeshshah/Documents/MATLAB/images_generated/5ed6dc419e4d_enhanced.png
5efa24b03d5e,1,/Users/mrudangmrugeshshah/Documents/MATLAB/images_generated/5efa24b03d5e_enhanced.png
5f13e8a07344,3,/Users/mrudangmrugeshshah/Documents/MATLAB/images_generated/5f13e8a07344_enhanced.png
5f4a8c074bd5,0,/Users/mrudangmrugeshshah/Documents/MATLAB/images_generated/5f4a8c074bd5_enhanced.png
5f51192841f7,0,/Users/mrudangmrugeshshah/Documents/MATLAB/images_generated/5f51192841f7_enhanced.png
5f6db235c04d,0,/Users/mrudangmrugeshshah/Documents/MATLAB/images_generated/5f6db235c04d_enhanced.png
5f70ad48a525,2,/Users/mrudangmrugeshshah/Documents/MATLAB/images_generated/5f70ad48a525_enhanced.png
5fcff7280019,0,/Users/mrudangmrugeshshah/Documents/MATLAB/images_generated/5fcff7280019_enhanced.png
6028a575dc27,1,/Users/mrudangmrugeshshah/Documents/MATLAB/images_generated/6028a575dc27_enhanced.png
6061f5b7378d,3,/Users/mrudangmrugeshshah/Documents/MATLAB/images_generated/6061f5b7378d_enhanced.png
606daaf0bfc7,0,/Users/mrudangmrugeshshah/Documents/MATLAB/images_generated/606daaf0bfc7_enhanced.png
6089fa333013,3,/Users/mrudangmrugeshshah/Documents/MATLAB/images_generated/6089fa333013_enhanced.png
609be3ca5ddf,0,/Users/mrudangmrugeshshah/Documents/MATLAB/images_generated/609be3ca5ddf_enhanced.png
60aa4e649abf,0,/Users/mrudangmrugeshshah/Documents/MATLAB/images_generated/60aa4e649abf_enhanced.png
60e269e3e188,2,/Users/mrudangmrugeshshah/Documents/MATLAB/images_generated/60e269e3e188_enhanced.png
60edda7b4871,0,/Users/mrudangmrugeshshah/Documents/MATLAB/images_generated/60edda7b4871_enhanced.png
60eeae3ba23d,2,/Users/mrudangmrugeshshah/Documents/MATLAB/images_generated/60eeae3ba23d_enhanced.png
60f15dd68d30,4,/Users/mrudangmrugeshshah/Documents/MATLAB/images_generated/60f15dd68d30_enhanced.png
6107a2e9f60e,0,/Users/mrudangmrugeshshah/Documents/MATLAB/images_generated/6107a2e9f60e_enhanced.png
6110ecb3bb1c,0,/Users/mrudangmrugeshshah/Documents/MATLAB/images_generated/6110ecb3bb1c_enhanced.png
612f2df37a1d,4,/Users/mrudangmrugeshshah/Documents/MATLAB/images_generated/612f2df37a1d_enhanced.png
613028ede6a0,4,/Users/mrudangmrugeshshah/Documents/MATLAB/images_generated/613028ede6a0_enhanced.png
613bacb35c05,1,/Users/mrudangmrugeshshah/Documents/MATLAB/images_generated/613bacb35c05_enhanced.png
6155cf375354,0,/Users/mrudangmrugeshshah/Documents/MATLAB/images_generated/6155cf375354_enhanced.png
6165081b9021,1,/Users/mrudangmrugeshshah/Documents/MATLAB/images_generated/6165081b9021_enhanced.png
6180920bc224,0,/Users/mrudangmrugeshshah/Documents/MATLAB/images_generated/6180920bc224_enhanced.png
6181aa9f75f4,3,/Users/mrudangmrugeshshah/Documents/MATLAB/images_generated/6181aa9f75f4_enhanced.png
6194e0fff071,4,/Users/mrudangmrugeshshah/Documents/MATLAB/images_generated/6194e0fff071_enhanced.png
61a62b1dcc36,0,/Users/mrudangmrugeshshah/Documents/MATLAB/images_generated/61a62b1dcc36_enhanced.png
61ac9b0dc6b9,2,/Users/mrudangmrugeshshah/Documents/MATLAB/images_generated/61ac9b0dc6b9_enhanced.png
61bbc11fe503,4,/Users/mrudangmrugeshshah/Documents/MATLAB/images_generated/61bbc11fe503_enhanced.png
61bbe8db6f3a,1,/Users/mrudangmrugeshshah/Documents/MATLAB/images_generated/61bbe8db6f3a_enhanced.png
61c2fbd16e38,2,/Users/mrudangmrugeshshah/Documents/MATLAB/images_generated/61c2fbd16e38_enhanced.png
61c667663f2f,0,/Users/mrudangmrugeshshah/Documents/MATLAB/images_generated/61c667663f2f_enhanced.png
61d9c88a3a4b,0,/Users/mrudangmrugeshshah/Documents/MATLAB/images_generated/61d9c88a3a4b_enhanced.png
61da799bf0aa,0,/Users/mrudangmrugeshshah/Documents/MATLAB/images_generated/61da799bf0aa_enhanced.png
61e301bd3c25,4,/Users/mrudangmrugeshshah/Documents/MATLAB/images_generated/61e301bd3c25_enhanced.png
61f403fdb434,4,/Users/mrudangmrugeshshah/Documents/MATLAB/images_generated/61f403fdb434_enhanced.png
62318d514160,4,/Users/mrudangmrugeshshah/Documents/MATLAB/images_generated/62318d514160_enhanced.png
624fb7317106,2,/Users/mrudangmrugeshshah/Documents/MATLAB/images_generated/624fb7317106_enhanced.png
6253f23229b1,3,/Users/mrudangmrugeshshah/Documents/MATLAB/images_generated/6253f23229b1_enhanced.png
628b581aa905,0,/Users/mrudangmrugeshshah/Documents/MATLAB/images_generated/628b581aa905_enhanced.png
6294b378d09f,0,/Users/mrudangmrugeshshah/Documents/MATLAB/images_generated/6294b378d09f_enhanced.png
6298468d7d75,1,/Users/mrudangmrugeshshah/Documents/MATLAB/images_generated/6298468d7d75_enhanced.png
62ab144d5cee,2,/Users/mrudangmrugeshshah/Documents/MATLAB/images_generated/62ab144d5cee_enhanced.png
62b4be2799ca,0,/Users/mrudangmrugeshshah/Documents/MATLAB/images_generated/62b4be2799ca_enhanced.png
62b826899151,0,/Users/mrudangmrugeshshah/Documents/MATLAB/images_generated/62b826899151_enhanced.png
62cc7ddb53b6,2,/Users/mrudangmrugeshshah/Documents/MATLAB/images_generated/62cc7ddb53b6_enhanced.png
62e6f814c8f5,2,/Users/mrudangmrugeshshah/Documents/MATLAB/images_generated/62e6f814c8f5_enhanced.png
62ecdc90dd42,2,/Users/mrudangmrugeshshah/Documents/MATLAB/images_generated/62ecdc90dd42_enhanced.png
6324d77cf926,0,/Users/mrudangmrugeshshah/Documents/MATLAB/images_generated/6324d77cf926_enhanced.png
63363410389a,1,/Users/mrudangmrugeshshah/Documents/MATLAB/images_generated/63363410389a_enhanced.png
633fe9dbaf39,0,/Users/mrudangmrugeshshah/Documents/MATLAB/images_generated/633fe9dbaf39_enhanced.png
6363b360aefb,2,/Users/mrudangmrugeshshah/Documents/MATLAB/images_generated/6363b360aefb_enhanced.png
6377e23928f6,1,/Users/mrudangmrugeshshah/Documents/MATLAB/images_generated/6377e23928f6_enhanced.png
639915f58a2f,0,/Users/mrudangmrugeshshah/Documents/MATLAB/images_generated/639915f58a2f_enhanced.png
63a03880939c,1,/Users/mrudangmrugeshshah/Documents/MATLAB/images_generated/63a03880939c_enhanced.png
63b4d030b016,4,/Users/mrudangmrugeshshah/Documents/MATLAB/images_generated/63b4d030b016_enhanced.png
63b71347e95d,0,/Users/mrudangmrugeshshah/Documents/MATLAB/images_generated/63b71347e95d_enhanced.png
63c0eafd6aa9,0,/Users/mrudangmrugeshshah/Documents/MATLAB/images_generated/63c0eafd6aa9_enhanced.png
63c3c571b8ee,2,/Users/mrudangmrugeshshah/Documents/MATLAB/images_generated/63c3c571b8ee_enhanced.png
63c7b0265775,0,/Users/mrudangmrugeshshah/Documents/MATLAB/images_generated/63c7b0265775_enhanced.png
63d217b059b6,2,/Users/mrudangmrugeshshah/Documents/MATLAB/images_generated/63d217b059b6_enhanced.png
63e041a757eb,0,/Users/mrudangmrugeshshah/Documents/MATLAB/images_generated/63e041a757eb_enhanced.png
64678182d8a8,1,/Users/mrudangmrugeshshah/Documents/MATLAB/images_generated/64678182d8a8_enhanced.png
64a13949e879,2,/Users/mrudangmrugeshshah/Documents/MATLAB/images_generated/64a13949e879_enhanced.png
64ac539f58cb,0,/Users/mrudangmrugeshshah/Documents/MATLAB/images_generated/64ac539f58cb_enhanced.png
64b9206afb3f,0,/Users/mrudangmrugeshshah/Documents/MATLAB/images_generated/64b9206afb3f_enhanced.png
64bad93fde3f,4,/Users/mrudangmrugeshshah/Documents/MATLAB/images_generated/64bad93fde3f_enhanced.png
64c6c6ee0d98,0,/Users/mrudangmrugeshshah/Documents/MATLAB/images_generated/64c6c6ee0d98_enhanced.png
64eb5a79dfdd,1,/Users/mrudangmrugeshshah/Documents/MATLAB/images_generated/64eb5a79dfdd_enhanced.png
64fedbf97473,4,/Users/mrudangmrugeshshah/Documents/MATLAB/images_generated/64fedbf97473_enhanced.png
650104ede84c,0,/Users/mrudangmrugeshshah/Documents/MATLAB/images_generated/650104ede84c_enhanced.png
6504b703c429,0,/Users/mrudangmrugeshshah/Documents/MATLAB/images_generated/6504b703c429_enhanced.png
650fbed3fdca,2,/Users/mrudangmrugeshshah/Documents/MATLAB/images_generated/650fbed3fdca_enhanced.png
6531070bf03c,2,/Users/mrudangmrugeshshah/Documents/MATLAB/images_generated/6531070bf03c_enhanced.png
653534ded339,2,/Users/mrudangmrugeshshah/Documents/MATLAB/images_generated/653534ded339_enhanced.png
655cafb4c932,1,/Users/mrudangmrugeshshah/Documents/MATLAB/images_generated/655cafb4c932_enhanced.png
657859f893d9,2,/Users/mrudangmrugeshshah/Documents/MATLAB/images_generated/657859f893d9_enhanced.png
658ad9f09f5d,0,/Users/mrudangmrugeshshah/Documents/MATLAB/images_generated/658ad9f09f5d_enhanced.png
65a3b13ad9a0,0,/Users/mrudangmrugeshshah/Documents/MATLAB/images_generated/65a3b13ad9a0_enhanced.png
65a7fe9482fe,0,/Users/mrudangmrugeshshah/Documents/MATLAB/images_generated/65a7fe9482fe_enhanced.png
65c958379680,4,/Users/mrudangmrugeshshah/Documents/MATLAB/images_generated/65c958379680_enhanced.png
65cf00be6fb4,0,/Users/mrudangmrugeshshah/Documents/MATLAB/images_generated/65cf00be6fb4_enhanced.png
65dda202653d,0,/Users/mrudangmrugeshshah/Documents/MATLAB/images_generated/65dda202653d_enhanced.png
65e120143825,4,/Users/mrudangmrugeshshah/Documents/MATLAB/images_generated/65e120143825_enhanced.png
65e51e18242b,1,/Users/mrudangmrugeshshah/Documents/MATLAB/images_generated/65e51e18242b_enhanced.png
65e530ee2e79,2,/Users/mrudangmrugeshshah/Documents/MATLAB/images_generated/65e530ee2e79_enhanced.png
65e6f1bd9875,0,/Users/mrudangmrugeshshah/Documents/MATLAB/images_generated/65e6f1bd9875_enhanced.png
65f5d2a6eb7e,0,/Users/mrudangmrugeshshah/Documents/MATLAB/images_generated/65f5d2a6eb7e_enhanced.png
65f69234c8a7,0,/Users/mrudangmrugeshshah/Documents/MATLAB/images_generated/65f69234c8a7_enhanced.png
6630f8675a97,4,/Users/mrudangmrugeshshah/Documents/MATLAB/images_generated/6630f8675a97_enhanced.png
66366a90d1ef,0,/Users/mrudangmrugeshshah/Documents/MATLAB/images_generated/66366a90d1ef_enhanced.png
66375b3c64db,4,/Users/mrudangmrugeshshah/Documents/MATLAB/images_generated/66375b3c64db_enhanced.png
66393d8c60ba,0,/Users/mrudangmrugeshshah/Documents/MATLAB/images_generated/66393d8c60ba_enhanced.png
663a923d5398,2,/Users/mrudangmrugeshshah/Documents/MATLAB/images_generated/663a923d5398_enhanced.png
66460ecab347,0,/Users/mrudangmrugeshshah/Documents/MATLAB/images_generated/66460ecab347_enhanced.png
664b1f9a2087,4,/Users/mrudangmrugeshshah/Documents/MATLAB/images_generated/664b1f9a2087_enhanced.png
6653ad026901,0,/Users/mrudangmrugeshshah/Documents/MATLAB/images_generated/6653ad026901_enhanced.png
665ce639a331,1,/Users/mrudangmrugeshshah/Documents/MATLAB/images_generated/665ce639a331_enhanced.png
6666c4f18396,2,/Users/mrudangmrugeshshah/Documents/MATLAB/images_generated/6666c4f18396_enhanced.png
668a319c2d23,0,/Users/mrudangmrugeshshah/Documents/MATLAB/images_generated/668a319c2d23_enhanced.png
668e853258cd,2,/Users/mrudangmrugeshshah/Documents/MATLAB/images_generated/668e853258cd_enhanced.png
66a0bf258013,4,/Users/mrudangmrugeshshah/Documents/MATLAB/images_generated/66a0bf258013_enhanced.png
66b88a4bc474,0,/Users/mrudangmrugeshshah/Documents/MATLAB/images_generated/66b88a4bc474_enhanced.png
66bae1ba227f,2,/Users/mrudangmrugeshshah/Documents/MATLAB/images_generated/66bae1ba227f_enhanced.png
66bfec8d6bcd,0,/Users/mrudangmrugeshshah/Documents/MATLAB/images_generated/66bfec8d6bcd_enhanced.png
66cd9c28e636,1,/Users/mrudangmrugeshshah/Documents/MATLAB/images_generated/66cd9c28e636_enhanced.png
66d2ca47aa44,2,/Users/mrudangmrugeshshah/Documents/MATLAB/images_generated/66d2ca47aa44_enhanced.png
6733544ae7a6,2,/Users/mrudangmrugeshshah/Documents/MATLAB/images_generated/6733544ae7a6_enhanced.png
6735931000ec,3,/Users/mrudangmrugeshshah/Documents/MATLAB/images_generated/6735931000ec_enhanced.png
674057ab250c,2,/Users/mrudangmrugeshshah/Documents/MATLAB/images_generated/674057ab250c_enhanced.png
675de69373f8,0,/Users/mrudangmrugeshshah/Documents/MATLAB/images_generated/675de69373f8_enhanced.png
6762b2b48ea5,1,/Users/mrudangmrugeshshah/Documents/MATLAB/images_generated/6762b2b48ea5_enhanced.png
677f087cd697,1,/Users/mrudangmrugeshshah/Documents/MATLAB/images_generated/677f087cd697_enhanced.png
67844c46bc61,2,/Users/mrudangmrugeshshah/Documents/MATLAB/images_generated/67844c46bc61_enhanced.png
67c03349bb31,2,/Users/mrudangmrugeshshah/Documents/MATLAB/images_generated/67c03349bb31_enhanced.png
67d8f94f04e0,0,/Users/mrudangmrugeshshah/Documents/MATLAB/images_generated/67d8f94f04e0_enhanced.png
67ed8cc78b97,0,/Users/mrudangmrugeshshah/Documents/MATLAB/images_generated/67ed8cc78b97_enhanced.png
67f5d89da548,1,/Users/mrudangmrugeshshah/Documents/MATLAB/images_generated/67f5d89da548_enhanced.png
6810410187a0,2,/Users/mrudangmrugeshshah/Documents/MATLAB/images_generated/6810410187a0_enhanced.png
681c3c115684,2,/Users/mrudangmrugeshshah/Documents/MATLAB/images_generated/681c3c115684_enhanced.png
682312e82ee3,0,/Users/mrudangmrugeshshah/Documents/MATLAB/images_generated/682312e82ee3_enhanced.png
683023cda6a5,0,/Users/mrudangmrugeshshah/Documents/MATLAB/images_generated/683023cda6a5_enhanced.png
68332fdcaa70,1,/Users/mrudangmrugeshshah/Documents/MATLAB/images_generated/68332fdcaa70_enhanced.png
684dd88a0d49,0,/Users/mrudangmrugeshshah/Documents/MATLAB/images_generated/684dd88a0d49_enhanced.png
6852f4531591,0,/Users/mrudangmrugeshshah/Documents/MATLAB/images_generated/6852f4531591_enhanced.png
686ed1dbae20,2,/Users/mrudangmrugeshshah/Documents/MATLAB/images_generated/686ed1dbae20_enhanced.png
687759336b0d,3,/Users/mrudangmrugeshshah/Documents/MATLAB/images_generated/687759336b0d_enhanced.png
6889bc64ab09,2,/Users/mrudangmrugeshshah/Documents/MATLAB/images_generated/6889bc64ab09_enhanced.png
68987fb159ab,0,/Users/mrudangmrugeshshah/Documents/MATLAB/images_generated/68987fb159ab_enhanced.png
68ddb15a74de,0,/Users/mrudangmrugeshshah/Documents/MATLAB/images_generated/68ddb15a74de_enhanced.png
691eeb59b4cb,0,/Users/mrudangmrugeshshah/Documents/MATLAB/images_generated/691eeb59b4cb_enhanced.png
692e946b1f85,0,/Users/mrudangmrugeshshah/Documents/MATLAB/images_generated/692e946b1f85_enhanced.png
69591ebb198d,2,/Users/mrudangmrugeshshah/Documents/MATLAB/images_generated/69591ebb198d_enhanced.png
6966abf40b8c,0,/Users/mrudangmrugeshshah/Documents/MATLAB/images_generated/6966abf40b8c_enhanced.png
697538183db5,3,/Users/mrudangmrugeshshah/Documents/MATLAB/images_generated/697538183db5_enhanced.png
6987804eb464,2,/Users/mrudangmrugeshshah/Documents/MATLAB/images_generated/6987804eb464_enhanced.png
698d6e422a80,2,/Users/mrudangmrugeshshah/Documents/MATLAB/images_generated/698d6e422a80_enhanced.png
69b3a00927fc,0,/Users/mrudangmrugeshshah/Documents/MATLAB/images_generated/69b3a00927fc_enhanced.png
69c4cbb630de,0,/Users/mrudangmrugeshshah/Documents/MATLAB/images_generated/69c4cbb630de_enhanced.png
69df7ade0575,2,/Users/mrudangmrugeshshah/Documents/MATLAB/images_generated/69df7ade0575_enhanced.png
69f43381317b,0,/Users/mrudangmrugeshshah/Documents/MATLAB/images_generated/69f43381317b_enhanced.png
69fff98cb32a,4,/Users/mrudangmrugeshshah/Documents/MATLAB/images_generated/69fff98cb32a_enhanced.png
6a244e855d0e,3,/Users/mrudangmrugeshshah/Documents/MATLAB/images_generated/6a244e855d0e_enhanced.png
6a2642131e4a,0,/Users/mrudangmrugeshshah/Documents/MATLAB/images_generated/6a2642131e4a_enhanced.png
6a2c3f4ef329,0,/Users/mrudangmrugeshshah/Documents/MATLAB/images_generated/6a2c3f4ef329_enhanced.png
6a57a3db3eff,0,/Users/mrudangmrugeshshah/Documents/MATLAB/images_generated/6a57a3db3eff_enhanced.png
6a905a7202d2,0,/Users/mrudangmrugeshshah/Documents/MATLAB/images_generated/6a905a7202d2_enhanced.png
6a91eb157f47,2,/Users/mrudangmrugeshshah/Documents/MATLAB/images_generated/6a91eb157f47_enhanced.png
6af071b0ac6e,0,/Users/mrudangmrugeshshah/Documents/MATLAB/images_generated/6af071b0ac6e_enhanced.png
6b00cb764237,1,/Users/mrudangmrugeshshah/Documents/MATLAB/images_generated/6b00cb764237_enhanced.png
6b07971c3bf6,1,/Users/mrudangmrugeshshah/Documents/MATLAB/images_generated/6b07971c3bf6_enhanced.png
6b128e648646,3,/Users/mrudangmrugeshshah/Documents/MATLAB/images_generated/6b128e648646_enhanced.png
6b30767595d8,0,/Users/mrudangmrugeshshah/Documents/MATLAB/images_generated/6b30767595d8_enhanced.png
6b3860e8f64f,0,/Users/mrudangmrugeshshah/Documents/MATLAB/images_generated/6b3860e8f64f_enhanced.png
6b664ed2a938,0,/Users/mrudangmrugeshshah/Documents/MATLAB/images_generated/6b664ed2a938_enhanced.png
6b66b0e86f7e,0,/Users/mrudangmrugeshshah/Documents/MATLAB/images_generated/6b66b0e86f7e_enhanced.png
6b7cf869622a,2,/Users/mrudangmrugeshshah/Documents/MATLAB/images_generated/6b7cf869622a_enhanced.png
6b869f37cdf3,2,/Users/mrudangmrugeshshah/Documents/MATLAB/images_generated/6b869f37cdf3_enhanced.png
6b91e99c9408,0,/Users/mrudangmrugeshshah/Documents/MATLAB/images_generated/6b91e99c9408_enhanced.png
6ba5ed791444,2,/Users/mrudangmrugeshshah/Documents/MATLAB/images_generated/6ba5ed791444_enhanced.png
6baafa56895c,3,/Users/mrudangmrugeshshah/Documents/MATLAB/images_generated/6baafa56895c_enhanced.png
6bb30ec3231a,0,/Users/mrudangmrugeshshah/Documents/MATLAB/images_generated/6bb30ec3231a_enhanced.png
6bcce181be65,0,/Users/mrudangmrugeshshah/Documents/MATLAB/images_generated/6bcce181be65_enhanced.png
6bf26b777e3a,0,/Users/mrudangmrugeshshah/Documents/MATLAB/images_generated/6bf26b777e3a_enhanced.png
6bf2a81a5d91,0,/Users/mrudangmrugeshshah/Documents/MATLAB/images_generated/6bf2a81a5d91_enhanced.png
6c00dd8bf708,0,/Users/mrudangmrugeshshah/Documents/MATLAB/images_generated/6c00dd8bf708_enhanced.png
6c250a30593b,4,/Users/mrudangmrugeshshah/Documents/MATLAB/images_generated/6c250a30593b_enhanced.png
6c2555a9cae4,2,/Users/mrudangmrugeshshah/Documents/MATLAB/images_generated/6c2555a9cae4_enhanced.png
6c30dd481717,0,/Users/mrudangmrugeshshah/Documents/MATLAB/images_generated/6c30dd481717_enhanced.png
6c315ad3d07f,2,/Users/mrudangmrugeshshah/Documents/MATLAB/images_generated/6c315ad3d07f_enhanced.png
6c3589d7ed8d,0,/Users/mrudangmrugeshshah/Documents/MATLAB/images_generated/6c3589d7ed8d_enhanced.png
6c3745a222da,4,/Users/mrudangmrugeshshah/Documents/MATLAB/images_generated/6c3745a222da_enhanced.png
6c4ec95dd8ba,0,/Users/mrudangmrugeshshah/Documents/MATLAB/images_generated/6c4ec95dd8ba_enhanced.png
6c6505a0c637,0,/Users/mrudangmrugeshshah/Documents/MATLAB/images_generated/6c6505a0c637_enhanced.png
6c6efb6b1358,1,/Users/mrudangmrugeshshah/Documents/MATLAB/images_generated/6c6efb6b1358_enhanced.png
6c9c902a97de,0,/Users/mrudangmrugeshshah/Documents/MATLAB/images_generated/6c9c902a97de_enhanced.png
6cb96a6fb029,0,/Users/mrudangmrugeshshah/Documents/MATLAB/images_generated/6cb96a6fb029_enhanced.png
6cb98da77e3e,2,/Users/mrudangmrugeshshah/Documents/MATLAB/images_generated/6cb98da77e3e_enhanced.png
6cbc3dad809c,2,/Users/mrudangmrugeshshah/Documents/MATLAB/images_generated/6cbc3dad809c_enhanced.png
6ccfdb031184,0,/Users/mrudangmrugeshshah/Documents/MATLAB/images_generated/6ccfdb031184_enhanced.png
6cd606dc52e9,4,/Users/mrudangmrugeshshah/Documents/MATLAB/images_generated/6cd606dc52e9_enhanced.png
6cdd0f985270,1,/Users/mrudangmrugeshshah/Documents/MATLAB/images_generated/6cdd0f985270_enhanced.png
6cee2e148520,0,/Users/mrudangmrugeshshah/Documents/MATLAB/images_generated/6cee2e148520_enhanced.png
6cfb7b44ef6f,4,/Users/mrudangmrugeshshah/Documents/MATLAB/images_generated/6cfb7b44ef6f_enhanced.png
6cffc6c6851a,0,/Users/mrudangmrugeshshah/Documents/MATLAB/images_generated/6cffc6c6851a_enhanced.png
6d0c0531083f,3,/Users/mrudangmrugeshshah/Documents/MATLAB/images_generated/6d0c0531083f_enhanced.png
6d10709053ae,0,/Users/mrudangmrugeshshah/Documents/MATLAB/images_generated/6d10709053ae_enhanced.png
6d259b5b4c76,4,/Users/mrudangmrugeshshah/Documents/MATLAB/images_generated/6d259b5b4c76_enhanced.png
6d292ca4c9ad,1,/Users/mrudangmrugeshshah/Documents/MATLAB/images_generated/6d292ca4c9ad_enhanced.png
6d3d1fe6c32a,2,/Users/mrudangmrugeshshah/Documents/MATLAB/images_generated/6d3d1fe6c32a_enhanced.png
6d454444f17c,2,/Users/mrudangmrugeshshah/Documents/MATLAB/images_generated/6d454444f17c_enhanced.png
6d4f6c9a8406,0,/Users/mrudangmrugeshshah/Documents/MATLAB/images_generated/6d4f6c9a8406_enhanced.png
6d5a8362dd1e,0,/Users/mrudangmrugeshshah/Documents/MATLAB/images_generated/6d5a8362dd1e_enhanced.png
6d6be4cfc73f,0,/Users/mrudangmrugeshshah/Documents/MATLAB/images_generated/6d6be4cfc73f_enhanced.png
6d6fcf49e515,0,/Users/mrudangmrugeshshah/Documents/MATLAB/images_generated/6d6fcf49e515_enhanced.png
6d7d26025122,4,/Users/mrudangmrugeshshah/Documents/MATLAB/images_generated/6d7d26025122_enhanced.png
6d9effbcde78,0,/Users/mrudangmrugeshshah/Documents/MATLAB/images_generated/6d9effbcde78_enhanced.png
6daef3e5ca22,4,/Users/mrudangmrugeshshah/Documents/MATLAB/images_generated/6daef3e5ca22_enhanced.png
6dc0281f11e3,0,/Users/mrudangmrugeshshah/Documents/MATLAB/images_generated/6dc0281f11e3_enhanced.png
6dc07f968794,0,/Users/mrudangmrugeshshah/Documents/MATLAB/images_generated/6dc07f968794_enhanced.png
6dcde47060f9,2,/Users/mrudangmrugeshshah/Documents/MATLAB/images_generated/6dcde47060f9_enhanced.png
6de39b94f634,0,/Users/mrudangmrugeshshah/Documents/MATLAB/images_generated/6de39b94f634_enhanced.png
6df8b7b6e837,0,/Users/mrudangmrugeshshah/Documents/MATLAB/images_generated/6df8b7b6e837_enhanced.png
6dfd80748e72,2,/Users/mrudangmrugeshshah/Documents/MATLAB/images_generated/6dfd80748e72_enhanced.png
6e018411ba4a,0,/Users/mrudangmrugeshshah/Documents/MATLAB/images_generated/6e018411ba4a_enhanced.png
6e092b306fe1,2,/Users/mrudangmrugeshshah/Documents/MATLAB/images_generated/6e092b306fe1_enhanced.png
6e092caa065f,0,/Users/mrudangmrugeshshah/Documents/MATLAB/images_generated/6e092caa065f_enhanced.png
6e0f78e188ff,0,/Users/mrudangmrugeshshah/Documents/MATLAB/images_generated/6e0f78e188ff_enhanced.png
6e1db8711879,0,/Users/mrudangmrugeshshah/Documents/MATLAB/images_generated/6e1db8711879_enhanced.png
6e3526053de0,0,/Users/mrudangmrugeshshah/Documents/MATLAB/images_generated/6e3526053de0_enhanced.png
6e44f6d04fc9,0,/Users/mrudangmrugeshshah/Documents/MATLAB/images_generated/6e44f6d04fc9_enhanced.png
6e68e742f5bc,2,/Users/mrudangmrugeshshah/Documents/MATLAB/images_generated/6e68e742f5bc_enhanced.png
6e73acb2cf60,4,/Users/mrudangmrugeshshah/Documents/MATLAB/images_generated/6e73acb2cf60_enhanced.png
6e861bc3bd7b,0,/Users/mrudangmrugeshshah/Documents/MATLAB/images_generated/6e861bc3bd7b_enhanced.png
6e92b1c5ac8e,3,/Users/mrudangmrugeshshah/Documents/MATLAB/images_generated/6e92b1c5ac8e_enhanced.png
6ea07d19b4ce,1,/Users/mrudangmrugeshshah/Documents/MATLAB/images_generated/6ea07d19b4ce_enhanced.png
6efa36d59ada,3,/Users/mrudangmrugeshshah/Documents/MATLAB/images_generated/6efa36d59ada_enhanced.png
6f0463c1ff18,2,/Users/mrudangmrugeshshah/Documents/MATLAB/images_generated/6f0463c1ff18_enhanced.png
6f0e5848d9ce,0,/Users/mrudangmrugeshshah/Documents/MATLAB/images_generated/6f0e5848d9ce_enhanced.png
6f3b62e5b7f5,0,/Users/mrudangmrugeshshah/Documents/MATLAB/images_generated/6f3b62e5b7f5_enhanced.png
6f460f9968c7,0,/Users/mrudangmrugeshshah/Documents/MATLAB/images_generated/6f460f9968c7_enhanced.png
6f4719c6bb4b,4,/Users/mrudangmrugeshshah/Documents/MATLAB/images_generated/6f4719c6bb4b_enhanced.png
6f4e0538d1e4,2,/Users/mrudangmrugeshshah/Documents/MATLAB/images_generated/6f4e0538d1e4_enhanced.png
6f689fced922,0,/Users/mrudangmrugeshshah/Documents/MATLAB/images_generated/6f689fced922_enhanced.png
6f923b60934b,4,/Users/mrudangmrugeshshah/Documents/MATLAB/images_generated/6f923b60934b_enhanced.png
6fb656d506b2,3,/Users/mrudangmrugeshshah/Documents/MATLAB/images_generated/6fb656d506b2_enhanced.png
6fbaaf8eb67a,0,/Users/mrudangmrugeshshah/Documents/MATLAB/images_generated/6fbaaf8eb67a_enhanced.png
6fe4751a3b42,0,/Users/mrudangmrugeshshah/Documents/MATLAB/images_generated/6fe4751a3b42_enhanced.png
6fe67482bfae,4,/Users/mrudangmrugeshshah/Documents/MATLAB/images_generated/6fe67482bfae_enhanced.png
6fe67fd7f5d1,0,/Users/mrudangmrugeshshah/Documents/MATLAB/images_generated/6fe67fd7f5d1_enhanced.png
7005be54cab1,1,/Users/mrudangmrugeshshah/Documents/MATLAB/images_generated/7005be54cab1_enhanced.png
702de9dcde32,4,/Users/mrudangmrugeshshah/Documents/MATLAB/images_generated/702de9dcde32_enhanced.png
705f508d1e42,0,/Users/mrudangmrugeshshah/Documents/MATLAB/images_generated/705f508d1e42_enhanced.png
709784f7fcc2,2,/Users/mrudangmrugeshshah/Documents/MATLAB/images_generated/709784f7fcc2_enhanced.png
70d0392397de,0,/Users/mrudangmrugeshshah/Documents/MATLAB/images_generated/70d0392397de_enhanced.png
70d657f8f503,4,/Users/mrudangmrugeshshah/Documents/MATLAB/images_generated/70d657f8f503_enhanced.png
70ed3ec68b94,2,/Users/mrudangmrugeshshah/Documents/MATLAB/images_generated/70ed3ec68b94_enhanced.png
70f5caf5f305,2,/Users/mrudangmrugeshshah/Documents/MATLAB/images_generated/70f5caf5f305_enhanced.png
7102f29e052e,2,/Users/mrudangmrugeshshah/Documents/MATLAB/images_generated/7102f29e052e_enhanced.png
710b05a96e0f,4,/Users/mrudangmrugeshshah/Documents/MATLAB/images_generated/710b05a96e0f_enhanced.png
7116128c65ab,1,/Users/mrudangmrugeshshah/Documents/MATLAB/images_generated/7116128c65ab_enhanced.png
711d1480d2e3,2,/Users/mrudangmrugeshshah/Documents/MATLAB/images_generated/711d1480d2e3_enhanced.png
7131bf4c9e6f,0,/Users/mrudangmrugeshshah/Documents/MATLAB/images_generated/7131bf4c9e6f_enhanced.png
7179f85bfd6f,0,/Users/mrudangmrugeshshah/Documents/MATLAB/images_generated/7179f85bfd6f_enhanced.png
71a39c660432,3,/Users/mrudangmrugeshshah/Documents/MATLAB/images_generated/71a39c660432_enhanced.png
71c1a3cdbe47,1,/Users/mrudangmrugeshshah/Documents/MATLAB/images_generated/71c1a3cdbe47_enhanced.png
71c22da3d6c6,0,/Users/mrudangmrugeshshah/Documents/MATLAB/images_generated/71c22da3d6c6_enhanced.png
71e4130bf5c8,2,/Users/mrudangmrugeshshah/Documents/MATLAB/images_generated/71e4130bf5c8_enhanced.png
71e43b4f8ba6,0,/Users/mrudangmrugeshshah/Documents/MATLAB/images_generated/71e43b4f8ba6_enhanced.png
71f6a6e4620a,1,/Users/mrudangmrugeshshah/Documents/MATLAB/images_generated/71f6a6e4620a_enhanced.png
720b5f62ce80,0,/Users/mrudangmrugeshshah/Documents/MATLAB/images_generated/720b5f62ce80_enhanced.png
721214151233,0,/Users/mrudangmrugeshshah/Documents/MATLAB/images_generated/721214151233_enhanced.png
7214fc7cbe03,0,/Users/mrudangmrugeshshah/Documents/MATLAB/images_generated/7214fc7cbe03_enhanced.png
7247a2c97f71,2,/Users/mrudangmrugeshshah/Documents/MATLAB/images_generated/7247a2c97f71_enhanced.png
72595230840c,3,/Users/mrudangmrugeshshah/Documents/MATLAB/images_generated/72595230840c_enhanced.png
72606afaf3da,0,/Users/mrudangmrugeshshah/Documents/MATLAB/images_generated/72606afaf3da_enhanced.png
7269a1d84a57,0,/Users/mrudangmrugeshshah/Documents/MATLAB/images_generated/7269a1d84a57_enhanced.png
726dff37edc0,0,/Users/mrudangmrugeshshah/Documents/MATLAB/images_generated/726dff37edc0_enhanced.png
7270367410a1,4,/Users/mrudangmrugeshshah/Documents/MATLAB/images_generated/7270367410a1_enhanced.png
72a867980067,0,/Users/mrudangmrugeshshah/Documents/MATLAB/images_generated/72a867980067_enhanced.png
72c31aa48e2c,0,/Users/mrudangmrugeshshah/Documents/MATLAB/images_generated/72c31aa48e2c_enhanced.png
72d98188648f,4,/Users/mrudangmrugeshshah/Documents/MATLAB/images_generated/72d98188648f_enhanced.png
731b19a460ad,2,/Users/mrudangmrugeshshah/Documents/MATLAB/images_generated/731b19a460ad_enhanced.png
7335a2d43ada,1,/Users/mrudangmrugeshshah/Documents/MATLAB/images_generated/7335a2d43ada_enhanced.png
7347bd23ba80,0,/Users/mrudangmrugeshshah/Documents/MATLAB/images_generated/7347bd23ba80_enhanced.png
7347f5133a6a,1,/Users/mrudangmrugeshshah/Documents/MATLAB/images_generated/7347f5133a6a_enhanced.png
7350c50667c5,2,/Users/mrudangmrugeshshah/Documents/MATLAB/images_generated/7350c50667c5_enhanced.png
7356dd08b0ae,2,/Users/mrudangmrugeshshah/Documents/MATLAB/images_generated/7356dd08b0ae_enhanced.png
735836b1ffa6,0,/Users/mrudangmrugeshshah/Documents/MATLAB/images_generated/735836b1ffa6_enhanced.png
737ef6226677,0,/Users/mrudangmrugeshshah/Documents/MATLAB/images_generated/737ef6226677_enhanced.png
73881f55a3ec,1,/Users/mrudangmrugeshshah/Documents/MATLAB/images_generated/73881f55a3ec_enhanced.png
73a07e2ea23e,0,/Users/mrudangmrugeshshah/Documents/MATLAB/images_generated/73a07e2ea23e_enhanced.png
73ba798fee25,0,/Users/mrudangmrugeshshah/Documents/MATLAB/images_generated/73ba798fee25_enhanced.png
73d40ce06a67,0,/Users/mrudangmrugeshshah/Documents/MATLAB/images_generated/73d40ce06a67_enhanced.png
73e83a07a16d,2,/Users/mrudangmrugeshshah/Documents/MATLAB/images_generated/73e83a07a16d_enhanced.png
73ef3c3dcbe4,0,/Users/mrudangmrugeshshah/Documents/MATLAB/images_generated/73ef3c3dcbe4_enhanced.png
74211a2b6dcf,0,/Users/mrudangmrugeshshah/Documents/MATLAB/images_generated/74211a2b6dcf_enhanced.png
7427dedafccf,1,/Users/mrudangmrugeshshah/Documents/MATLAB/images_generated/7427dedafccf_enhanced.png
7435e9a3e36e,0,/Users/mrudangmrugeshshah/Documents/MATLAB/images_generated/7435e9a3e36e_enhanced.png
74418f620068,2,/Users/mrudangmrugeshshah/Documents/MATLAB/images_generated/74418f620068_enhanced.png
7455e2b5fc57,2,/Users/mrudangmrugeshshah/Documents/MATLAB/images_generated/7455e2b5fc57_enhanced.png
74898f372d2b,0,/Users/mrudangmrugeshshah/Documents/MATLAB/images_generated/74898f372d2b_enhanced.png
74eee788edee,3,/Users/mrudangmrugeshshah/Documents/MATLAB/images_generated/74eee788edee_enhanced.png
750e0168399d,0,/Users/mrudangmrugeshshah/Documents/MATLAB/images_generated/750e0168399d_enhanced.png
75238d945315,0,/Users/mrudangmrugeshshah/Documents/MATLAB/images_generated/75238d945315_enhanced.png
7525ebb3434d,3,/Users/mrudangmrugeshshah/Documents/MATLAB/images_generated/7525ebb3434d_enhanced.png
7526c59c36d3,0,/Users/mrudangmrugeshshah/Documents/MATLAB/images_generated/7526c59c36d3_enhanced.png
7526cf435753,0,/Users/mrudangmrugeshshah/Documents/MATLAB/images_generated/7526cf435753_enhanced.png
75369248dba0,0,/Users/mrudangmrugeshshah/Documents/MATLAB/images_generated/75369248dba0_enhanced.png
753b14c27c83,4,/Users/mrudangmrugeshshah/Documents/MATLAB/images_generated/753b14c27c83_enhanced.png
7550966ef777,2,/Users/mrudangmrugeshshah/Documents/MATLAB/images_generated/7550966ef777_enhanced.png
7569ac24762e,0,/Users/mrudangmrugeshshah/Documents/MATLAB/images_generated/7569ac24762e_enhanced.png
756b0d6488bb,1,/Users/mrudangmrugeshshah/Documents/MATLAB/images_generated/756b0d6488bb_enhanced.png
757572337fd0,2,/Users/mrudangmrugeshshah/Documents/MATLAB/images_generated/757572337fd0_enhanced.png
757e39293591,0,/Users/mrudangmrugeshshah/Documents/MATLAB/images_generated/757e39293591_enhanced.png
75a071608ea6,0,/Users/mrudangmrugeshshah/Documents/MATLAB/images_generated/75a071608ea6_enhanced.png
75a4343b12f9,0,/Users/mrudangmrugeshshah/Documents/MATLAB/images_generated/75a4343b12f9_enhanced.png
75a7bc945b7d,2,/Users/mrudangmrugeshshah/Documents/MATLAB/images_generated/75a7bc945b7d_enhanced.png
75c180e04f65,0,/Users/mrudangmrugeshshah/Documents/MATLAB/images_generated/75c180e04f65_enhanced.png
75ed83dbccce,0,/Users/mrudangmrugeshshah/Documents/MATLAB/images_generated/75ed83dbccce_enhanced.png
76095c338728,0,/Users/mrudangmrugeshshah/Documents/MATLAB/images_generated/76095c338728_enhanced.png
760b6f4c6d82,2,/Users/mrudangmrugeshshah/Documents/MATLAB/images_generated/760b6f4c6d82_enhanced.png
762d6e5d5068,3,/Users/mrudangmrugeshshah/Documents/MATLAB/images_generated/762d6e5d5068_enhanced.png
7635921c5efb,0,/Users/mrudangmrugeshshah/Documents/MATLAB/images_generated/7635921c5efb_enhanced.png
763ad1236efe,0,/Users/mrudangmrugeshshah/Documents/MATLAB/images_generated/763ad1236efe_enhanced.png
76516f828d88,0,/Users/mrudangmrugeshshah/Documents/MATLAB/images_generated/76516f828d88_enhanced.png
7663aba8d762,2,/Users/mrudangmrugeshshah/Documents/MATLAB/images_generated/7663aba8d762_enhanced.png
767d777ee889,0,/Users/mrudangmrugeshshah/Documents/MATLAB/images_generated/767d777ee889_enhanced.png
76b950c6ed5e,0,/Users/mrudangmrugeshshah/Documents/MATLAB/images_generated/76b950c6ed5e_enhanced.png
76bc31e0d3be,0,/Users/mrudangmrugeshshah/Documents/MATLAB/images_generated/76bc31e0d3be_enhanced.png
76be29bb30b2,1,/Users/mrudangmrugeshshah/Documents/MATLAB/images_generated/76be29bb30b2_enhanced.png
76c0c7e1b6cb,2,/Users/mrudangmrugeshshah/Documents/MATLAB/images_generated/76c0c7e1b6cb_enhanced.png
76cab26493f1,0,/Users/mrudangmrugeshshah/Documents/MATLAB/images_generated/76cab26493f1_enhanced.png
76cb010f7aa0,0,/Users/mrudangmrugeshshah/Documents/MATLAB/images_generated/76cb010f7aa0_enhanced.png
76cfe8967f7d,2,/Users/mrudangmrugeshshah/Documents/MATLAB/images_generated/76cfe8967f7d_enhanced.png
76df141d966b,0,/Users/mrudangmrugeshshah/Documents/MATLAB/images_generated/76df141d966b_enhanced.png
76e589911303,1,/Users/mrudangmrugeshshah/Documents/MATLAB/images_generated/76e589911303_enhanced.png
76e5b50f95a7,0,/Users/mrudangmrugeshshah/Documents/MATLAB/images_generated/76e5b50f95a7_enhanced.png
76e6a9238570,2,/Users/mrudangmrugeshshah/Documents/MATLAB/images_generated/76e6a9238570_enhanced.png
76f3473df8a6,0,/Users/mrudangmrugeshshah/Documents/MATLAB/images_generated/76f3473df8a6_enhanced.png
76fe19ff64fb,2,/Users/mrudangmrugeshshah/Documents/MATLAB/images_generated/76fe19ff64fb_enhanced.png
772af553b8b7,3,/Users/mrudangmrugeshshah/Documents/MATLAB/images_generated/772af553b8b7_enhanced.png
7743f4e04a6d,2,/Users/mrudangmrugeshshah/Documents/MATLAB/images_generated/7743f4e04a6d_enhanced.png
77543f66a84a,2,/Users/mrudangmrugeshshah/Documents/MATLAB/images_generated/77543f66a84a_enhanced.png
77a1f1398fdb,0,/Users/mrudangmrugeshshah/Documents/MATLAB/images_generated/77a1f1398fdb_enhanced.png
77a9538b8362,1,/Users/mrudangmrugeshshah/Documents/MATLAB/images_generated/77a9538b8362_enhanced.png
77ab222bf85c,0,/Users/mrudangmrugeshshah/Documents/MATLAB/images_generated/77ab222bf85c_enhanced.png
77acc2cafee1,0,/Users/mrudangmrugeshshah/Documents/MATLAB/images_generated/77acc2cafee1_enhanced.png
77b7b71ebcc3,0,/Users/mrudangmrugeshshah/Documents/MATLAB/images_generated/77b7b71ebcc3_enhanced.png
77baa08a1345,2,/Users/mrudangmrugeshshah/Documents/MATLAB/images_generated/77baa08a1345_enhanced.png
77e15f213b04,0,/Users/mrudangmrugeshshah/Documents/MATLAB/images_generated/77e15f213b04_enhanced.png
77e7c7a160c8,2,/Users/mrudangmrugeshshah/Documents/MATLAB/images_generated/77e7c7a160c8_enhanced.png
77f69c7ff324,2,/Users/mrudangmrugeshshah/Documents/MATLAB/images_generated/77f69c7ff324_enhanced.png
780be525036d,0,/Users/mrudangmrugeshshah/Documents/MATLAB/images_generated/780be525036d_enhanced.png
780f9c237c56,0,/Users/mrudangmrugeshshah/Documents/MATLAB/images_generated/780f9c237c56_enhanced.png
780f9daaa24b,0,/Users/mrudangmrugeshshah/Documents/MATLAB/images_generated/780f9daaa24b_enhanced.png
7828dd083cdc,0,/Users/mrudangmrugeshshah/Documents/MATLAB/images_generated/7828dd083cdc_enhanced.png
7831ce1d895e,0,/Users/mrudangmrugeshshah/Documents/MATLAB/images_generated/7831ce1d895e_enhanced.png
784d6d302f98,0,/Users/mrudangmrugeshshah/Documents/MATLAB/images_generated/784d6d302f98_enhanced.png
785777558f05,4,/Users/mrudangmrugeshshah/Documents/MATLAB/images_generated/785777558f05_enhanced.png
7877be80901c,2,/Users/mrudangmrugeshshah/Documents/MATLAB/images_generated/7877be80901c_enhanced.png
788ddb0b70b7,3,/Users/mrudangmrugeshshah/Documents/MATLAB/images_generated/788ddb0b70b7_enhanced.png
78937523f7a8,0,/Users/mrudangmrugeshshah/Documents/MATLAB/images_generated/78937523f7a8_enhanced.png
789434d095d1,4,/Users/mrudangmrugeshshah/Documents/MATLAB/images_generated/789434d095d1_enhanced.png
789c60cba801,0,/Users/mrudangmrugeshshah/Documents/MATLAB/images_generated/789c60cba801_enhanced.png
789f0ec1eab8,0,/Users/mrudangmrugeshshah/Documents/MATLAB/images_generated/789f0ec1eab8_enhanced.png
78a577c3e0bf,2,/Users/mrudangmrugeshshah/Documents/MATLAB/images_generated/78a577c3e0bf_enhanced.png
78b3f819dcc5,4,/Users/mrudangmrugeshshah/Documents/MATLAB/images_generated/78b3f819dcc5_enhanced.png
78bcdffb8785,1,/Users/mrudangmrugeshshah/Documents/MATLAB/images_generated/78bcdffb8785_enhanced.png
78d53c82a23e,2,/Users/mrudangmrugeshshah/Documents/MATLAB/images_generated/78d53c82a23e_enhanced.png
79059d0592c4,2,/Users/mrudangmrugeshshah/Documents/MATLAB/images_generated/79059d0592c4_enhanced.png
79540be95177,2,/Users/mrudangmrugeshshah/Documents/MATLAB/images_generated/79540be95177_enhanced.png
799214e8b07c,0,/Users/mrudangmrugeshshah/Documents/MATLAB/images_generated/799214e8b07c_enhanced.png
799cb4c816ae,2,/Users/mrudangmrugeshshah/Documents/MATLAB/images_generated/799cb4c816ae_enhanced.png
79ade634c633,0,/Users/mrudangmrugeshshah/Documents/MATLAB/images_generated/79ade634c633_enhanced.png
79be2ff796bf,2,/Users/mrudangmrugeshshah/Documents/MATLAB/images_generated/79be2ff796bf_enhanced.png
79cbae28d8b2,0,/Users/mrudangmrugeshshah/Documents/MATLAB/images_generated/79cbae28d8b2_enhanced.png
79ce83c07588,1,/Users/mrudangmrugeshshah/Documents/MATLAB/images_generated/79ce83c07588_enhanced.png
79d44db3da2d,4,/Users/mrudangmrugeshshah/Documents/MATLAB/images_generated/79d44db3da2d_enhanced.png
7a06ea127e02,0,/Users/mrudangmrugeshshah/Documents/MATLAB/images_generated/7a06ea127e02_enhanced.png
7a0cff4c24b2,2,/Users/mrudangmrugeshshah/Documents/MATLAB/images_generated/7a0cff4c24b2_enhanced.png
7a12f49e29df,0,/Users/mrudangmrugeshshah/Documents/MATLAB/images_generated/7a12f49e29df_enhanced.png
7a238a1d3cf3,4,/Users/mrudangmrugeshshah/Documents/MATLAB/images_generated/7a238a1d3cf3_enhanced.png
7a39c91416e2,0,/Users/mrudangmrugeshshah/Documents/MATLAB/images_generated/7a39c91416e2_enhanced.png
7a3ea1779b13,1,/Users/mrudangmrugeshshah/Documents/MATLAB/images_generated/7a3ea1779b13_enhanced.png
7a42443ed106,0,/Users/mrudangmrugeshshah/Documents/MATLAB/images_generated/7a42443ed106_enhanced.png
7a46cfa69bae,0,/Users/mrudangmrugeshshah/Documents/MATLAB/images_generated/7a46cfa69bae_enhanced.png
7a6495a39d87,0,/Users/mrudangmrugeshshah/Documents/MATLAB/images_generated/7a6495a39d87_enhanced.png
7a6e384a0846,3,/Users/mrudangmrugeshshah/Documents/MATLAB/images_generated/7a6e384a0846_enhanced.png
7a77c3eb468c,0,/Users/mrudangmrugeshshah/Documents/MATLAB/images_generated/7a77c3eb468c_enhanced.png
7a9f45fdf29b,0,/Users/mrudangmrugeshshah/Documents/MATLAB/images_generated/7a9f45fdf29b_enhanced.png
7aabd768abff,0,/Users/mrudangmrugeshshah/Documents/MATLAB/images_generated/7aabd768abff_enhanced.png
7ad0c4975890,0,/Users/mrudangmrugeshshah/Documents/MATLAB/images_generated/7ad0c4975890_enhanced.png
7adfb8fc0621,0,/Users/mrudangmrugeshshah/Documents/MATLAB/images_generated/7adfb8fc0621_enhanced.png
7ae69d22075a,1,/Users/mrudangmrugeshshah/Documents/MATLAB/images_generated/7ae69d22075a_enhanced.png
7af4d8704032,0,/Users/mrudangmrugeshshah/Documents/MATLAB/images_generated/7af4d8704032_enhanced.png
7b20210d9120,1,/Users/mrudangmrugeshshah/Documents/MATLAB/images_generated/7b20210d9120_enhanced.png
7b211d8bd249,4,/Users/mrudangmrugeshshah/Documents/MATLAB/images_generated/7b211d8bd249_enhanced.png
7b29e3783919,3,/Users/mrudangmrugeshshah/Documents/MATLAB/images_generated/7b29e3783919_enhanced.png
7b49041cbf17,3,/Users/mrudangmrugeshshah/Documents/MATLAB/images_generated/7b49041cbf17_enhanced.png
7b691d9ced34,0,/Users/mrudangmrugeshshah/Documents/MATLAB/images_generated/7b691d9ced34_enhanced.png
7b87b0015282,0,/Users/mrudangmrugeshshah/Documents/MATLAB/images_generated/7b87b0015282_enhanced.png
7b8c78b41c0d,2,/Users/mrudangmrugeshshah/Documents/MATLAB/images_generated/7b8c78b41c0d_enhanced.png
7b9d519cbd66,0,/Users/mrudangmrugeshshah/Documents/MATLAB/images_generated/7b9d519cbd66_enhanced.png
7ba6b23c4b46,0,/Users/mrudangmrugeshshah/Documents/MATLAB/images_generated/7ba6b23c4b46_enhanced.png
7bc00e58d419,0,/Users/mrudangmrugeshshah/Documents/MATLAB/images_generated/7bc00e58d419_enhanced.png
7bc2e0fa3f72,2,/Users/mrudangmrugeshshah/Documents/MATLAB/images_generated/7bc2e0fa3f72_enhanced.png
7bc4dd99eee5,4,/Users/mrudangmrugeshshah/Documents/MATLAB/images_generated/7bc4dd99eee5_enhanced.png
7bda86d95c5b,2,/Users/mrudangmrugeshshah/Documents/MATLAB/images_generated/7bda86d95c5b_enhanced.png
7be1b9aa78aa,0,/Users/mrudangmrugeshshah/Documents/MATLAB/images_generated/7be1b9aa78aa_enhanced.png
7bf981d9c7fe,1,/Users/mrudangmrugeshshah/Documents/MATLAB/images_generated/7bf981d9c7fe_enhanced.png
7c2e852171c0,0,/Users/mrudangmrugeshshah/Documents/MATLAB/images_generated/7c2e852171c0_enhanced.png
7c2f820a6425,2,/Users/mrudangmrugeshshah/Documents/MATLAB/images_generated/7c2f820a6425_enhanced.png
7c3747c0b2c3,0,/Users/mrudangmrugeshshah/Documents/MATLAB/images_generated/7c3747c0b2c3_enhanced.png
7c52fe73e748,2,/Users/mrudangmrugeshshah/Documents/MATLAB/images_generated/7c52fe73e748_enhanced.png
7c629b491d1a,4,/Users/mrudangmrugeshshah/Documents/MATLAB/images_generated/7c629b491d1a_enhanced.png
7c6594b50690,0,/Users/mrudangmrugeshshah/Documents/MATLAB/images_generated/7c6594b50690_enhanced.png
7c90ab025331,4,/Users/mrudangmrugeshshah/Documents/MATLAB/images_generated/7c90ab025331_enhanced.png
7cc4b7aabe04,4,/Users/mrudangmrugeshshah/Documents/MATLAB/images_generated/7cc4b7aabe04_enhanced.png
7ccb267fd394,1,/Users/mrudangmrugeshshah/Documents/MATLAB/images_generated/7ccb267fd394_enhanced.png
7ccf9d25dc48,0,/Users/mrudangmrugeshshah/Documents/MATLAB/images_generated/7ccf9d25dc48_enhanced.png
7ce671f952be,0,/Users/mrudangmrugeshshah/Documents/MATLAB/images_generated/7ce671f952be_enhanced.png
7d0a871c45db,0,/Users/mrudangmrugeshshah/Documents/MATLAB/images_generated/7d0a871c45db_enhanced.png
7d11dbc1e738,0,/Users/mrudangmrugeshshah/Documents/MATLAB/images_generated/7d11dbc1e738_enhanced.png
7d1b40fdbd86,2,/Users/mrudangmrugeshshah/Documents/MATLAB/images_generated/7d1b40fdbd86_enhanced.png
7d1da90d3ca9,2,/Users/mrudangmrugeshshah/Documents/MATLAB/images_generated/7d1da90d3ca9_enhanced.png
7d261f986bef,2,/Users/mrudangmrugeshshah/Documents/MATLAB/images_generated/7d261f986bef_enhanced.png
7d37a2939f12,2,/Users/mrudangmrugeshshah/Documents/MATLAB/images_generated/7d37a2939f12_enhanced.png
7d3835e4e63a,3,/Users/mrudangmrugeshshah/Documents/MATLAB/images_generated/7d3835e4e63a_enhanced.png
7d48f8cdfb69,0,/Users/mrudangmrugeshshah/Documents/MATLAB/images_generated/7d48f8cdfb69_enhanced.png
7d626a7ffe76,4,/Users/mrudangmrugeshshah/Documents/MATLAB/images_generated/7d626a7ffe76_enhanced.png
7d8f67cadc29,2,/Users/mrudangmrugeshshah/Documents/MATLAB/images_generated/7d8f67cadc29_enhanced.png
7d94a000c2d0,0,/Users/mrudangmrugeshshah/Documents/MATLAB/images_generated/7d94a000c2d0_enhanced.png
7da558d92100,0,/Users/mrudangmrugeshshah/Documents/MATLAB/images_generated/7da558d92100_enhanced.png
7ddcfcea7369,0,/Users/mrudangmrugeshshah/Documents/MATLAB/images_generated/7ddcfcea7369_enhanced.png
7dee6bf8b9c1,2,/Users/mrudangmrugeshshah/Documents/MATLAB/images_generated/7dee6bf8b9c1_enhanced.png
7e0598cc88a0,4,/Users/mrudangmrugeshshah/Documents/MATLAB/images_generated/7e0598cc88a0_enhanced.png
7e160c8b611e,3,/Users/mrudangmrugeshshah/Documents/MATLAB/images_generated/7e160c8b611e_enhanced.png
7e4019ac7f5a,4,/Users/mrudangmrugeshshah/Documents/MATLAB/images_generated/7e4019ac7f5a_enhanced.png
7e5a76c4e103,0,/Users/mrudangmrugeshshah/Documents/MATLAB/images_generated/7e5a76c4e103_enhanced.png
7e6e90a93aa5,2,/Users/mrudangmrugeshshah/Documents/MATLAB/images_generated/7e6e90a93aa5_enhanced.png
7e70344b0c25,0,/Users/mrudangmrugeshshah/Documents/MATLAB/images_generated/7e70344b0c25_enhanced.png
7e77b61e1639,0,/Users/mrudangmrugeshshah/Documents/MATLAB/images_generated/7e77b61e1639_enhanced.png
7e9081e95bf6,0,/Users/mrudangmrugeshshah/Documents/MATLAB/images_generated/7e9081e95bf6_enhanced.png
7e9458de5707,2,/Users/mrudangmrugeshshah/Documents/MATLAB/images_generated/7e9458de5707_enhanced.png
7e980424868e,0,/Users/mrudangmrugeshshah/Documents/MATLAB/images_generated/7e980424868e_enhanced.png
7ea756985353,1,/Users/mrudangmrugeshshah/Documents/MATLAB/images_generated/7ea756985353_enhanced.png
7ec0e61a7e29,0,/Users/mrudangmrugeshshah/Documents/MATLAB/images_generated/7ec0e61a7e29_enhanced.png
7ec1ffe8220b,2,/Users/mrudangmrugeshshah/Documents/MATLAB/images_generated/7ec1ffe8220b_enhanced.png
7ed4128b2a4e,0,/Users/mrudangmrugeshshah/Documents/MATLAB/images_generated/7ed4128b2a4e_enhanced.png
7ee6de71c140,0,/Users/mrudangmrugeshshah/Documents/MATLAB/images_generated/7ee6de71c140_enhanced.png
7eeb191ad06b,0,/Users/mrudangmrugeshshah/Documents/MATLAB/images_generated/7eeb191ad06b_enhanced.png
7eee3d1f1268,0,/Users/mrudangmrugeshshah/Documents/MATLAB/images_generated/7eee3d1f1268_enhanced.png
7ef5ff774a48,1,/Users/mrudangmrugeshshah/Documents/MATLAB/images_generated/7ef5ff774a48_enhanced.png
7efc91af4ae6,4,/Users/mrudangmrugeshshah/Documents/MATLAB/images_generated/7efc91af4ae6_enhanced.png
7f0ffeb0a333,0,/Users/mrudangmrugeshshah/Documents/MATLAB/images_generated/7f0ffeb0a333_enhanced.png
7f1f3269f546,0,/Users/mrudangmrugeshshah/Documents/MATLAB/images_generated/7f1f3269f546_enhanced.png
7f2123bc89a3,0,/Users/mrudangmrugeshshah/Documents/MATLAB/images_generated/7f2123bc89a3_enhanced.png
7f2cce721e19,0,/Users/mrudangmrugeshshah/Documents/MATLAB/images_generated/7f2cce721e19_enhanced.png
7f39c36469b5,0,/Users/mrudangmrugeshshah/Documents/MATLAB/images_generated/7f39c36469b5_enhanced.png
7f43becd3e83,0,/Users/mrudangmrugeshshah/Documents/MATLAB/images_generated/7f43becd3e83_enhanced.png
7f60f2a083d3,1,/Users/mrudangmrugeshshah/Documents/MATLAB/images_generated/7f60f2a083d3_enhanced.png
7f6690fa390a,0,/Users/mrudangmrugeshshah/Documents/MATLAB/images_generated/7f6690fa390a_enhanced.png
7f6ce40f306b,2,/Users/mrudangmrugeshshah/Documents/MATLAB/images_generated/7f6ce40f306b_enhanced.png
7f84284598f5,2,/Users/mrudangmrugeshshah/Documents/MATLAB/images_generated/7f84284598f5_enhanced.png
7fc3a8bb40de,0,/Users/mrudangmrugeshshah/Documents/MATLAB/images_generated/7fc3a8bb40de_enhanced.png
7fdb177b8f7d,0,/Users/mrudangmrugeshshah/Documents/MATLAB/images_generated/7fdb177b8f7d_enhanced.png
7fe7309d0b4f,0,/Users/mrudangmrugeshshah/Documents/MATLAB/images_generated/7fe7309d0b4f_enhanced.png
8000a6b97a84,2,/Users/mrudangmrugeshshah/Documents/MATLAB/images_generated/8000a6b97a84_enhanced.png
8010c931321f,0,/Users/mrudangmrugeshshah/Documents/MATLAB/images_generated/8010c931321f_enhanced.png
803120c5d287,2,/Users/mrudangmrugeshshah/Documents/MATLAB/images_generated/803120c5d287_enhanced.png
807135cbc438,2,/Users/mrudangmrugeshshah/Documents/MATLAB/images_generated/807135cbc438_enhanced.png
80964d8e0863,4,/Users/mrudangmrugeshshah/Documents/MATLAB/images_generated/80964d8e0863_enhanced.png
80a02014b418,1,/Users/mrudangmrugeshshah/Documents/MATLAB/images_generated/80a02014b418_enhanced.png
80b5697f2a5e,0,/Users/mrudangmrugeshshah/Documents/MATLAB/images_generated/80b5697f2a5e_enhanced.png
80b5a9519aec,2,/Users/mrudangmrugeshshah/Documents/MATLAB/images_generated/80b5a9519aec_enhanced.png
80c67efc8101,0,/Users/mrudangmrugeshshah/Documents/MATLAB/images_generated/80c67efc8101_enhanced.png
80ca40196225,3,/Users/mrudangmrugeshshah/Documents/MATLAB/images_generated/80ca40196225_enhanced.png
80d24897669f,1,/Users/mrudangmrugeshshah/Documents/MATLAB/images_generated/80d24897669f_enhanced.png
80dbeb0fdc75,0,/Users/mrudangmrugeshshah/Documents/MATLAB/images_generated/80dbeb0fdc75_enhanced.png
80e6e425f966,0,/Users/mrudangmrugeshshah/Documents/MATLAB/images_generated/80e6e425f966_enhanced.png
80e7cc0a0649,3,/Users/mrudangmrugeshshah/Documents/MATLAB/images_generated/80e7cc0a0649_enhanced.png
80ed04a84a16,0,/Users/mrudangmrugeshshah/Documents/MATLAB/images_generated/80ed04a84a16_enhanced.png
80f6b30ece8c,0,/Users/mrudangmrugeshshah/Documents/MATLAB/images_generated/80f6b30ece8c_enhanced.png
80feb1f7ca5e,2,/Users/mrudangmrugeshshah/Documents/MATLAB/images_generated/80feb1f7ca5e_enhanced.png
810d3779abd9,3,/Users/mrudangmrugeshshah/Documents/MATLAB/images_generated/810d3779abd9_enhanced.png
810ed108f5b7,0,/Users/mrudangmrugeshshah/Documents/MATLAB/images_generated/810ed108f5b7_enhanced.png
8114d6a160df,1,/Users/mrudangmrugeshshah/Documents/MATLAB/images_generated/8114d6a160df_enhanced.png
812d5adafaf2,2,/Users/mrudangmrugeshshah/Documents/MATLAB/images_generated/812d5adafaf2_enhanced.png
81371b0c01ad,0,/Users/mrudangmrugeshshah/Documents/MATLAB/images_generated/81371b0c01ad_enhanced.png
81704925f759,0,/Users/mrudangmrugeshshah/Documents/MATLAB/images_generated/81704925f759_enhanced.png
8185ce1cdcef,0,/Users/mrudangmrugeshshah/Documents/MATLAB/images_generated/8185ce1cdcef_enhanced.png
81914ceb4e74,0,/Users/mrudangmrugeshshah/Documents/MATLAB/images_generated/81914ceb4e74_enhanced.png
8191ae701985,0,/Users/mrudangmrugeshshah/Documents/MATLAB/images_generated/8191ae701985_enhanced.png
81b0a2651c45,2,/Users/mrudangmrugeshshah/Documents/MATLAB/images_generated/81b0a2651c45_enhanced.png
81bc03e2ff2b,2,/Users/mrudangmrugeshshah/Documents/MATLAB/images_generated/81bc03e2ff2b_enhanced.png
81d79d53ed7b,0,/Users/mrudangmrugeshshah/Documents/MATLAB/images_generated/81d79d53ed7b_enhanced.png
8201cab8322d,3,/Users/mrudangmrugeshshah/Documents/MATLAB/images_generated/8201cab8322d_enhanced.png
82088c6734e6,0,/Users/mrudangmrugeshshah/Documents/MATLAB/images_generated/82088c6734e6_enhanced.png
821789e9053f,1,/Users/mrudangmrugeshshah/Documents/MATLAB/images_generated/821789e9053f_enhanced.png
8241e43408a8,0,/Users/mrudangmrugeshshah/Documents/MATLAB/images_generated/8241e43408a8_enhanced.png
8273fdb4405e,1,/Users/mrudangmrugeshshah/Documents/MATLAB/images_generated/8273fdb4405e_enhanced.png
82910bba4753,2,/Users/mrudangmrugeshshah/Documents/MATLAB/images_generated/82910bba4753_enhanced.png
82ac8463fadd,1,/Users/mrudangmrugeshshah/Documents/MATLAB/images_generated/82ac8463fadd_enhanced.png
82bb8a01935f,4,/Users/mrudangmrugeshshah/Documents/MATLAB/images_generated/82bb8a01935f_enhanced.png
82d364726a58,0,/Users/mrudangmrugeshshah/Documents/MATLAB/images_generated/82d364726a58_enhanced.png
82deb07a6618,2,/Users/mrudangmrugeshshah/Documents/MATLAB/images_generated/82deb07a6618_enhanced.png
82e5bc01f8a4,0,/Users/mrudangmrugeshshah/Documents/MATLAB/images_generated/82e5bc01f8a4_enhanced.png
82f2784ead76,2,/Users/mrudangmrugeshshah/Documents/MATLAB/images_generated/82f2784ead76_enhanced.png
83038ca49b6d,0,/Users/mrudangmrugeshshah/Documents/MATLAB/images_generated/83038ca49b6d_enhanced.png
830e297965a1,0,/Users/mrudangmrugeshshah/Documents/MATLAB/images_generated/830e297965a1_enhanced.png
8329e80c10ac,0,/Users/mrudangmrugeshshah/Documents/MATLAB/images_generated/8329e80c10ac_enhanced.png
8344c783da65,0,/Users/mrudangmrugeshshah/Documents/MATLAB/images_generated/8344c783da65_enhanced.png
83517eaeccb9,0,/Users/mrudangmrugeshshah/Documents/MATLAB/images_generated/83517eaeccb9_enhanced.png
835b9f6e12ba,0,/Users/mrudangmrugeshshah/Documents/MATLAB/images_generated/835b9f6e12ba_enhanced.png
837acf120946,0,/Users/mrudangmrugeshshah/Documents/MATLAB/images_generated/837acf120946_enhanced.png
838b3e4d0bb4,0,/Users/mrudangmrugeshshah/Documents/MATLAB/images_generated/838b3e4d0bb4_enhanced.png
838c87c63422,4,/Users/mrudangmrugeshshah/Documents/MATLAB/images_generated/838c87c63422_enhanced.png
83a63c4a3e4a,0,/Users/mrudangmrugeshshah/Documents/MATLAB/images_generated/83a63c4a3e4a_enhanced.png
83b61051737f,2,/Users/mrudangmrugeshshah/Documents/MATLAB/images_generated/83b61051737f_enhanced.png
83d6e40c869f,2,/Users/mrudangmrugeshshah/Documents/MATLAB/images_generated/83d6e40c869f_enhanced.png
83d81ba5959c,0,/Users/mrudangmrugeshshah/Documents/MATLAB/images_generated/83d81ba5959c_enhanced.png
83df53d58f28,0,/Users/mrudangmrugeshshah/Documents/MATLAB/images_generated/83df53d58f28_enhanced.png
83e529e95b0e,1,/Users/mrudangmrugeshshah/Documents/MATLAB/images_generated/83e529e95b0e_enhanced.png
83fda7c0500b,0,/Users/mrudangmrugeshshah/Documents/MATLAB/images_generated/83fda7c0500b_enhanced.png
840527bc6628,2,/Users/mrudangmrugeshshah/Documents/MATLAB/images_generated/840527bc6628_enhanced.png
840a06a9c690,0,/Users/mrudangmrugeshshah/Documents/MATLAB/images_generated/840a06a9c690_enhanced.png
8421107255ae,2,/Users/mrudangmrugeshshah/Documents/MATLAB/images_generated/8421107255ae_enhanced.png
842d697884f6,2,/Users/mrudangmrugeshshah/Documents/MATLAB/images_generated/842d697884f6_enhanced.png
8433a032b96c,0,/Users/mrudangmrugeshshah/Documents/MATLAB/images_generated/8433a032b96c_enhanced.png
8446826853d0,2,/Users/mrudangmrugeshshah/Documents/MATLAB/images_generated/8446826853d0_enhanced.png
8448af27ba07,0,/Users/mrudangmrugeshshah/Documents/MATLAB/images_generated/8448af27ba07_enhanced.png
847b04287c9c,0,/Users/mrudangmrugeshshah/Documents/MATLAB/images_generated/847b04287c9c_enhanced.png
848e66b9e199,0,/Users/mrudangmrugeshshah/Documents/MATLAB/images_generated/848e66b9e199_enhanced.png
849a91e9ab28,1,/Users/mrudangmrugeshshah/Documents/MATLAB/images_generated/849a91e9ab28_enhanced.png
84a72e15b23c,1,/Users/mrudangmrugeshshah/Documents/MATLAB/images_generated/84a72e15b23c_enhanced.png
84b472c49cfa,0,/Users/mrudangmrugeshshah/Documents/MATLAB/images_generated/84b472c49cfa_enhanced.png
84b4da14bc23,0,/Users/mrudangmrugeshshah/Documents/MATLAB/images_generated/84b4da14bc23_enhanced.png
84b79243e430,0,/Users/mrudangmrugeshshah/Documents/MATLAB/images_generated/84b79243e430_enhanced.png
84b88e8d3bca,0,/Users/mrudangmrugeshshah/Documents/MATLAB/images_generated/84b88e8d3bca_enhanced.png
84c663f39632,4,/Users/mrudangmrugeshshah/Documents/MATLAB/images_generated/84c663f39632_enhanced.png
84e8c62165b5,2,/Users/mrudangmrugeshshah/Documents/MATLAB/images_generated/84e8c62165b5_enhanced.png
851e40a21f81,0,/Users/mrudangmrugeshshah/Documents/MATLAB/images_generated/851e40a21f81_enhanced.png
8543a801dce0,2,/Users/mrudangmrugeshshah/Documents/MATLAB/images_generated/8543a801dce0_enhanced.png
855f0a5442b6,2,/Users/mrudangmrugeshshah/Documents/MATLAB/images_generated/855f0a5442b6_enhanced.png
8564b7aa3c1a,0,/Users/mrudangmrugeshshah/Documents/MATLAB/images_generated/8564b7aa3c1a_enhanced.png
857002ed4e49,2,/Users/mrudangmrugeshshah/Documents/MATLAB/images_generated/857002ed4e49_enhanced.png
857230f64a2e,4,/Users/mrudangmrugeshshah/Documents/MATLAB/images_generated/857230f64a2e_enhanced.png
8596a24a14bd,4,/Users/mrudangmrugeshshah/Documents/MATLAB/images_generated/8596a24a14bd_enhanced.png
85cbb84ac8e0,4,/Users/mrudangmrugeshshah/Documents/MATLAB/images_generated/85cbb84ac8e0_enhanced.png
85cc6d636898,2,/Users/mrudangmrugeshshah/Documents/MATLAB/images_generated/85cc6d636898_enhanced.png
85f99e7e4052,0,/Users/mrudangmrugeshshah/Documents/MATLAB/images_generated/85f99e7e4052_enhanced.png
85fce24084da,2,/Users/mrudangmrugeshshah/Documents/MATLAB/images_generated/85fce24084da_enhanced.png
86410aa13b3e,0,/Users/mrudangmrugeshshah/Documents/MATLAB/images_generated/86410aa13b3e_enhanced.png
8650d32f4a9e,0,/Users/mrudangmrugeshshah/Documents/MATLAB/images_generated/8650d32f4a9e_enhanced.png
8660e1864665,0,/Users/mrudangmrugeshshah/Documents/MATLAB/images_generated/8660e1864665_enhanced.png
86722fcd802c,2,/Users/mrudangmrugeshshah/Documents/MATLAB/images_generated/86722fcd802c_enhanced.png
8676427e4625,1,/Users/mrudangmrugeshshah/Documents/MATLAB/images_generated/8676427e4625_enhanced.png
8688f3d0fcaf,3,/Users/mrudangmrugeshshah/Documents/MATLAB/images_generated/8688f3d0fcaf_enhanced.png
8693ab1fd2be,0,/Users/mrudangmrugeshshah/Documents/MATLAB/images_generated/8693ab1fd2be_enhanced.png
869bbd3170cc,2,/Users/mrudangmrugeshshah/Documents/MATLAB/images_generated/869bbd3170cc_enhanced.png
86b3a7929bec,2,/Users/mrudangmrugeshshah/Documents/MATLAB/images_generated/86b3a7929bec_enhanced.png
86baef833ae0,2,/Users/mrudangmrugeshshah/Documents/MATLAB/images_generated/86baef833ae0_enhanced.png
86d58f850a0c,0,/Users/mrudangmrugeshshah/Documents/MATLAB/images_generated/86d58f850a0c_enhanced.png
86d6808f0609,3,/Users/mrudangmrugeshshah/Documents/MATLAB/images_generated/86d6808f0609_enhanced.png
86e7f98f73f1,2,/Users/mrudangmrugeshshah/Documents/MATLAB/images_generated/86e7f98f73f1_enhanced.png
86fbac86ed3e,2,/Users/mrudangmrugeshshah/Documents/MATLAB/images_generated/86fbac86ed3e_enhanced.png
870f433e8f37,0,/Users/mrudangmrugeshshah/Documents/MATLAB/images_generated/870f433e8f37_enhanced.png
870fbe6eaa68,0,/Users/mrudangmrugeshshah/Documents/MATLAB/images_generated/870fbe6eaa68_enhanced.png
8714d17bb6da,1,/Users/mrudangmrugeshshah/Documents/MATLAB/images_generated/8714d17bb6da_enhanced.png
87295c5fa1cc,0,/Users/mrudangmrugeshshah/Documents/MATLAB/images_generated/87295c5fa1cc_enhanced.png
873dcc0b468f,4,/Users/mrudangmrugeshshah/Documents/MATLAB/images_generated/873dcc0b468f_enhanced.png
873fe0404d6e,2,/Users/mrudangmrugeshshah/Documents/MATLAB/images_generated/873fe0404d6e_enhanced.png
874f8c1929f6,0,/Users/mrudangmrugeshshah/Documents/MATLAB/images_generated/874f8c1929f6_enhanced.png
875a2fc5fe23,4,/Users/mrudangmrugeshshah/Documents/MATLAB/images_generated/875a2fc5fe23_enhanced.png
875d2ffcbf47,0,/Users/mrudangmrugeshshah/Documents/MATLAB/images_generated/875d2ffcbf47_enhanced.png
876deb29f000,0,/Users/mrudangmrugeshshah/Documents/MATLAB/images_generated/876deb29f000_enhanced.png
876e1dd12d38,2,/Users/mrudangmrugeshshah/Documents/MATLAB/images_generated/876e1dd12d38_enhanced.png
87774aafe068,4,/Users/mrudangmrugeshshah/Documents/MATLAB/images_generated/87774aafe068_enhanced.png
8785b71238d8,4,/Users/mrudangmrugeshshah/Documents/MATLAB/images_generated/8785b71238d8_enhanced.png
878a3a097436,2,/Users/mrudangmrugeshshah/Documents/MATLAB/images_generated/878a3a097436_enhanced.png
878e356c8fc9,0,/Users/mrudangmrugeshshah/Documents/MATLAB/images_generated/878e356c8fc9_enhanced.png
879744b9dc65,2,/Users/mrudangmrugeshshah/Documents/MATLAB/images_generated/879744b9dc65_enhanced.png
87a9f4d20f07,0,/Users/mrudangmrugeshshah/Documents/MATLAB/images_generated/87a9f4d20f07_enhanced.png
87b1938994b5,2,/Users/mrudangmrugeshshah/Documents/MATLAB/images_generated/87b1938994b5_enhanced.png
87b671c6d4c5,0,/Users/mrudangmrugeshshah/Documents/MATLAB/images_generated/87b671c6d4c5_enhanced.png
87d46b1cc4e9,0,/Users/mrudangmrugeshshah/Documents/MATLAB/images_generated/87d46b1cc4e9_enhanced.png
880edb2cdb69,0,/Users/mrudangmrugeshshah/Documents/MATLAB/images_generated/880edb2cdb69_enhanced.png
881ec6186e68,0,/Users/mrudangmrugeshshah/Documents/MATLAB/images_generated/881ec6186e68_enhanced.png
882a71de424e,2,/Users/mrudangmrugeshshah/Documents/MATLAB/images_generated/882a71de424e_enhanced.png
883c6a184f16,0,/Users/mrudangmrugeshshah/Documents/MATLAB/images_generated/883c6a184f16_enhanced.png
883ddb650967,0,/Users/mrudangmrugeshshah/Documents/MATLAB/images_generated/883ddb650967_enhanced.png
8846b09384a4,0,/Users/mrudangmrugeshshah/Documents/MATLAB/images_generated/8846b09384a4_enhanced.png
885fa5fc5da8,0,/Users/mrudangmrugeshshah/Documents/MATLAB/images_generated/885fa5fc5da8_enhanced.png
8860c7b11530,2,/Users/mrudangmrugeshshah/Documents/MATLAB/images_generated/8860c7b11530_enhanced.png
8871e6a26596,2,/Users/mrudangmrugeshshah/Documents/MATLAB/images_generated/8871e6a26596_enhanced.png
887c26fc0e1f,4,/Users/mrudangmrugeshshah/Documents/MATLAB/images_generated/887c26fc0e1f_enhanced.png
88e4399d207c,0,/Users/mrudangmrugeshshah/Documents/MATLAB/images_generated/88e4399d207c_enhanced.png
88e5051f65bd,0,/Users/mrudangmrugeshshah/Documents/MATLAB/images_generated/88e5051f65bd_enhanced.png
8906c9ed54a2,0,/Users/mrudangmrugeshshah/Documents/MATLAB/images_generated/8906c9ed54a2_enhanced.png
891329021e12,0,/Users/mrudangmrugeshshah/Documents/MATLAB/images_generated/891329021e12_enhanced.png
891392c9683c,2,/Users/mrudangmrugeshshah/Documents/MATLAB/images_generated/891392c9683c_enhanced.png
894a37fc3738,0,/Users/mrudangmrugeshshah/Documents/MATLAB/images_generated/894a37fc3738_enhanced.png
8958a4d17b7e,3,/Users/mrudangmrugeshshah/Documents/MATLAB/images_generated/8958a4d17b7e_enhanced.png
895fe2bfc5b6,0,/Users/mrudangmrugeshshah/Documents/MATLAB/images_generated/895fe2bfc5b6_enhanced.png
896ad584a841,0,/Users/mrudangmrugeshshah/Documents/MATLAB/images_generated/896ad584a841_enhanced.png
898f0bc8acfa,0,/Users/mrudangmrugeshshah/Documents/MATLAB/images_generated/898f0bc8acfa_enhanced.png
89b044cbaf85,2,/Users/mrudangmrugeshshah/Documents/MATLAB/images_generated/89b044cbaf85_enhanced.png
89b725411cee,2,/Users/mrudangmrugeshshah/Documents/MATLAB/images_generated/89b725411cee_enhanced.png
89d2a7403a06,2,/Users/mrudangmrugeshshah/Documents/MATLAB/images_generated/89d2a7403a06_enhanced.png
89d9c071a56f,1,/Users/mrudangmrugeshshah/Documents/MATLAB/images_generated/89d9c071a56f_enhanced.png
89ed6a0dd53f,1,/Users/mrudangmrugeshshah/Documents/MATLAB/images_generated/89ed6a0dd53f_enhanced.png
89ee1fa16f90,2,/Users/mrudangmrugeshshah/Documents/MATLAB/images_generated/89ee1fa16f90_enhanced.png
89fc080f7e83,2,/Users/mrudangmrugeshshah/Documents/MATLAB/images_generated/89fc080f7e83_enhanced.png
8a01daa423f7,1,/Users/mrudangmrugeshshah/Documents/MATLAB/images_generated/8a01daa423f7_enhanced.png
8a234d68b27e,3,/Users/mrudangmrugeshshah/Documents/MATLAB/images_generated/8a234d68b27e_enhanced.png
8a25a080f28f,1,/Users/mrudangmrugeshshah/Documents/MATLAB/images_generated/8a25a080f28f_enhanced.png
8a3eb86ae4bd,0,/Users/mrudangmrugeshshah/Documents/MATLAB/images_generated/8a3eb86ae4bd_enhanced.png
8a482c024fc2,0,/Users/mrudangmrugeshshah/Documents/MATLAB/images_generated/8a482c024fc2_enhanced.png
8a67f1efa315,2,/Users/mrudangmrugeshshah/Documents/MATLAB/images_generated/8a67f1efa315_enhanced.png
8a759f94613a,2,/Users/mrudangmrugeshshah/Documents/MATLAB/images_generated/8a759f94613a_enhanced.png
8a7765e785fb,0,/Users/mrudangmrugeshshah/Documents/MATLAB/images_generated/8a7765e785fb_enhanced.png
8a81f62320d6,0,/Users/mrudangmrugeshshah/Documents/MATLAB/images_generated/8a81f62320d6_enhanced.png
8a87dd2a784e,0,/Users/mrudangmrugeshshah/Documents/MATLAB/images_generated/8a87dd2a784e_enhanced.png
8a8a251770cd,0,/Users/mrudangmrugeshshah/Documents/MATLAB/images_generated/8a8a251770cd_enhanced.png
8a9bef2fbd4e,3,/Users/mrudangmrugeshshah/Documents/MATLAB/images_generated/8a9bef2fbd4e_enhanced.png
8aa3c4681542,0,/Users/mrudangmrugeshshah/Documents/MATLAB/images_generated/8aa3c4681542_enhanced.png
8aab201c0691,2,/Users/mrudangmrugeshshah/Documents/MATLAB/images_generated/8aab201c0691_enhanced.png
8ab3faa3701f,0,/Users/mrudangmrugeshshah/Documents/MATLAB/images_generated/8ab3faa3701f_enhanced.png
8ab8d9b3ce3f,2,/Users/mrudangmrugeshshah/Documents/MATLAB/images_generated/8ab8d9b3ce3f_enhanced.png
8ac0c44bbf24,4,/Users/mrudangmrugeshshah/Documents/MATLAB/images_generated/8ac0c44bbf24_enhanced.png
8acdf12f412a,0,/Users/mrudangmrugeshshah/Documents/MATLAB/images_generated/8acdf12f412a_enhanced.png
8acffaf1f4b9,2,/Users/mrudangmrugeshshah/Documents/MATLAB/images_generated/8acffaf1f4b9_enhanced.png
8ae049175db6,4,/Users/mrudangmrugeshshah/Documents/MATLAB/images_generated/8ae049175db6_enhanced.png
8af50c9d0a86,0,/Users/mrudangmrugeshshah/Documents/MATLAB/images_generated/8af50c9d0a86_enhanced.png
8af6a4e5396f,4,/Users/mrudangmrugeshshah/Documents/MATLAB/images_generated/8af6a4e5396f_enhanced.png
8b079e79035f,0,/Users/mrudangmrugeshshah/Documents/MATLAB/images_generated/8b079e79035f_enhanced.png
8b26d3cd61e8,2,/Users/mrudangmrugeshshah/Documents/MATLAB/images_generated/8b26d3cd61e8_enhanced.png
8b568d47a1fd,0,/Users/mrudangmrugeshshah/Documents/MATLAB/images_generated/8b568d47a1fd_enhanced.png
8b58f9a338e8,0,/Users/mrudangmrugeshshah/Documents/MATLAB/images_generated/8b58f9a338e8_enhanced.png
8b76c3c5cb3e,3,/Users/mrudangmrugeshshah/Documents/MATLAB/images_generated/8b76c3c5cb3e_enhanced.png
8b8fe3fc8950,0,/Users/mrudangmrugeshshah/Documents/MATLAB/images_generated/8b8fe3fc8950_enhanced.png
8bad12d70368,4,/Users/mrudangmrugeshshah/Documents/MATLAB/images_generated/8bad12d70368_enhanced.png
8bbd7835e9aa,1,/Users/mrudangmrugeshshah/Documents/MATLAB/images_generated/8bbd7835e9aa_enhanced.png
8bc6716c2238,1,/Users/mrudangmrugeshshah/Documents/MATLAB/images_generated/8bc6716c2238_enhanced.png
8bdb891661a8,2,/Users/mrudangmrugeshshah/Documents/MATLAB/images_generated/8bdb891661a8_enhanced.png
8be6629a6039,0,/Users/mrudangmrugeshshah/Documents/MATLAB/images_generated/8be6629a6039_enhanced.png
8bed09514c3b,4,/Users/mrudangmrugeshshah/Documents/MATLAB/images_generated/8bed09514c3b_enhanced.png
8bf05909e1e1,0,/Users/mrudangmrugeshshah/Documents/MATLAB/images_generated/8bf05909e1e1_enhanced.png
8bf2d925dc0c,0,/Users/mrudangmrugeshshah/Documents/MATLAB/images_generated/8bf2d925dc0c_enhanced.png
8c0d05233238,3,/Users/mrudangmrugeshshah/Documents/MATLAB/images_generated/8c0d05233238_enhanced.png
8c29a76fa08c,0,/Users/mrudangmrugeshshah/Documents/MATLAB/images_generated/8c29a76fa08c_enhanced.png
8c2f0f04e1ed,1,/Users/mrudangmrugeshshah/Documents/MATLAB/images_generated/8c2f0f04e1ed_enhanced.png
8c4ceddeb1c6,0,/Users/mrudangmrugeshshah/Documents/MATLAB/images_generated/8c4ceddeb1c6_enhanced.png
8c7c26c52a6c,4,/Users/mrudangmrugeshshah/Documents/MATLAB/images_generated/8c7c26c52a6c_enhanced.png
8c84e96d9b01,0,/Users/mrudangmrugeshshah/Documents/MATLAB/images_generated/8c84e96d9b01_enhanced.png
8c87bd748996,2,/Users/mrudangmrugeshshah/Documents/MATLAB/images_generated/8c87bd748996_enhanced.png
8cb6b0efaaac,2,/Users/mrudangmrugeshshah/Documents/MATLAB/images_generated/8cb6b0efaaac_enhanced.png
8cb6b5b2f19c,2,/Users/mrudangmrugeshshah/Documents/MATLAB/images_generated/8cb6b5b2f19c_enhanced.png
8ceff4c4c860,0,/Users/mrudangmrugeshshah/Documents/MATLAB/images_generated/8ceff4c4c860_enhanced.png
8d13c46e7d75,0,/Users/mrudangmrugeshshah/Documents/MATLAB/images_generated/8d13c46e7d75_enhanced.png
8d3d67661620,2,/Users/mrudangmrugeshshah/Documents/MATLAB/images_generated/8d3d67661620_enhanced.png
8d4d14a4ab07,0,/Users/mrudangmrugeshshah/Documents/MATLAB/images_generated/8d4d14a4ab07_enhanced.png
8d4ff745a409,0,/Users/mrudangmrugeshshah/Documents/MATLAB/images_generated/8d4ff745a409_enhanced.png
8d62ba9cb22a,2,/Users/mrudangmrugeshshah/Documents/MATLAB/images_generated/8d62ba9cb22a_enhanced.png
8d7bb0649a02,2,/Users/mrudangmrugeshshah/Documents/MATLAB/images_generated/8d7bb0649a02_enhanced.png
8d8aca52c07b,4,/Users/mrudangmrugeshshah/Documents/MATLAB/images_generated/8d8aca52c07b_enhanced.png
8d9516ea3587,0,/Users/mrudangmrugeshshah/Documents/MATLAB/images_generated/8d9516ea3587_enhanced.png
8dafa62f9322,0,/Users/mrudangmrugeshshah/Documents/MATLAB/images_generated/8dafa62f9322_enhanced.png
8db2ce991101,4,/Users/mrudangmrugeshshah/Documents/MATLAB/images_generated/8db2ce991101_enhanced.png
8dba09a4e5ed,2,/Users/mrudangmrugeshshah/Documents/MATLAB/images_generated/8dba09a4e5ed_enhanced.png
8dc22e65c06f,1,/Users/mrudangmrugeshshah/Documents/MATLAB/images_generated/8dc22e65c06f_enhanced.png
8dfa629ca74e,2,/Users/mrudangmrugeshshah/Documents/MATLAB/images_generated/8dfa629ca74e_enhanced.png
8dfff47b06b7,2,/Users/mrudangmrugeshshah/Documents/MATLAB/images_generated/8dfff47b06b7_enhanced.png
8e20b8fac7c3,2,/Users/mrudangmrugeshshah/Documents/MATLAB/images_generated/8e20b8fac7c3_enhanced.png
8e2a3978c244,0,/Users/mrudangmrugeshshah/Documents/MATLAB/images_generated/8e2a3978c244_enhanced.png
8e3b79e1f1f7,2,/Users/mrudangmrugeshshah/Documents/MATLAB/images_generated/8e3b79e1f1f7_enhanced.png
8e4a354e3da2,0,/Users/mrudangmrugeshshah/Documents/MATLAB/images_generated/8e4a354e3da2_enhanced.png
8e63fc4ab532,2,/Users/mrudangmrugeshshah/Documents/MATLAB/images_generated/8e63fc4ab532_enhanced.png
8e67f2d7e0ee,0,/Users/mrudangmrugeshshah/Documents/MATLAB/images_generated/8e67f2d7e0ee_enhanced.png
8e6df9eedcd8,0,/Users/mrudangmrugeshshah/Documents/MATLAB/images_generated/8e6df9eedcd8_enhanced.png
8e76054f0831,0,/Users/mrudangmrugeshshah/Documents/MATLAB/images_generated/8e76054f0831_enhanced.png
8e7981855125,0,/Users/mrudangmrugeshshah/Documents/MATLAB/images_generated/8e7981855125_enhanced.png
8ead17dfb6a6,0,/Users/mrudangmrugeshshah/Documents/MATLAB/images_generated/8ead17dfb6a6_enhanced.png
8ead8f37423c,0,/Users/mrudangmrugeshshah/Documents/MATLAB/images_generated/8ead8f37423c_enhanced.png
8eb3337a54e9,2,/Users/mrudangmrugeshshah/Documents/MATLAB/images_generated/8eb3337a54e9_enhanced.png
8ed586c43023,0,/Users/mrudangmrugeshshah/Documents/MATLAB/images_generated/8ed586c43023_enhanced.png
8ee50c26fc13,0,/Users/mrudangmrugeshshah/Documents/MATLAB/images_generated/8ee50c26fc13_enhanced.png
8eeac97f02f0,4,/Users/mrudangmrugeshshah/Documents/MATLAB/images_generated/8eeac97f02f0_enhanced.png
8ef2eb8c51c4,1,/Users/mrudangmrugeshshah/Documents/MATLAB/images_generated/8ef2eb8c51c4_enhanced.png
8f06ca4642bd,0,/Users/mrudangmrugeshshah/Documents/MATLAB/images_generated/8f06ca4642bd_enhanced.png
8f10e41a2f02,0,/Users/mrudangmrugeshshah/Documents/MATLAB/images_generated/8f10e41a2f02_enhanced.png
8f14bca04b47,0,/Users/mrudangmrugeshshah/Documents/MATLAB/images_generated/8f14bca04b47_enhanced.png
8f1e7433a95d,2,/Users/mrudangmrugeshshah/Documents/MATLAB/images_generated/8f1e7433a95d_enhanced.png
8f2996b8d855,1,/Users/mrudangmrugeshshah/Documents/MATLAB/images_generated/8f2996b8d855_enhanced.png
8f318a978844,4,/Users/mrudangmrugeshshah/Documents/MATLAB/images_generated/8f318a978844_enhanced.png
8f9819752ca0,0,/Users/mrudangmrugeshshah/Documents/MATLAB/images_generated/8f9819752ca0_enhanced.png
8fbb2ca39911,0,/Users/mrudangmrugeshshah/Documents/MATLAB/images_generated/8fbb2ca39911_enhanced.png
8fc09fecd22f,1,/Users/mrudangmrugeshshah/Documents/MATLAB/images_generated/8fc09fecd22f_enhanced.png
8fd7ad26e691,4,/Users/mrudangmrugeshshah/Documents/MATLAB/images_generated/8fd7ad26e691_enhanced.png
8ff2733f6aef,2,/Users/mrudangmrugeshshah/Documents/MATLAB/images_generated/8ff2733f6aef_enhanced.png
8ff863f8874f,1,/Users/mrudangmrugeshshah/Documents/MATLAB/images_generated/8ff863f8874f_enhanced.png
8ffa608170d3,0,/Users/mrudangmrugeshshah/Documents/MATLAB/images_generated/8ffa608170d3_enhanced.png
901a3552fe26,0,/Users/mrudangmrugeshshah/Documents/MATLAB/images_generated/901a3552fe26_enhanced.png
902dc5a91a3f,0,/Users/mrudangmrugeshshah/Documents/MATLAB/images_generated/902dc5a91a3f_enhanced.png
9033f1493da1,2,/Users/mrudangmrugeshshah/Documents/MATLAB/images_generated/9033f1493da1_enhanced.png
9039cbfcbb2f,0,/Users/mrudangmrugeshshah/Documents/MATLAB/images_generated/9039cbfcbb2f_enhanced.png
9041eb43456e,2,/Users/mrudangmrugeshshah/Documents/MATLAB/images_generated/9041eb43456e_enhanced.png
904b03ad5594,0,/Users/mrudangmrugeshshah/Documents/MATLAB/images_generated/904b03ad5594_enhanced.png
905cc86bf100,4,/Users/mrudangmrugeshshah/Documents/MATLAB/images_generated/905cc86bf100_enhanced.png
906d02fb822d,0,/Users/mrudangmrugeshshah/Documents/MATLAB/images_generated/906d02fb822d_enhanced.png
907aaff827e5,2,/Users/mrudangmrugeshshah/Documents/MATLAB/images_generated/907aaff827e5_enhanced.png
9095d43fb132,0,/Users/mrudangmrugeshshah/Documents/MATLAB/images_generated/9095d43fb132_enhanced.png
90960ddf4d14,0,/Users/mrudangmrugeshshah/Documents/MATLAB/images_generated/90960ddf4d14_enhanced.png
90a786abe58e,0,/Users/mrudangmrugeshshah/Documents/MATLAB/images_generated/90a786abe58e_enhanced.png
90a9a41eec6d,0,/Users/mrudangmrugeshshah/Documents/MATLAB/images_generated/90a9a41eec6d_enhanced.png
90b8bf342032,3,/Users/mrudangmrugeshshah/Documents/MATLAB/images_generated/90b8bf342032_enhanced.png
90bde2ff8953,0,/Users/mrudangmrugeshshah/Documents/MATLAB/images_generated/90bde2ff8953_enhanced.png
90c982cc2d96,1,/Users/mrudangmrugeshshah/Documents/MATLAB/images_generated/90c982cc2d96_enhanced.png
910bfd38e2f5,3,/Users/mrudangmrugeshshah/Documents/MATLAB/images_generated/910bfd38e2f5_enhanced.png
9122b31414d3,0,/Users/mrudangmrugeshshah/Documents/MATLAB/images_generated/9122b31414d3_enhanced.png
912fbe06407e,0,/Users/mrudangmrugeshshah/Documents/MATLAB/images_generated/912fbe06407e_enhanced.png
913490237ad4,3,/Users/mrudangmrugeshshah/Documents/MATLAB/images_generated/913490237ad4_enhanced.png
913b1890ed1e,2,/Users/mrudangmrugeshshah/Documents/MATLAB/images_generated/913b1890ed1e_enhanced.png
916915f01e17,0,/Users/mrudangmrugeshshah/Documents/MATLAB/images_generated/916915f01e17_enhanced.png
916ec976ff30,3,/Users/mrudangmrugeshshah/Documents/MATLAB/images_generated/916ec976ff30_enhanced.png
917f76f360b6,2,/Users/mrudangmrugeshshah/Documents/MATLAB/images_generated/917f76f360b6_enhanced.png
91a88d3b0358,2,/Users/mrudangmrugeshshah/Documents/MATLAB/images_generated/91a88d3b0358_enhanced.png
91b6ebaa3678,3,/Users/mrudangmrugeshshah/Documents/MATLAB/images_generated/91b6ebaa3678_enhanced.png
91b7a4179ecf,0,/Users/mrudangmrugeshshah/Documents/MATLAB/images_generated/91b7a4179ecf_enhanced.png
91cbe1c775ef,2,/Users/mrudangmrugeshshah/Documents/MATLAB/images_generated/91cbe1c775ef_enhanced.png
91cf56d3d1af,3,/Users/mrudangmrugeshshah/Documents/MATLAB/images_generated/91cf56d3d1af_enhanced.png
91e2c2890c9f,2,/Users/mrudangmrugeshshah/Documents/MATLAB/images_generated/91e2c2890c9f_enhanced.png
91e82fe4e434,0,/Users/mrudangmrugeshshah/Documents/MATLAB/images_generated/91e82fe4e434_enhanced.png
91e8af9ceee9,2,/Users/mrudangmrugeshshah/Documents/MATLAB/images_generated/91e8af9ceee9_enhanced.png
91f3c4c1e72b,0,/Users/mrudangmrugeshshah/Documents/MATLAB/images_generated/91f3c4c1e72b_enhanced.png
921433215353,2,/Users/mrudangmrugeshshah/Documents/MATLAB/images_generated/921433215353_enhanced.png
922586d86cd8,0,/Users/mrudangmrugeshshah/Documents/MATLAB/images_generated/922586d86cd8_enhanced.png
9232dc06cfdc,0,/Users/mrudangmrugeshshah/Documents/MATLAB/images_generated/9232dc06cfdc_enhanced.png
92587e494d51,0,/Users/mrudangmrugeshshah/Documents/MATLAB/images_generated/92587e494d51_enhanced.png
9274e75dc4d5,0,/Users/mrudangmrugeshshah/Documents/MATLAB/images_generated/9274e75dc4d5_enhanced.png
9287e57326d0,0,/Users/mrudangmrugeshshah/Documents/MATLAB/images_generated/9287e57326d0_enhanced.png
92889b863ae6,0,/Users/mrudangmrugeshshah/Documents/MATLAB/images_generated/92889b863ae6_enhanced.png
929cd3867815,2,/Users/mrudangmrugeshshah/Documents/MATLAB/images_generated/929cd3867815_enhanced.png
92b0d27fc0ec,2,/Users/mrudangmrugeshshah/Documents/MATLAB/images_generated/92b0d27fc0ec_enhanced.png
92d8a7c8e718,2,/Users/mrudangmrugeshshah/Documents/MATLAB/images_generated/92d8a7c8e718_enhanced.png
92d9e9f08709,1,/Users/mrudangmrugeshshah/Documents/MATLAB/images_generated/92d9e9f08709_enhanced.png
92e3d608fd3c,0,/Users/mrudangmrugeshshah/Documents/MATLAB/images_generated/92e3d608fd3c_enhanced.png
92f313287a29,2,/Users/mrudangmrugeshshah/Documents/MATLAB/images_generated/92f313287a29_enhanced.png
92fcf50b3562,0,/Users/mrudangmrugeshshah/Documents/MATLAB/images_generated/92fcf50b3562_enhanced.png
930fee99213a,0,/Users/mrudangmrugeshshah/Documents/MATLAB/images_generated/930fee99213a_enhanced.png
932181b93b2f,2,/Users/mrudangmrugeshshah/Documents/MATLAB/images_generated/932181b93b2f_enhanced.png
934104859e68,0,/Users/mrudangmrugeshshah/Documents/MATLAB/images_generated/934104859e68_enhanced.png
93421787f520,0,/Users/mrudangmrugeshshah/Documents/MATLAB/images_generated/93421787f520_enhanced.png
936299166bea,0,/Users/mrudangmrugeshshah/Documents/MATLAB/images_generated/936299166bea_enhanced.png
937bc1b924b1,0,/Users/mrudangmrugeshshah/Documents/MATLAB/images_generated/937bc1b924b1_enhanced.png
93802d1e3c41,0,/Users/mrudangmrugeshshah/Documents/MATLAB/images_generated/93802d1e3c41_enhanced.png
93a1b984de84,0,/Users/mrudangmrugeshshah/Documents/MATLAB/images_generated/93a1b984de84_enhanced.png
93be637084a2,1,/Users/mrudangmrugeshshah/Documents/MATLAB/images_generated/93be637084a2_enhanced.png
93d6d20a5ee3,0,/Users/mrudangmrugeshshah/Documents/MATLAB/images_generated/93d6d20a5ee3_enhanced.png
94076a9fb9b5,0,/Users/mrudangmrugeshshah/Documents/MATLAB/images_generated/94076a9fb9b5_enhanced.png
94111ed3d276,1,/Users/mrudangmrugeshshah/Documents/MATLAB/images_generated/94111ed3d276_enhanced.png
94145d1f42cf,0,/Users/mrudangmrugeshshah/Documents/MATLAB/images_generated/94145d1f42cf_enhanced.png
941d874c8afb,0,/Users/mrudangmrugeshshah/Documents/MATLAB/images_generated/941d874c8afb_enhanced.png
942f544c4e15,0,/Users/mrudangmrugeshshah/Documents/MATLAB/images_generated/942f544c4e15_enhanced.png
94372043d55b,1,/Users/mrudangmrugeshshah/Documents/MATLAB/images_generated/94372043d55b_enhanced.png
944a233fbf8e,1,/Users/mrudangmrugeshshah/Documents/MATLAB/images_generated/944a233fbf8e_enhanced.png
946545473380,0,/Users/mrudangmrugeshshah/Documents/MATLAB/images_generated/946545473380_enhanced.png
949710bead24,0,/Users/mrudangmrugeshshah/Documents/MATLAB/images_generated/949710bead24_enhanced.png
94a67ec0714f,2,/Users/mrudangmrugeshshah/Documents/MATLAB/images_generated/94a67ec0714f_enhanced.png
94b1d8ad35ec,1,/Users/mrudangmrugeshshah/Documents/MATLAB/images_generated/94b1d8ad35ec_enhanced.png
94b9ccc73bb9,0,/Users/mrudangmrugeshshah/Documents/MATLAB/images_generated/94b9ccc73bb9_enhanced.png
94dcb491143f,2,/Users/mrudangmrugeshshah/Documents/MATLAB/images_generated/94dcb491143f_enhanced.png
94ef1d14597f,4,/Users/mrudangmrugeshshah/Documents/MATLAB/images_generated/94ef1d14597f_enhanced.png
94f9ecf4b8d2,0,/Users/mrudangmrugeshshah/Documents/MATLAB/images_generated/94f9ecf4b8d2_enhanced.png
9519a590985d,0,/Users/mrudangmrugeshshah/Documents/MATLAB/images_generated/9519a590985d_enhanced.png
956765d5f46d,0,/Users/mrudangmrugeshshah/Documents/MATLAB/images_generated/956765d5f46d_enhanced.png
9568eb7e9c08,2,/Users/mrudangmrugeshshah/Documents/MATLAB/images_generated/9568eb7e9c08_enhanced.png
958c1fa044ba,0,/Users/mrudangmrugeshshah/Documents/MATLAB/images_generated/958c1fa044ba_enhanced.png
959bb2d01091,0,/Users/mrudangmrugeshshah/Documents/MATLAB/images_generated/959bb2d01091_enhanced.png
959dc602febc,2,/Users/mrudangmrugeshshah/Documents/MATLAB/images_generated/959dc602febc_enhanced.png
95a4cc805c7b,1,/Users/mrudangmrugeshshah/Documents/MATLAB/images_generated/95a4cc805c7b_enhanced.png
95e732e043a1,4,/Users/mrudangmrugeshshah/Documents/MATLAB/images_generated/95e732e043a1_enhanced.png
962c0fc85e13,0,/Users/mrudangmrugeshshah/Documents/MATLAB/images_generated/962c0fc85e13_enhanced.png
962cf85e4f6d,2,/Users/mrudangmrugeshshah/Documents/MATLAB/images_generated/962cf85e4f6d_enhanced.png
966c07831334,0,/Users/mrudangmrugeshshah/Documents/MATLAB/images_generated/966c07831334_enhanced.png
96793edb1003,0,/Users/mrudangmrugeshshah/Documents/MATLAB/images_generated/96793edb1003_enhanced.png
9688c6ef5dc5,0,/Users/mrudangmrugeshshah/Documents/MATLAB/images_generated/9688c6ef5dc5_enhanced.png
969f92a390db,0,/Users/mrudangmrugeshshah/Documents/MATLAB/images_generated/969f92a390db_enhanced.png
96a9706b8534,1,/Users/mrudangmrugeshshah/Documents/MATLAB/images_generated/96a9706b8534_enhanced.png
96b5474ae604,0,/Users/mrudangmrugeshshah/Documents/MATLAB/images_generated/96b5474ae604_enhanced.png
96c3e3db68bc,2,/Users/mrudangmrugeshshah/Documents/MATLAB/images_generated/96c3e3db68bc_enhanced.png
96c699221180,0,/Users/mrudangmrugeshshah/Documents/MATLAB/images_generated/96c699221180_enhanced.png
96ce10a1dbd7,0,/Users/mrudangmrugeshshah/Documents/MATLAB/images_generated/96ce10a1dbd7_enhanced.png
96d48b073f18,2,/Users/mrudangmrugeshshah/Documents/MATLAB/images_generated/96d48b073f18_enhanced.png
96ea316ed0ab,0,/Users/mrudangmrugeshshah/Documents/MATLAB/images_generated/96ea316ed0ab_enhanced.png
971bb98ab935,0,/Users/mrudangmrugeshshah/Documents/MATLAB/images_generated/971bb98ab935_enhanced.png
973b0facfa9b,0,/Users/mrudangmrugeshshah/Documents/MATLAB/images_generated/973b0facfa9b_enhanced.png
974c7d7b9c64,0,/Users/mrudangmrugeshshah/Documents/MATLAB/images_generated/974c7d7b9c64_enhanced.png
975252e325e3,2,/Users/mrudangmrugeshshah/Documents/MATLAB/images_generated/975252e325e3_enhanced.png
976082127e2a,0,/Users/mrudangmrugeshshah/Documents/MATLAB/images_generated/976082127e2a_enhanced.png
977e1ca77653,1,/Users/mrudangmrugeshshah/Documents/MATLAB/images_generated/977e1ca77653_enhanced.png
9782c0489eca,1,/Users/mrudangmrugeshshah/Documents/MATLAB/images_generated/9782c0489eca_enhanced.png
9785805af1b8,2,/Users/mrudangmrugeshshah/Documents/MATLAB/images_generated/9785805af1b8_enhanced.png
97a235367f9d,0,/Users/mrudangmrugeshshah/Documents/MATLAB/images_generated/97a235367f9d_enhanced.png
97a5ad7548b7,2,/Users/mrudangmrugeshshah/Documents/MATLAB/images_generated/97a5ad7548b7_enhanced.png
97bf61736b86,2,/Users/mrudangmrugeshshah/Documents/MATLAB/images_generated/97bf61736b86_enhanced.png
97c6cb55866d,0,/Users/mrudangmrugeshshah/Documents/MATLAB/images_generated/97c6cb55866d_enhanced.png
97d02a9b94f7,0,/Users/mrudangmrugeshshah/Documents/MATLAB/images_generated/97d02a9b94f7_enhanced.png
97da093947e8,4,/Users/mrudangmrugeshshah/Documents/MATLAB/images_generated/97da093947e8_enhanced.png
97f290d31813,0,/Users/mrudangmrugeshshah/Documents/MATLAB/images_generated/97f290d31813_enhanced.png
97fdee242fea,0,/Users/mrudangmrugeshshah/Documents/MATLAB/images_generated/97fdee242fea_enhanced.png
98104c8c67eb,2,/Users/mrudangmrugeshshah/Documents/MATLAB/images_generated/98104c8c67eb_enhanced.png
98277aeb96a7,0,/Users/mrudangmrugeshshah/Documents/MATLAB/images_generated/98277aeb96a7_enhanced.png
9837048b85dc,2,/Users/mrudangmrugeshshah/Documents/MATLAB/images_generated/9837048b85dc_enhanced.png
983c98354e9c,0,/Users/mrudangmrugeshshah/Documents/MATLAB/images_generated/983c98354e9c_enhanced.png
98441214557f,0,/Users/mrudangmrugeshshah/Documents/MATLAB/images_generated/98441214557f_enhanced.png
9858cc2ae073,0,/Users/mrudangmrugeshshah/Documents/MATLAB/images_generated/9858cc2ae073_enhanced.png
9859e2a6cc24,4,/Users/mrudangmrugeshshah/Documents/MATLAB/images_generated/9859e2a6cc24_enhanced.png
9870ce41cac4,0,/Users/mrudangmrugeshshah/Documents/MATLAB/images_generated/9870ce41cac4_enhanced.png
9878db94d9f3,3,/Users/mrudangmrugeshshah/Documents/MATLAB/images_generated/9878db94d9f3_enhanced.png
98d41bce73a8,0,/Users/mrudangmrugeshshah/Documents/MATLAB/images_generated/98d41bce73a8_enhanced.png
98e44127872f,0,/Users/mrudangmrugeshshah/Documents/MATLAB/images_generated/98e44127872f_enhanced.png
98e8adcf085c,2,/Users/mrudangmrugeshshah/Documents/MATLAB/images_generated/98e8adcf085c_enhanced.png
98f48850ebce,2,/Users/mrudangmrugeshshah/Documents/MATLAB/images_generated/98f48850ebce_enhanced.png
98f7136d2e7a,2,/Users/mrudangmrugeshshah/Documents/MATLAB/images_generated/98f7136d2e7a_enhanced.png
98fbe56dcc2c,1,/Users/mrudangmrugeshshah/Documents/MATLAB/images_generated/98fbe56dcc2c_enhanced.png
9904939ab83d,2,/Users/mrudangmrugeshshah/Documents/MATLAB/images_generated/9904939ab83d_enhanced.png
9910c827e2fe,0,/Users/mrudangmrugeshshah/Documents/MATLAB/images_generated/9910c827e2fe_enhanced.png
99132193eaa0,1,/Users/mrudangmrugeshshah/Documents/MATLAB/images_generated/99132193eaa0_enhanced.png
991a0b7a8c87,0,/Users/mrudangmrugeshshah/Documents/MATLAB/images_generated/991a0b7a8c87_enhanced.png
99240ee00485,0,/Users/mrudangmrugeshshah/Documents/MATLAB/images_generated/99240ee00485_enhanced.png
992599744a23,0,/Users/mrudangmrugeshshah/Documents/MATLAB/images_generated/992599744a23_enhanced.png
992b9a07b25f,0,/Users/mrudangmrugeshshah/Documents/MATLAB/images_generated/992b9a07b25f_enhanced.png
996f57c86ba5,3,/Users/mrudangmrugeshshah/Documents/MATLAB/images_generated/996f57c86ba5_enhanced.png
996f9bba4ef0,0,/Users/mrudangmrugeshshah/Documents/MATLAB/images_generated/996f9bba4ef0_enhanced.png
9985375d709f,0,/Users/mrudangmrugeshshah/Documents/MATLAB/images_generated/9985375d709f_enhanced.png
999115d9386b,2,/Users/mrudangmrugeshshah/Documents/MATLAB/images_generated/999115d9386b_enhanced.png
999ad827ed35,0,/Users/mrudangmrugeshshah/Documents/MATLAB/images_generated/999ad827ed35_enhanced.png
99c626e58464,0,/Users/mrudangmrugeshshah/Documents/MATLAB/images_generated/99c626e58464_enhanced.png
99c6a123ed6a,0,/Users/mrudangmrugeshshah/Documents/MATLAB/images_generated/99c6a123ed6a_enhanced.png
99e8bf998285,2,/Users/mrudangmrugeshshah/Documents/MATLAB/images_generated/99e8bf998285_enhanced.png
99ecdb41d5e7,1,/Users/mrudangmrugeshshah/Documents/MATLAB/images_generated/99ecdb41d5e7_enhanced.png
9a1029536d78,0,/Users/mrudangmrugeshshah/Documents/MATLAB/images_generated/9a1029536d78_enhanced.png
9a159d4674cd,0,/Users/mrudangmrugeshshah/Documents/MATLAB/images_generated/9a159d4674cd_enhanced.png
9a28d4e8aef0,2,/Users/mrudangmrugeshshah/Documents/MATLAB/images_generated/9a28d4e8aef0_enhanced.png
9a3109657ac1,1,/Users/mrudangmrugeshshah/Documents/MATLAB/images_generated/9a3109657ac1_enhanced.png
9a326446c431,0,/Users/mrudangmrugeshshah/Documents/MATLAB/images_generated/9a326446c431_enhanced.png
9a3c03a5ad0f,2,/Users/mrudangmrugeshshah/Documents/MATLAB/images_generated/9a3c03a5ad0f_enhanced.png
9a496b1e20f9,4,/Users/mrudangmrugeshshah/Documents/MATLAB/images_generated/9a496b1e20f9_enhanced.png
9a4f370d341b,2,/Users/mrudangmrugeshshah/Documents/MATLAB/images_generated/9a4f370d341b_enhanced.png
9a56cfb980ec,0,/Users/mrudangmrugeshshah/Documents/MATLAB/images_generated/9a56cfb980ec_enhanced.png
9a78c6a7b1c2,2,/Users/mrudangmrugeshshah/Documents/MATLAB/images_generated/9a78c6a7b1c2_enhanced.png
9a7bd084395e,2,/Users/mrudangmrugeshshah/Documents/MATLAB/images_generated/9a7bd084395e_enhanced.png
9a94e0316ee3,3,/Users/mrudangmrugeshshah/Documents/MATLAB/images_generated/9a94e0316ee3_enhanced.png
9a9b21215c55,2,/Users/mrudangmrugeshshah/Documents/MATLAB/images_generated/9a9b21215c55_enhanced.png
9ab18a4a957f,0,/Users/mrudangmrugeshshah/Documents/MATLAB/images_generated/9ab18a4a957f_enhanced.png
9ac2e3e9fca5,0,/Users/mrudangmrugeshshah/Documents/MATLAB/images_generated/9ac2e3e9fca5_enhanced.png
9ac41b9a809e,0,/Users/mrudangmrugeshshah/Documents/MATLAB/images_generated/9ac41b9a809e_enhanced.png
9ad92f1c1542,2,/Users/mrudangmrugeshshah/Documents/MATLAB/images_generated/9ad92f1c1542_enhanced.png
9ae54843c69a,0,/Users/mrudangmrugeshshah/Documents/MATLAB/images_generated/9ae54843c69a_enhanced.png
9b093fe95d6b,3,/Users/mrudangmrugeshshah/Documents/MATLAB/images_generated/9b093fe95d6b_enhanced.png
9b0eb9f41da4,2,/Users/mrudangmrugeshshah/Documents/MATLAB/images_generated/9b0eb9f41da4_enhanced.png
9b32e8ef0ca0,2,/Users/mrudangmrugeshshah/Documents/MATLAB/images_generated/9b32e8ef0ca0_enhanced.png
9b418ce42c13,2,/Users/mrudangmrugeshshah/Documents/MATLAB/images_generated/9b418ce42c13_enhanced.png
9b4fc15df3c8,0,/Users/mrudangmrugeshshah/Documents/MATLAB/images_generated/9b4fc15df3c8_enhanced.png
9b57e43b44e7,0,/Users/mrudangmrugeshshah/Documents/MATLAB/images_generated/9b57e43b44e7_enhanced.png
9b70f84400af,0,/Users/mrudangmrugeshshah/Documents/MATLAB/images_generated/9b70f84400af_enhanced.png
9b7b6e4db1d5,2,/Users/mrudangmrugeshshah/Documents/MATLAB/images_generated/9b7b6e4db1d5_enhanced.png
9b95d6203406,2,/Users/mrudangmrugeshshah/Documents/MATLAB/images_generated/9b95d6203406_enhanced.png
9ba469af2980,0,/Users/mrudangmrugeshshah/Documents/MATLAB/images_generated/9ba469af2980_enhanced.png
9bafbbd152d2,3,/Users/mrudangmrugeshshah/Documents/MATLAB/images_generated/9bafbbd152d2_enhanced.png
9bbb6c455913,0,/Users/mrudangmrugeshshah/Documents/MATLAB/images_generated/9bbb6c455913_enhanced.png
9bd008aab548,0,/Users/mrudangmrugeshshah/Documents/MATLAB/images_generated/9bd008aab548_enhanced.png
9be0683649ff,0,/Users/mrudangmrugeshshah/Documents/MATLAB/images_generated/9be0683649ff_enhanced.png
9be71d6d7e59,0,/Users/mrudangmrugeshshah/Documents/MATLAB/images_generated/9be71d6d7e59_enhanced.png
9bf060db8376,3,/Users/mrudangmrugeshshah/Documents/MATLAB/images_generated/9bf060db8376_enhanced.png
9c088d2d1559,2,/Users/mrudangmrugeshshah/Documents/MATLAB/images_generated/9c088d2d1559_enhanced.png
9c14ce27cbfc,0,/Users/mrudangmrugeshshah/Documents/MATLAB/images_generated/9c14ce27cbfc_enhanced.png
9c514d2d5b3f,0,/Users/mrudangmrugeshshah/Documents/MATLAB/images_generated/9c514d2d5b3f_enhanced.png
9c52b87d01f1,3,/Users/mrudangmrugeshshah/Documents/MATLAB/images_generated/9c52b87d01f1_enhanced.png
9c5dd3612f0c,2,/Users/mrudangmrugeshshah/Documents/MATLAB/images_generated/9c5dd3612f0c_enhanced.png
9c6512166557,0,/Users/mrudangmrugeshshah/Documents/MATLAB/images_generated/9c6512166557_enhanced.png
9c72ed6befa0,4,/Users/mrudangmrugeshshah/Documents/MATLAB/images_generated/9c72ed6befa0_enhanced.png
9c893e16c055,0,/Users/mrudangmrugeshshah/Documents/MATLAB/images_generated/9c893e16c055_enhanced.png
9cc6b1f9bcbd,4,/Users/mrudangmrugeshshah/Documents/MATLAB/images_generated/9cc6b1f9bcbd_enhanced.png
9ce46d400cd6,0,/Users/mrudangmrugeshshah/Documents/MATLAB/images_generated/9ce46d400cd6_enhanced.png
9cedf5c7016b,2,/Users/mrudangmrugeshshah/Documents/MATLAB/images_generated/9cedf5c7016b_enhanced.png
9cf7c1349673,0,/Users/mrudangmrugeshshah/Documents/MATLAB/images_generated/9cf7c1349673_enhanced.png
9d1feed37610,0,/Users/mrudangmrugeshshah/Documents/MATLAB/images_generated/9d1feed37610_enhanced.png
9d62478042b6,0,/Users/mrudangmrugeshshah/Documents/MATLAB/images_generated/9d62478042b6_enhanced.png
9d74428188bb,2,/Users/mrudangmrugeshshah/Documents/MATLAB/images_generated/9d74428188bb_enhanced.png
9d75de31f1b8,0,/Users/mrudangmrugeshshah/Documents/MATLAB/images_generated/9d75de31f1b8_enhanced.png
9d98a0b585f2,2,/Users/mrudangmrugeshshah/Documents/MATLAB/images_generated/9d98a0b585f2_enhanced.png
9d9bfefa809c,2,/Users/mrudangmrugeshshah/Documents/MATLAB/images_generated/9d9bfefa809c_enhanced.png
9da74370835a,2,/Users/mrudangmrugeshshah/Documents/MATLAB/images_generated/9da74370835a_enhanced.png
9dab2e6ba44b,2,/Users/mrudangmrugeshshah/Documents/MATLAB/images_generated/9dab2e6ba44b_enhanced.png
9de9421f17e3,0,/Users/mrudangmrugeshshah/Documents/MATLAB/images_generated/9de9421f17e3_enhanced.png
9df31421cdd2,2,/Users/mrudangmrugeshshah/Documents/MATLAB/images_generated/9df31421cdd2_enhanced.png
9e2058917304,0,/Users/mrudangmrugeshshah/Documents/MATLAB/images_generated/9e2058917304_enhanced.png
9e2a8135f471,0,/Users/mrudangmrugeshshah/Documents/MATLAB/images_generated/9e2a8135f471_enhanced.png
9e2ba2b979f1,0,/Users/mrudangmrugeshshah/Documents/MATLAB/images_generated/9e2ba2b979f1_enhanced.png
9e3510963315,4,/Users/mrudangmrugeshshah/Documents/MATLAB/images_generated/9e3510963315_enhanced.png
9e5737f771c3,0,/Users/mrudangmrugeshshah/Documents/MATLAB/images_generated/9e5737f771c3_enhanced.png
9e5ec293267c,2,/Users/mrudangmrugeshshah/Documents/MATLAB/images_generated/9e5ec293267c_enhanced.png
9e7a63b2fc6a,0,/Users/mrudangmrugeshshah/Documents/MATLAB/images_generated/9e7a63b2fc6a_enhanced.png
9e99ae6ee7af,0,/Users/mrudangmrugeshshah/Documents/MATLAB/images_generated/9e99ae6ee7af_enhanced.png
9eaac43744f5,2,/Users/mrudangmrugeshshah/Documents/MATLAB/images_generated/9eaac43744f5_enhanced.png
9eaf735cf01f,1,/Users/mrudangmrugeshshah/Documents/MATLAB/images_generated/9eaf735cf01f_enhanced.png
9ed666e982cd,1,/Users/mrudangmrugeshshah/Documents/MATLAB/images_generated/9ed666e982cd_enhanced.png
9ed6c2b25767,0,/Users/mrudangmrugeshshah/Documents/MATLAB/images_generated/9ed6c2b25767_enhanced.png
9f1b14dfa14c,0,/Users/mrudangmrugeshshah/Documents/MATLAB/images_generated/9f1b14dfa14c_enhanced.png
9f1efb799b7b,2,/Users/mrudangmrugeshshah/Documents/MATLAB/images_generated/9f1efb799b7b_enhanced.png
9f285b3e57ed,0,/Users/mrudangmrugeshshah/Documents/MATLAB/images_generated/9f285b3e57ed_enhanced.png
9f37c98b8187,3,/Users/mrudangmrugeshshah/Documents/MATLAB/images_generated/9f37c98b8187_enhanced.png
9f4132bd6ed6,2,/Users/mrudangmrugeshshah/Documents/MATLAB/images_generated/9f4132bd6ed6_enhanced.png
9f436886e056,2,/Users/mrudangmrugeshshah/Documents/MATLAB/images_generated/9f436886e056_enhanced.png
9f5a8665cf2e,2,/Users/mrudangmrugeshshah/Documents/MATLAB/images_generated/9f5a8665cf2e_enhanced.png
9f8112c710be,0,/Users/mrudangmrugeshshah/Documents/MATLAB/images_generated/9f8112c710be_enhanced.png
9f935fb38440,0,/Users/mrudangmrugeshshah/Documents/MATLAB/images_generated/9f935fb38440_enhanced.png
9fa02dfb5553,0,/Users/mrudangmrugeshshah/Documents/MATLAB/images_generated/9fa02dfb5553_enhanced.png
9faad91b6578,2,/Users/mrudangmrugeshshah/Documents/MATLAB/images_generated/9faad91b6578_enhanced.png
9fab29e69a6b,4,/Users/mrudangmrugeshshah/Documents/MATLAB/images_generated/9fab29e69a6b_enhanced.png
9fefe2b44795,3,/Users/mrudangmrugeshshah/Documents/MATLAB/images_generated/9fefe2b44795_enhanced.png
a00b4cb250a7,1,/Users/mrudangmrugeshshah/Documents/MATLAB/images_generated/a00b4cb250a7_enhanced.png
a01024054596,1,/Users/mrudangmrugeshshah/Documents/MATLAB/images_generated/a01024054596_enhanced.png
a015ce4f51ad,2,/Users/mrudangmrugeshshah/Documents/MATLAB/images_generated/a015ce4f51ad_enhanced.png
a01c590c444f,2,/Users/mrudangmrugeshshah/Documents/MATLAB/images_generated/a01c590c444f_enhanced.png
a0267206d51e,2,/Users/mrudangmrugeshshah/Documents/MATLAB/images_generated/a0267206d51e_enhanced.png
a02dfd67a925,0,/Users/mrudangmrugeshshah/Documents/MATLAB/images_generated/a02dfd67a925_enhanced.png
a0445785e2f7,0,/Users/mrudangmrugeshshah/Documents/MATLAB/images_generated/a0445785e2f7_enhanced.png
a04fb36db784,2,/Users/mrudangmrugeshshah/Documents/MATLAB/images_generated/a04fb36db784_enhanced.png
a06a63d866b2,0,/Users/mrudangmrugeshshah/Documents/MATLAB/images_generated/a06a63d866b2_enhanced.png
a06b353e7bed,0,/Users/mrudangmrugeshshah/Documents/MATLAB/images_generated/a06b353e7bed_enhanced.png
a06e41bd2634,2,/Users/mrudangmrugeshshah/Documents/MATLAB/images_generated/a06e41bd2634_enhanced.png
a06e5ac695ce,0,/Users/mrudangmrugeshshah/Documents/MATLAB/images_generated/a06e5ac695ce_enhanced.png
a07d571bf7ba,0,/Users/mrudangmrugeshshah/Documents/MATLAB/images_generated/a07d571bf7ba_enhanced.png
a07d9a5045cb,0,/Users/mrudangmrugeshshah/Documents/MATLAB/images_generated/a07d9a5045cb_enhanced.png
a07efb1ecfc0,0,/Users/mrudangmrugeshshah/Documents/MATLAB/images_generated/a07efb1ecfc0_enhanced.png
a08a0133754a,0,/Users/mrudangmrugeshshah/Documents/MATLAB/images_generated/a08a0133754a_enhanced.png
a0a0cd8af5a6,2,/Users/mrudangmrugeshshah/Documents/MATLAB/images_generated/a0a0cd8af5a6_enhanced.png
a0adbe677508,0,/Users/mrudangmrugeshshah/Documents/MATLAB/images_generated/a0adbe677508_enhanced.png
a0b7ad98df57,0,/Users/mrudangmrugeshshah/Documents/MATLAB/images_generated/a0b7ad98df57_enhanced.png
a0cd7bffdaa0,4,/Users/mrudangmrugeshshah/Documents/MATLAB/images_generated/a0cd7bffdaa0_enhanced.png
a0d04a19cf40,2,/Users/mrudangmrugeshshah/Documents/MATLAB/images_generated/a0d04a19cf40_enhanced.png
a0e635689259,0,/Users/mrudangmrugeshshah/Documents/MATLAB/images_generated/a0e635689259_enhanced.png
a0fd94e2ad76,0,/Users/mrudangmrugeshshah/Documents/MATLAB/images_generated/a0fd94e2ad76_enhanced.png
a11bf2edd470,4,/Users/mrudangmrugeshshah/Documents/MATLAB/images_generated/a11bf2edd470_enhanced.png
a11c62cb3f86,0,/Users/mrudangmrugeshshah/Documents/MATLAB/images_generated/a11c62cb3f86_enhanced.png
a125377fb985,2,/Users/mrudangmrugeshshah/Documents/MATLAB/images_generated/a125377fb985_enhanced.png
a12ca80bb8c7,0,/Users/mrudangmrugeshshah/Documents/MATLAB/images_generated/a12ca80bb8c7_enhanced.png
a14bbd9a583e,3,/Users/mrudangmrugeshshah/Documents/MATLAB/images_generated/a14bbd9a583e_enhanced.png
a14fcf84bfe1,3,/Users/mrudangmrugeshshah/Documents/MATLAB/images_generated/a14fcf84bfe1_enhanced.png
a150ff5dfe07,2,/Users/mrudangmrugeshshah/Documents/MATLAB/images_generated/a150ff5dfe07_enhanced.png
a15470303941,2,/Users/mrudangmrugeshshah/Documents/MATLAB/images_generated/a15470303941_enhanced.png
a15590a7d774,2,/Users/mrudangmrugeshshah/Documents/MATLAB/images_generated/a15590a7d774_enhanced.png
a15652b22ab8,2,/Users/mrudangmrugeshshah/Documents/MATLAB/images_generated/a15652b22ab8_enhanced.png
a1822dd8d05d,0,/Users/mrudangmrugeshshah/Documents/MATLAB/images_generated/a1822dd8d05d_enhanced.png
a182b5b191de,4,/Users/mrudangmrugeshshah/Documents/MATLAB/images_generated/a182b5b191de_enhanced.png
a1872f9c0cba,0,/Users/mrudangmrugeshshah/Documents/MATLAB/images_generated/a1872f9c0cba_enhanced.png
a188c60b93fb,0,/Users/mrudangmrugeshshah/Documents/MATLAB/images_generated/a188c60b93fb_enhanced.png
a19507501b40,2,/Users/mrudangmrugeshshah/Documents/MATLAB/images_generated/a19507501b40_enhanced.png
a19ecd0a706e,1,/Users/mrudangmrugeshshah/Documents/MATLAB/images_generated/a19ecd0a706e_enhanced.png
a1b12fdce6c3,2,/Users/mrudangmrugeshshah/Documents/MATLAB/images_generated/a1b12fdce6c3_enhanced.png
a1b28bcbce00,0,/Users/mrudangmrugeshshah/Documents/MATLAB/images_generated/a1b28bcbce00_enhanced.png
a1e236fbc863,0,/Users/mrudangmrugeshshah/Documents/MATLAB/images_generated/a1e236fbc863_enhanced.png
a1eb88562239,0,/Users/mrudangmrugeshshah/Documents/MATLAB/images_generated/a1eb88562239_enhanced.png
a1edf0e66592,0,/Users/mrudangmrugeshshah/Documents/MATLAB/images_generated/a1edf0e66592_enhanced.png
a1faeb4d5f10,0,/Users/mrudangmrugeshshah/Documents/MATLAB/images_generated/a1faeb4d5f10_enhanced.png
a2163f0c2af5,0,/Users/mrudangmrugeshshah/Documents/MATLAB/images_generated/a2163f0c2af5_enhanced.png
a21b37719f9b,2,/Users/mrudangmrugeshshah/Documents/MATLAB/images_generated/a21b37719f9b_enhanced.png
a247961a5cd9,0,/Users/mrudangmrugeshshah/Documents/MATLAB/images_generated/a247961a5cd9_enhanced.png
a2696f444ecb,1,/Users/mrudangmrugeshshah/Documents/MATLAB/images_generated/a2696f444ecb_enhanced.png
a26f50218b84,0,/Users/mrudangmrugeshshah/Documents/MATLAB/images_generated/a26f50218b84_enhanced.png
a2811f512c1c,0,/Users/mrudangmrugeshshah/Documents/MATLAB/images_generated/a2811f512c1c_enhanced.png
a28bfb772f50,1,/Users/mrudangmrugeshshah/Documents/MATLAB/images_generated/a28bfb772f50_enhanced.png
a2ad3da4c7d6,2,/Users/mrudangmrugeshshah/Documents/MATLAB/images_generated/a2ad3da4c7d6_enhanced.png
a2b97d98f130,0,/Users/mrudangmrugeshshah/Documents/MATLAB/images_generated/a2b97d98f130_enhanced.png
a2b995b81692,0,/Users/mrudangmrugeshshah/Documents/MATLAB/images_generated/a2b995b81692_enhanced.png
a2d349f567a6,2,/Users/mrudangmrugeshshah/Documents/MATLAB/images_generated/a2d349f567a6_enhanced.png
a2ddabee14e9,4,/Users/mrudangmrugeshshah/Documents/MATLAB/images_generated/a2ddabee14e9_enhanced.png
a2dff8dbc9f8,0,/Users/mrudangmrugeshshah/Documents/MATLAB/images_generated/a2dff8dbc9f8_enhanced.png
a30a143a53a3,0,/Users/mrudangmrugeshshah/Documents/MATLAB/images_generated/a30a143a53a3_enhanced.png
a3132c8828e4,0,/Users/mrudangmrugeshshah/Documents/MATLAB/images_generated/a3132c8828e4_enhanced.png
a32886cb31ab,1,/Users/mrudangmrugeshshah/Documents/MATLAB/images_generated/a32886cb31ab_enhanced.png
a32b5ce3d48a,4,/Users/mrudangmrugeshshah/Documents/MATLAB/images_generated/a32b5ce3d48a_enhanced.png
a3475dc3ac80,2,/Users/mrudangmrugeshshah/Documents/MATLAB/images_generated/a3475dc3ac80_enhanced.png
a34fc5376669,0,/Users/mrudangmrugeshshah/Documents/MATLAB/images_generated/a34fc5376669_enhanced.png
a3706ce27869,2,/Users/mrudangmrugeshshah/Documents/MATLAB/images_generated/a3706ce27869_enhanced.png
a3802934bad7,2,/Users/mrudangmrugeshshah/Documents/MATLAB/images_generated/a3802934bad7_enhanced.png
a384e688e228,0,/Users/mrudangmrugeshshah/Documents/MATLAB/images_generated/a384e688e228_enhanced.png
a386ec9aabde,2,/Users/mrudangmrugeshshah/Documents/MATLAB/images_generated/a386ec9aabde_enhanced.png
a3957df90a78,2,/Users/mrudangmrugeshshah/Documents/MATLAB/images_generated/a3957df90a78_enhanced.png
a3ad6c2db6f1,1,/Users/mrudangmrugeshshah/Documents/MATLAB/images_generated/a3ad6c2db6f1_enhanced.png
a3b2e93d058b,2,/Users/mrudangmrugeshshah/Documents/MATLAB/images_generated/a3b2e93d058b_enhanced.png
a3bd2e034614,0,/Users/mrudangmrugeshshah/Documents/MATLAB/images_generated/a3bd2e034614_enhanced.png
a3d2a0c4cd17,1,/Users/mrudangmrugeshshah/Documents/MATLAB/images_generated/a3d2a0c4cd17_enhanced.png
a3fcf42ff56d,4,/Users/mrudangmrugeshshah/Documents/MATLAB/images_generated/a3fcf42ff56d_enhanced.png
a4012932e18d,0,/Users/mrudangmrugeshshah/Documents/MATLAB/images_generated/a4012932e18d_enhanced.png
a419fcb2dfb5,0,/Users/mrudangmrugeshshah/Documents/MATLAB/images_generated/a419fcb2dfb5_enhanced.png
a4359815f152,2,/Users/mrudangmrugeshshah/Documents/MATLAB/images_generated/a4359815f152_enhanced.png
a44345b27804,0,/Users/mrudangmrugeshshah/Documents/MATLAB/images_generated/a44345b27804_enhanced.png
a443c4fd489c,1,/Users/mrudangmrugeshshah/Documents/MATLAB/images_generated/a443c4fd489c_enhanced.png
a45c30da0c72,0,/Users/mrudangmrugeshshah/Documents/MATLAB/images_generated/a45c30da0c72_enhanced.png
a45d77edf8d9,2,/Users/mrudangmrugeshshah/Documents/MATLAB/images_generated/a45d77edf8d9_enhanced.png
a47432cd41e7,1,/Users/mrudangmrugeshshah/Documents/MATLAB/images_generated/a47432cd41e7_enhanced.png
a476fd984005,2,/Users/mrudangmrugeshshah/Documents/MATLAB/images_generated/a476fd984005_enhanced.png
a47878630dc2,2,/Users/mrudangmrugeshshah/Documents/MATLAB/images_generated/a47878630dc2_enhanced.png
a484bdf85b4c,0,/Users/mrudangmrugeshshah/Documents/MATLAB/images_generated/a484bdf85b4c_enhanced.png
a49b0b4484ea,2,/Users/mrudangmrugeshshah/Documents/MATLAB/images_generated/a49b0b4484ea_enhanced.png
a4b8de38eac1,3,/Users/mrudangmrugeshshah/Documents/MATLAB/images_generated/a4b8de38eac1_enhanced.png
a4d41c495666,2,/Users/mrudangmrugeshshah/Documents/MATLAB/images_generated/a4d41c495666_enhanced.png
a4d4b69f7404,3,/Users/mrudangmrugeshshah/Documents/MATLAB/images_generated/a4d4b69f7404_enhanced.png
a4ee03ecff60,0,/Users/mrudangmrugeshshah/Documents/MATLAB/images_generated/a4ee03ecff60_enhanced.png
a505981d1cab,2,/Users/mrudangmrugeshshah/Documents/MATLAB/images_generated/a505981d1cab_enhanced.png
a528be013a04,0,/Users/mrudangmrugeshshah/Documents/MATLAB/images_generated/a528be013a04_enhanced.png
a53d6d2472a6,0,/Users/mrudangmrugeshshah/Documents/MATLAB/images_generated/a53d6d2472a6_enhanced.png
a56230242a95,2,/Users/mrudangmrugeshshah/Documents/MATLAB/images_generated/a56230242a95_enhanced.png
a56729de89e9,2,/Users/mrudangmrugeshshah/Documents/MATLAB/images_generated/a56729de89e9_enhanced.png
a5a2a7003d60,1,/Users/mrudangmrugeshshah/Documents/MATLAB/images_generated/a5a2a7003d60_enhanced.png
a5bb85afc6e8,0,/Users/mrudangmrugeshshah/Documents/MATLAB/images_generated/a5bb85afc6e8_enhanced.png
a5c9a8c726b2,4,/Users/mrudangmrugeshshah/Documents/MATLAB/images_generated/a5c9a8c726b2_enhanced.png
a61723fc38c2,0,/Users/mrudangmrugeshshah/Documents/MATLAB/images_generated/a61723fc38c2_enhanced.png
a627eb8c08c5,0,/Users/mrudangmrugeshshah/Documents/MATLAB/images_generated/a627eb8c08c5_enhanced.png
a62e995f167c,0,/Users/mrudangmrugeshshah/Documents/MATLAB/images_generated/a62e995f167c_enhanced.png
a62ea0043aa7,2,/Users/mrudangmrugeshshah/Documents/MATLAB/images_generated/a62ea0043aa7_enhanced.png
a6356a3c5d11,0,/Users/mrudangmrugeshshah/Documents/MATLAB/images_generated/a6356a3c5d11_enhanced.png
a64273801bde,2,/Users/mrudangmrugeshshah/Documents/MATLAB/images_generated/a64273801bde_enhanced.png
a646c084928c,0,/Users/mrudangmrugeshshah/Documents/MATLAB/images_generated/a646c084928c_enhanced.png
a654b25124c3,0,/Users/mrudangmrugeshshah/Documents/MATLAB/images_generated/a654b25124c3_enhanced.png
a664d2055886,2,/Users/mrudangmrugeshshah/Documents/MATLAB/images_generated/a664d2055886_enhanced.png
a66c3165876f,2,/Users/mrudangmrugeshshah/Documents/MATLAB/images_generated/a66c3165876f_enhanced.png
a673193cd5a9,0,/Users/mrudangmrugeshshah/Documents/MATLAB/images_generated/a673193cd5a9_enhanced.png
a6731dd737af,0,/Users/mrudangmrugeshshah/Documents/MATLAB/images_generated/a6731dd737af_enhanced.png
a688f20f8895,2,/Users/mrudangmrugeshshah/Documents/MATLAB/images_generated/a688f20f8895_enhanced.png
a6b6d27c1b32,0,/Users/mrudangmrugeshshah/Documents/MATLAB/images_generated/a6b6d27c1b32_enhanced.png
a6c9e96a10d7,2,/Users/mrudangmrugeshshah/Documents/MATLAB/images_generated/a6c9e96a10d7_enhanced.png
a6d45de20e4d,4,/Users/mrudangmrugeshshah/Documents/MATLAB/images_generated/a6d45de20e4d_enhanced.png
a70d0f12a641,0,/Users/mrudangmrugeshshah/Documents/MATLAB/images_generated/a70d0f12a641_enhanced.png
a721efb1e049,2,/Users/mrudangmrugeshshah/Documents/MATLAB/images_generated/a721efb1e049_enhanced.png
a73c3d516c59,0,/Users/mrudangmrugeshshah/Documents/MATLAB/images_generated/a73c3d516c59_enhanced.png
a73d012c4c38,0,/Users/mrudangmrugeshshah/Documents/MATLAB/images_generated/a73d012c4c38_enhanced.png
a75bab2463d4,1,/Users/mrudangmrugeshshah/Documents/MATLAB/images_generated/a75bab2463d4_enhanced.png
a76132e79688,0,/Users/mrudangmrugeshshah/Documents/MATLAB/images_generated/a76132e79688_enhanced.png
a763661f98a5,3,/Users/mrudangmrugeshshah/Documents/MATLAB/images_generated/a763661f98a5_enhanced.png
a7673ac44509,0,/Users/mrudangmrugeshshah/Documents/MATLAB/images_generated/a7673ac44509_enhanced.png
a76b69e443ce,4,/Users/mrudangmrugeshshah/Documents/MATLAB/images_generated/a76b69e443ce_enhanced.png
a77dbec966d4,1,/Users/mrudangmrugeshshah/Documents/MATLAB/images_generated/a77dbec966d4_enhanced.png
a77eb914b383,0,/Users/mrudangmrugeshshah/Documents/MATLAB/images_generated/a77eb914b383_enhanced.png
a790a3b36390,2,/Users/mrudangmrugeshshah/Documents/MATLAB/images_generated/a790a3b36390_enhanced.png
a7b03e58a6e1,0,/Users/mrudangmrugeshshah/Documents/MATLAB/images_generated/a7b03e58a6e1_enhanced.png
a7b0d0c51731,2,/Users/mrudangmrugeshshah/Documents/MATLAB/images_generated/a7b0d0c51731_enhanced.png
a7b7dc8788b9,2,/Users/mrudangmrugeshshah/Documents/MATLAB/images_generated/a7b7dc8788b9_enhanced.png
a7c10ca6c117,0,/Users/mrudangmrugeshshah/Documents/MATLAB/images_generated/a7c10ca6c117_enhanced.png
a7ec056502e7,1,/Users/mrudangmrugeshshah/Documents/MATLAB/images_generated/a7ec056502e7_enhanced.png
a804cef3e51f,2,/Users/mrudangmrugeshshah/Documents/MATLAB/images_generated/a804cef3e51f_enhanced.png
a80dab8eddf4,3,/Users/mrudangmrugeshshah/Documents/MATLAB/images_generated/a80dab8eddf4_enhanced.png
a81b06f50612,4,/Users/mrudangmrugeshshah/Documents/MATLAB/images_generated/a81b06f50612_enhanced.png
a821b6ecef33,0,/Users/mrudangmrugeshshah/Documents/MATLAB/images_generated/a821b6ecef33_enhanced.png
a8263d248523,0,/Users/mrudangmrugeshshah/Documents/MATLAB/images_generated/a8263d248523_enhanced.png
a82a12ad3fb1,0,/Users/mrudangmrugeshshah/Documents/MATLAB/images_generated/a82a12ad3fb1_enhanced.png
a8582e346df0,1,/Users/mrudangmrugeshshah/Documents/MATLAB/images_generated/a8582e346df0_enhanced.png
a85cda5f725d,0,/Users/mrudangmrugeshshah/Documents/MATLAB/images_generated/a85cda5f725d_enhanced.png
a86128b601a7,0,/Users/mrudangmrugeshshah/Documents/MATLAB/images_generated/a86128b601a7_enhanced.png
a8652b2de23f,2,/Users/mrudangmrugeshshah/Documents/MATLAB/images_generated/a8652b2de23f_enhanced.png
a86c6283fd78,2,/Users/mrudangmrugeshshah/Documents/MATLAB/images_generated/a86c6283fd78_enhanced.png
a879c3569552,2,/Users/mrudangmrugeshshah/Documents/MATLAB/images_generated/a879c3569552_enhanced.png
a87f53bc984a,2,/Users/mrudangmrugeshshah/Documents/MATLAB/images_generated/a87f53bc984a_enhanced.png
a88365134c3c,0,/Users/mrudangmrugeshshah/Documents/MATLAB/images_generated/a88365134c3c_enhanced.png
a8854768549f,0,/Users/mrudangmrugeshshah/Documents/MATLAB/images_generated/a8854768549f_enhanced.png
a88f68b0b114,2,/Users/mrudangmrugeshshah/Documents/MATLAB/images_generated/a88f68b0b114_enhanced.png
a8a6588c8eb7,0,/Users/mrudangmrugeshshah/Documents/MATLAB/images_generated/a8a6588c8eb7_enhanced.png
a8aed92940fb,0,/Users/mrudangmrugeshshah/Documents/MATLAB/images_generated/a8aed92940fb_enhanced.png
a8b3c0961d42,0,/Users/mrudangmrugeshshah/Documents/MATLAB/images_generated/a8b3c0961d42_enhanced.png
a8b637abd96b,0,/Users/mrudangmrugeshshah/Documents/MATLAB/images_generated/a8b637abd96b_enhanced.png
a8c54e2a4b79,1,/Users/mrudangmrugeshshah/Documents/MATLAB/images_generated/a8c54e2a4b79_enhanced.png
a8c950a99107,1,/Users/mrudangmrugeshshah/Documents/MATLAB/images_generated/a8c950a99107_enhanced.png
a8c9fcdbc0be,0,/Users/mrudangmrugeshshah/Documents/MATLAB/images_generated/a8c9fcdbc0be_enhanced.png
a8dea22ef903,0,/Users/mrudangmrugeshshah/Documents/MATLAB/images_generated/a8dea22ef903_enhanced.png
a8e08e7fe016,2,/Users/mrudangmrugeshshah/Documents/MATLAB/images_generated/a8e08e7fe016_enhanced.png
a8e88d4891c4,3,/Users/mrudangmrugeshshah/Documents/MATLAB/images_generated/a8e88d4891c4_enhanced.png
a8eb35b3bcd2,2,/Users/mrudangmrugeshshah/Documents/MATLAB/images_generated/a8eb35b3bcd2_enhanced.png
a93f1ea3ff4a,2,/Users/mrudangmrugeshshah/Documents/MATLAB/images_generated/a93f1ea3ff4a_enhanced.png
a94da3d3b5c0,0,/Users/mrudangmrugeshshah/Documents/MATLAB/images_generated/a94da3d3b5c0_enhanced.png
a95858e052d6,1,/Users/mrudangmrugeshshah/Documents/MATLAB/images_generated/a95858e052d6_enhanced.png
a95d9d61ddd4,0,/Users/mrudangmrugeshshah/Documents/MATLAB/images_generated/a95d9d61ddd4_enhanced.png
a963ac561580,0,/Users/mrudangmrugeshshah/Documents/MATLAB/images_generated/a963ac561580_enhanced.png
a96ff96bbae5,0,/Users/mrudangmrugeshshah/Documents/MATLAB/images_generated/a96ff96bbae5_enhanced.png
a987aa7aac37,0,/Users/mrudangmrugeshshah/Documents/MATLAB/images_generated/a987aa7aac37_enhanced.png
a9a28c37c8c4,2,/Users/mrudangmrugeshshah/Documents/MATLAB/images_generated/a9a28c37c8c4_enhanced.png
a9a3225cf4b5,0,/Users/mrudangmrugeshshah/Documents/MATLAB/images_generated/a9a3225cf4b5_enhanced.png
a9b3177f01c0,0,/Users/mrudangmrugeshshah/Documents/MATLAB/images_generated/a9b3177f01c0_enhanced.png
a9bc2f892cb3,0,/Users/mrudangmrugeshshah/Documents/MATLAB/images_generated/a9bc2f892cb3_enhanced.png
a9c7b83caf81,2,/Users/mrudangmrugeshshah/Documents/MATLAB/images_generated/a9c7b83caf81_enhanced.png
a9d0c900b6a9,2,/Users/mrudangmrugeshshah/Documents/MATLAB/images_generated/a9d0c900b6a9_enhanced.png
a9dc80cba9a4,0,/Users/mrudangmrugeshshah/Documents/MATLAB/images_generated/a9dc80cba9a4_enhanced.png
a9e3d186cd1b,0,/Users/mrudangmrugeshshah/Documents/MATLAB/images_generated/a9e3d186cd1b_enhanced.png
a9e984b57556,3,/Users/mrudangmrugeshshah/Documents/MATLAB/images_generated/a9e984b57556_enhanced.png
aa0afc41ed19,2,/Users/mrudangmrugeshshah/Documents/MATLAB/images_generated/aa0afc41ed19_enhanced.png
aa10a4b2e709,0,/Users/mrudangmrugeshshah/Documents/MATLAB/images_generated/aa10a4b2e709_enhanced.png
aa31bc6b8f4d,2,/Users/mrudangmrugeshshah/Documents/MATLAB/images_generated/aa31bc6b8f4d_enhanced.png
aa4407aab872,0,/Users/mrudangmrugeshshah/Documents/MATLAB/images_generated/aa4407aab872_enhanced.png
aa5ce75edcf5,2,/Users/mrudangmrugeshshah/Documents/MATLAB/images_generated/aa5ce75edcf5_enhanced.png
aa60813e1a8d,0,/Users/mrudangmrugeshshah/Documents/MATLAB/images_generated/aa60813e1a8d_enhanced.png
aa6242f9e08c,0,/Users/mrudangmrugeshshah/Documents/MATLAB/images_generated/aa6242f9e08c_enhanced.png
aa6673241154,4,/Users/mrudangmrugeshshah/Documents/MATLAB/images_generated/aa6673241154_enhanced.png
aa841de1ee82,2,/Users/mrudangmrugeshshah/Documents/MATLAB/images_generated/aa841de1ee82_enhanced.png
aa8a1e814811,0,/Users/mrudangmrugeshshah/Documents/MATLAB/images_generated/aa8a1e814811_enhanced.png
aa94cc4bfd84,0,/Users/mrudangmrugeshshah/Documents/MATLAB/images_generated/aa94cc4bfd84_enhanced.png
aa9b8f05f4bf,2,/Users/mrudangmrugeshshah/Documents/MATLAB/images_generated/aa9b8f05f4bf_enhanced.png
aa9cfe639ef1,2,/Users/mrudangmrugeshshah/Documents/MATLAB/images_generated/aa9cfe639ef1_enhanced.png
aaaadb174012,0,/Users/mrudangmrugeshshah/Documents/MATLAB/images_generated/aaaadb174012_enhanced.png
aabd867043cf,0,/Users/mrudangmrugeshshah/Documents/MATLAB/images_generated/aabd867043cf_enhanced.png
aad0c0ee9268,2,/Users/mrudangmrugeshshah/Documents/MATLAB/images_generated/aad0c0ee9268_enhanced.png
aae8f9f3ef8c,3,/Users/mrudangmrugeshshah/Documents/MATLAB/images_generated/aae8f9f3ef8c_enhanced.png
aafb0c944f14,0,/Users/mrudangmrugeshshah/Documents/MATLAB/images_generated/aafb0c944f14_enhanced.png
aafe980edd0c,0,/Users/mrudangmrugeshshah/Documents/MATLAB/images_generated/aafe980edd0c_enhanced.png
ab03d50bba2f,0,/Users/mrudangmrugeshshah/Documents/MATLAB/images_generated/ab03d50bba2f_enhanced.png
ab1c20a94f3f,4,/Users/mrudangmrugeshshah/Documents/MATLAB/images_generated/ab1c20a94f3f_enhanced.png
ab32db41c409,0,/Users/mrudangmrugeshshah/Documents/MATLAB/images_generated/ab32db41c409_enhanced.png
ab3c505b624f,0,/Users/mrudangmrugeshshah/Documents/MATLAB/images_generated/ab3c505b624f_enhanced.png
ab50123abadb,2,/Users/mrudangmrugeshshah/Documents/MATLAB/images_generated/ab50123abadb_enhanced.png
ab653b8554c0,0,/Users/mrudangmrugeshshah/Documents/MATLAB/images_generated/ab653b8554c0_enhanced.png
ab686895533e,0,/Users/mrudangmrugeshshah/Documents/MATLAB/images_generated/ab686895533e_enhanced.png
ab724603ee93,0,/Users/mrudangmrugeshshah/Documents/MATLAB/images_generated/ab724603ee93_enhanced.png
ab78a66dee6a,0,/Users/mrudangmrugeshshah/Documents/MATLAB/images_generated/ab78a66dee6a_enhanced.png
ab7991df166b,0,/Users/mrudangmrugeshshah/Documents/MATLAB/images_generated/ab7991df166b_enhanced.png
ab88081e5654,0,/Users/mrudangmrugeshshah/Documents/MATLAB/images_generated/ab88081e5654_enhanced.png
aba3063c5413,3,/Users/mrudangmrugeshshah/Documents/MATLAB/images_generated/aba3063c5413_enhanced.png
ababe19ed448,1,/Users/mrudangmrugeshshah/Documents/MATLAB/images_generated/ababe19ed448_enhanced.png
abbb8791785e,0,/Users/mrudangmrugeshshah/Documents/MATLAB/images_generated/abbb8791785e_enhanced.png
abdb365cacbc,1,/Users/mrudangmrugeshshah/Documents/MATLAB/images_generated/abdb365cacbc_enhanced.png
abe940882578,0,/Users/mrudangmrugeshshah/Documents/MATLAB/images_generated/abe940882578_enhanced.png
abf09c44d5f4,2,/Users/mrudangmrugeshshah/Documents/MATLAB/images_generated/abf09c44d5f4_enhanced.png
abf0f56c6f12,2,/Users/mrudangmrugeshshah/Documents/MATLAB/images_generated/abf0f56c6f12_enhanced.png
ac0a48ccbf70,0,/Users/mrudangmrugeshshah/Documents/MATLAB/images_generated/ac0a48ccbf70_enhanced.png
ac1667fac512,0,/Users/mrudangmrugeshshah/Documents/MATLAB/images_generated/ac1667fac512_enhanced.png
ac17cc18a994,0,/Users/mrudangmrugeshshah/Documents/MATLAB/images_generated/ac17cc18a994_enhanced.png
ac2c814949f9,2,/Users/mrudangmrugeshshah/Documents/MATLAB/images_generated/ac2c814949f9_enhanced.png
ac5b5dddf91b,2,/Users/mrudangmrugeshshah/Documents/MATLAB/images_generated/ac5b5dddf91b_enhanced.png
ac720570dd0f,2,/Users/mrudangmrugeshshah/Documents/MATLAB/images_generated/ac720570dd0f_enhanced.png
ac81fc200162,0,/Users/mrudangmrugeshshah/Documents/MATLAB/images_generated/ac81fc200162_enhanced.png
aca88f566228,2,/Users/mrudangmrugeshshah/Documents/MATLAB/images_generated/aca88f566228_enhanced.png
acc9f29538c4,2,/Users/mrudangmrugeshshah/Documents/MATLAB/images_generated/acc9f29538c4_enhanced.png
ace2281f00c4,0,/Users/mrudangmrugeshshah/Documents/MATLAB/images_generated/ace2281f00c4_enhanced.png
ace287a5c991,0,/Users/mrudangmrugeshshah/Documents/MATLAB/images_generated/ace287a5c991_enhanced.png
acf976efd7ce,0,/Users/mrudangmrugeshshah/Documents/MATLAB/images_generated/acf976efd7ce_enhanced.png
ad029ba7fa8b,0,/Users/mrudangmrugeshshah/Documents/MATLAB/images_generated/ad029ba7fa8b_enhanced.png
ad12cde115ab,0,/Users/mrudangmrugeshshah/Documents/MATLAB/images_generated/ad12cde115ab_enhanced.png
ad1aa75d5630,0,/Users/mrudangmrugeshshah/Documents/MATLAB/images_generated/ad1aa75d5630_enhanced.png
ad1f7445b1a8,1,/Users/mrudangmrugeshshah/Documents/MATLAB/images_generated/ad1f7445b1a8_enhanced.png
ad20080452de,0,/Users/mrudangmrugeshshah/Documents/MATLAB/images_generated/ad20080452de_enhanced.png
ad2f0b9d059c,3,/Users/mrudangmrugeshshah/Documents/MATLAB/images_generated/ad2f0b9d059c_enhanced.png
ad312ca98202,0,/Users/mrudangmrugeshshah/Documents/MATLAB/images_generated/ad312ca98202_enhanced.png
ad3fc5076852,1,/Users/mrudangmrugeshshah/Documents/MATLAB/images_generated/ad3fc5076852_enhanced.png
ad570b850a4f,2,/Users/mrudangmrugeshshah/Documents/MATLAB/images_generated/ad570b850a4f_enhanced.png
ad6b07d5c338,0,/Users/mrudangmrugeshshah/Documents/MATLAB/images_generated/ad6b07d5c338_enhanced.png
ad93d88c87ea,0,/Users/mrudangmrugeshshah/Documents/MATLAB/images_generated/ad93d88c87ea_enhanced.png
ad944bd56bb6,0,/Users/mrudangmrugeshshah/Documents/MATLAB/images_generated/ad944bd56bb6_enhanced.png
adb56cecafaf,3,/Users/mrudangmrugeshshah/Documents/MATLAB/images_generated/adb56cecafaf_enhanced.png
add1d681d712,2,/Users/mrudangmrugeshshah/Documents/MATLAB/images_generated/add1d681d712_enhanced.png
addf66a50f42,0,/Users/mrudangmrugeshshah/Documents/MATLAB/images_generated/addf66a50f42_enhanced.png
ae1344610ebe,2,/Users/mrudangmrugeshshah/Documents/MATLAB/images_generated/ae1344610ebe_enhanced.png
ae20112e7a1e,0,/Users/mrudangmrugeshshah/Documents/MATLAB/images_generated/ae20112e7a1e_enhanced.png
ae2c3f6312ef,0,/Users/mrudangmrugeshshah/Documents/MATLAB/images_generated/ae2c3f6312ef_enhanced.png
ae2e888905ba,0,/Users/mrudangmrugeshshah/Documents/MATLAB/images_generated/ae2e888905ba_enhanced.png
ae49cc60f251,0,/Users/mrudangmrugeshshah/Documents/MATLAB/images_generated/ae49cc60f251_enhanced.png
ae57c8630249,0,/Users/mrudangmrugeshshah/Documents/MATLAB/images_generated/ae57c8630249_enhanced.png
ae58ccb5905e,0,/Users/mrudangmrugeshshah/Documents/MATLAB/images_generated/ae58ccb5905e_enhanced.png
ae5d31979f19,0,/Users/mrudangmrugeshshah/Documents/MATLAB/images_generated/ae5d31979f19_enhanced.png
ae61e19fb766,0,/Users/mrudangmrugeshshah/Documents/MATLAB/images_generated/ae61e19fb766_enhanced.png
ae8424cdb029,2,/Users/mrudangmrugeshshah/Documents/MATLAB/images_generated/ae8424cdb029_enhanced.png
ae8472f8d310,1,/Users/mrudangmrugeshshah/Documents/MATLAB/images_generated/ae8472f8d310_enhanced.png
ae94ce412de9,0,/Users/mrudangmrugeshshah/Documents/MATLAB/images_generated/ae94ce412de9_enhanced.png
ae975c43bd8b,0,/Users/mrudangmrugeshshah/Documents/MATLAB/images_generated/ae975c43bd8b_enhanced.png
aea59ebec445,3,/Users/mrudangmrugeshshah/Documents/MATLAB/images_generated/aea59ebec445_enhanced.png
aeab0a63bcaf,0,/Users/mrudangmrugeshshah/Documents/MATLAB/images_generated/aeab0a63bcaf_enhanced.png
aeb6f4fd2eed,0,/Users/mrudangmrugeshshah/Documents/MATLAB/images_generated/aeb6f4fd2eed_enhanced.png
aebe87a423c8,0,/Users/mrudangmrugeshshah/Documents/MATLAB/images_generated/aebe87a423c8_enhanced.png
aec51513cf45,0,/Users/mrudangmrugeshshah/Documents/MATLAB/images_generated/aec51513cf45_enhanced.png
aeccef0bdc26,0,/Users/mrudangmrugeshshah/Documents/MATLAB/images_generated/aeccef0bdc26_enhanced.png
aed4e743c230,2,/Users/mrudangmrugeshshah/Documents/MATLAB/images_generated/aed4e743c230_enhanced.png
aeed1f251ceb,4,/Users/mrudangmrugeshshah/Documents/MATLAB/images_generated/aeed1f251ceb_enhanced.png
aef9016557ca,2,/Users/mrudangmrugeshshah/Documents/MATLAB/images_generated/aef9016557ca_enhanced.png
af133a85ea0c,1,/Users/mrudangmrugeshshah/Documents/MATLAB/images_generated/af133a85ea0c_enhanced.png
af345c68e836,0,/Users/mrudangmrugeshshah/Documents/MATLAB/images_generated/af345c68e836_enhanced.png
af3b0115aad1,3,/Users/mrudangmrugeshshah/Documents/MATLAB/images_generated/af3b0115aad1_enhanced.png
af5a0bc4e1fa,0,/Users/mrudangmrugeshshah/Documents/MATLAB/images_generated/af5a0bc4e1fa_enhanced.png
af6166d57f13,0,/Users/mrudangmrugeshshah/Documents/MATLAB/images_generated/af6166d57f13_enhanced.png
af6a1508cd95,0,/Users/mrudangmrugeshshah/Documents/MATLAB/images_generated/af6a1508cd95_enhanced.png
af7a36454670,0,/Users/mrudangmrugeshshah/Documents/MATLAB/images_generated/af7a36454670_enhanced.png
af828dab3ffc,2,/Users/mrudangmrugeshshah/Documents/MATLAB/images_generated/af828dab3ffc_enhanced.png
af831c158744,2,/Users/mrudangmrugeshshah/Documents/MATLAB/images_generated/af831c158744_enhanced.png
af87d48ffe01,0,/Users/mrudangmrugeshshah/Documents/MATLAB/images_generated/af87d48ffe01_enhanced.png
af8aa32beee4,2,/Users/mrudangmrugeshshah/Documents/MATLAB/images_generated/af8aa32beee4_enhanced.png
afc345cc9145,0,/Users/mrudangmrugeshshah/Documents/MATLAB/images_generated/afc345cc9145_enhanced.png
afc744fad65e,0,/Users/mrudangmrugeshshah/Documents/MATLAB/images_generated/afc744fad65e_enhanced.png
b019a49787c1,3,/Users/mrudangmrugeshshah/Documents/MATLAB/images_generated/b019a49787c1_enhanced.png
b033ab4fb723,2,/Users/mrudangmrugeshshah/Documents/MATLAB/images_generated/b033ab4fb723_enhanced.png
b05922e7abd3,0,/Users/mrudangmrugeshshah/Documents/MATLAB/images_generated/b05922e7abd3_enhanced.png
b0619ca93a5f,0,/Users/mrudangmrugeshshah/Documents/MATLAB/images_generated/b0619ca93a5f_enhanced.png
b06dabab4f09,2,/Users/mrudangmrugeshshah/Documents/MATLAB/images_generated/b06dabab4f09_enhanced.png
b07bc463b718,1,/Users/mrudangmrugeshshah/Documents/MATLAB/images_generated/b07bc463b718_enhanced.png
b085caa513a8,0,/Users/mrudangmrugeshshah/Documents/MATLAB/images_generated/b085caa513a8_enhanced.png
b086c7cd3868,0,/Users/mrudangmrugeshshah/Documents/MATLAB/images_generated/b086c7cd3868_enhanced.png
b09101adb478,0,/Users/mrudangmrugeshshah/Documents/MATLAB/images_generated/b09101adb478_enhanced.png
b0acd3593310,0,/Users/mrudangmrugeshshah/Documents/MATLAB/images_generated/b0acd3593310_enhanced.png
b0b3b16fc305,0,/Users/mrudangmrugeshshah/Documents/MATLAB/images_generated/b0b3b16fc305_enhanced.png
b0c9a492e068,0,/Users/mrudangmrugeshshah/Documents/MATLAB/images_generated/b0c9a492e068_enhanced.png
b0cc9f8d06e4,2,/Users/mrudangmrugeshshah/Documents/MATLAB/images_generated/b0cc9f8d06e4_enhanced.png
b0d35981708b,2,/Users/mrudangmrugeshshah/Documents/MATLAB/images_generated/b0d35981708b_enhanced.png
b0d6417bad3e,2,/Users/mrudangmrugeshshah/Documents/MATLAB/images_generated/b0d6417bad3e_enhanced.png
b0eeae01b8ab,2,/Users/mrudangmrugeshshah/Documents/MATLAB/images_generated/b0eeae01b8ab_enhanced.png
b0f0fa677d5f,0,/Users/mrudangmrugeshshah/Documents/MATLAB/images_generated/b0f0fa677d5f_enhanced.png
b0f8613305a3,0,/Users/mrudangmrugeshshah/Documents/MATLAB/images_generated/b0f8613305a3_enhanced.png
b10fca20c885,0,/Users/mrudangmrugeshshah/Documents/MATLAB/images_generated/b10fca20c885_enhanced.png
b1197f2cc9b3,1,/Users/mrudangmrugeshshah/Documents/MATLAB/images_generated/b1197f2cc9b3_enhanced.png
b11dcdcbc8c8,0,/Users/mrudangmrugeshshah/Documents/MATLAB/images_generated/b11dcdcbc8c8_enhanced.png
b13d72ceea26,2,/Users/mrudangmrugeshshah/Documents/MATLAB/images_generated/b13d72ceea26_enhanced.png
b16dd4483ca5,0,/Users/mrudangmrugeshshah/Documents/MATLAB/images_generated/b16dd4483ca5_enhanced.png
b17f0b81dab3,1,/Users/mrudangmrugeshshah/Documents/MATLAB/images_generated/b17f0b81dab3_enhanced.png
b187b3c93afb,2,/Users/mrudangmrugeshshah/Documents/MATLAB/images_generated/b187b3c93afb_enhanced.png
b191ba0a2b12,3,/Users/mrudangmrugeshshah/Documents/MATLAB/images_generated/b191ba0a2b12_enhanced.png
b1b3e7d0a5f3,4,/Users/mrudangmrugeshshah/Documents/MATLAB/images_generated/b1b3e7d0a5f3_enhanced.png
b1c6f0997e27,0,/Users/mrudangmrugeshshah/Documents/MATLAB/images_generated/b1c6f0997e27_enhanced.png
b1f4122fd36a,2,/Users/mrudangmrugeshshah/Documents/MATLAB/images_generated/b1f4122fd36a_enhanced.png
b200c23b299b,0,/Users/mrudangmrugeshshah/Documents/MATLAB/images_generated/b200c23b299b_enhanced.png
b21abe5d9722,0,/Users/mrudangmrugeshshah/Documents/MATLAB/images_generated/b21abe5d9722_enhanced.png
b22354b5f94b,1,/Users/mrudangmrugeshshah/Documents/MATLAB/images_generated/b22354b5f94b_enhanced.png
b22cc1bf0b8a,0,/Users/mrudangmrugeshshah/Documents/MATLAB/images_generated/b22cc1bf0b8a_enhanced.png
b2748ac28fc1,2,/Users/mrudangmrugeshshah/Documents/MATLAB/images_generated/b2748ac28fc1_enhanced.png
b294927b14b0,0,/Users/mrudangmrugeshshah/Documents/MATLAB/images_generated/b294927b14b0_enhanced.png
b2aaa81cc8f0,2,/Users/mrudangmrugeshshah/Documents/MATLAB/images_generated/b2aaa81cc8f0_enhanced.png
b2b79b37d314,0,/Users/mrudangmrugeshshah/Documents/MATLAB/images_generated/b2b79b37d314_enhanced.png
b2b7ccd34cbd,0,/Users/mrudangmrugeshshah/Documents/MATLAB/images_generated/b2b7ccd34cbd_enhanced.png
b2ffa3e18559,3,/Users/mrudangmrugeshshah/Documents/MATLAB/images_generated/b2ffa3e18559_enhanced.png
b310bd564329,3,/Users/mrudangmrugeshshah/Documents/MATLAB/images_generated/b310bd564329_enhanced.png
b351ae99413a,0,/Users/mrudangmrugeshshah/Documents/MATLAB/images_generated/b351ae99413a_enhanced.png
b35cad8fe2d7,0,/Users/mrudangmrugeshshah/Documents/MATLAB/images_generated/b35cad8fe2d7_enhanced.png
b376def52ccc,2,/Users/mrudangmrugeshshah/Documents/MATLAB/images_generated/b376def52ccc_enhanced.png
b37aae3c8fe1,4,/Users/mrudangmrugeshshah/Documents/MATLAB/images_generated/b37aae3c8fe1_enhanced.png
b3819a805dca,4,/Users/mrudangmrugeshshah/Documents/MATLAB/images_generated/b3819a805dca_enhanced.png
b3a994760537,0,/Users/mrudangmrugeshshah/Documents/MATLAB/images_generated/b3a994760537_enhanced.png
b3c0c3330278,2,/Users/mrudangmrugeshshah/Documents/MATLAB/images_generated/b3c0c3330278_enhanced.png
b3d12069e1c5,2,/Users/mrudangmrugeshshah/Documents/MATLAB/images_generated/b3d12069e1c5_enhanced.png
b3d135bd3bb5,3,/Users/mrudangmrugeshshah/Documents/MATLAB/images_generated/b3d135bd3bb5_enhanced.png
b3f31c371e59,0,/Users/mrudangmrugeshshah/Documents/MATLAB/images_generated/b3f31c371e59_enhanced.png
b402b18d99a5,2,/Users/mrudangmrugeshshah/Documents/MATLAB/images_generated/b402b18d99a5_enhanced.png
b402daa0864c,2,/Users/mrudangmrugeshshah/Documents/MATLAB/images_generated/b402daa0864c_enhanced.png
b43440c6ebe4,0,/Users/mrudangmrugeshshah/Documents/MATLAB/images_generated/b43440c6ebe4_enhanced.png
b460ca9fa26f,0,/Users/mrudangmrugeshshah/Documents/MATLAB/images_generated/b460ca9fa26f_enhanced.png
b468ebf5cb11,2,/Users/mrudangmrugeshshah/Documents/MATLAB/images_generated/b468ebf5cb11_enhanced.png
b46b09a45f39,0,/Users/mrudangmrugeshshah/Documents/MATLAB/images_generated/b46b09a45f39_enhanced.png
b498b84d383f,2,/Users/mrudangmrugeshshah/Documents/MATLAB/images_generated/b498b84d383f_enhanced.png
b49b2fac2514,4,/Users/mrudangmrugeshshah/Documents/MATLAB/images_generated/b49b2fac2514_enhanced.png
b4b04d81acbb,0,/Users/mrudangmrugeshshah/Documents/MATLAB/images_generated/b4b04d81acbb_enhanced.png
b4e15102cd7a,0,/Users/mrudangmrugeshshah/Documents/MATLAB/images_generated/b4e15102cd7a_enhanced.png
b4f41b5bf0ef,1,/Users/mrudangmrugeshshah/Documents/MATLAB/images_generated/b4f41b5bf0ef_enhanced.png
b50b30aa6e6c,1,/Users/mrudangmrugeshshah/Documents/MATLAB/images_generated/b50b30aa6e6c_enhanced.png
b5204c0decc7,0,/Users/mrudangmrugeshshah/Documents/MATLAB/images_generated/b5204c0decc7_enhanced.png
b532dedd928c,0,/Users/mrudangmrugeshshah/Documents/MATLAB/images_generated/b532dedd928c_enhanced.png
b549af91bd30,0,/Users/mrudangmrugeshshah/Documents/MATLAB/images_generated/b549af91bd30_enhanced.png
b553e7909535,0,/Users/mrudangmrugeshshah/Documents/MATLAB/images_generated/b553e7909535_enhanced.png
b55d2ddb3e75,4,/Users/mrudangmrugeshshah/Documents/MATLAB/images_generated/b55d2ddb3e75_enhanced.png
b56340f472d2,1,/Users/mrudangmrugeshshah/Documents/MATLAB/images_generated/b56340f472d2_enhanced.png
b574d229ec4c,2,/Users/mrudangmrugeshshah/Documents/MATLAB/images_generated/b574d229ec4c_enhanced.png
b576c5269ad1,1,/Users/mrudangmrugeshshah/Documents/MATLAB/images_generated/b576c5269ad1_enhanced.png
b5834ee64541,3,/Users/mrudangmrugeshshah/Documents/MATLAB/images_generated/b5834ee64541_enhanced.png
b598bc9753c2,0,/Users/mrudangmrugeshshah/Documents/MATLAB/images_generated/b598bc9753c2_enhanced.png
b5a3ca5c0a80,0,/Users/mrudangmrugeshshah/Documents/MATLAB/images_generated/b5a3ca5c0a80_enhanced.png
b5b913358b32,0,/Users/mrudangmrugeshshah/Documents/MATLAB/images_generated/b5b913358b32_enhanced.png
b5bf7b84fc66,0,/Users/mrudangmrugeshshah/Documents/MATLAB/images_generated/b5bf7b84fc66_enhanced.png
b5c80d0ed0ff,2,/Users/mrudangmrugeshshah/Documents/MATLAB/images_generated/b5c80d0ed0ff_enhanced.png
b5e6ae31493c,0,/Users/mrudangmrugeshshah/Documents/MATLAB/images_generated/b5e6ae31493c_enhanced.png
b60dbf9f0744,2,/Users/mrudangmrugeshshah/Documents/MATLAB/images_generated/b60dbf9f0744_enhanced.png
b6304c545f95,2,/Users/mrudangmrugeshshah/Documents/MATLAB/images_generated/b6304c545f95_enhanced.png
b640e3bdff75,1,/Users/mrudangmrugeshshah/Documents/MATLAB/images_generated/b640e3bdff75_enhanced.png
b64e1eef3d63,0,/Users/mrudangmrugeshshah/Documents/MATLAB/images_generated/b64e1eef3d63_enhanced.png
b65ff67743b2,2,/Users/mrudangmrugeshshah/Documents/MATLAB/images_generated/b65ff67743b2_enhanced.png
b665041e1633,2,/Users/mrudangmrugeshshah/Documents/MATLAB/images_generated/b665041e1633_enhanced.png
b66f23ffa730,0,/Users/mrudangmrugeshshah/Documents/MATLAB/images_generated/b66f23ffa730_enhanced.png
b67ae80f7eba,0,/Users/mrudangmrugeshshah/Documents/MATLAB/images_generated/b67ae80f7eba_enhanced.png
b69c224edd6e,0,/Users/mrudangmrugeshshah/Documents/MATLAB/images_generated/b69c224edd6e_enhanced.png
b6a0e348a01e,1,/Users/mrudangmrugeshshah/Documents/MATLAB/images_generated/b6a0e348a01e_enhanced.png
b6bf847fbcb2,0,/Users/mrudangmrugeshshah/Documents/MATLAB/images_generated/b6bf847fbcb2_enhanced.png
b6bfe9db60e5,3,/Users/mrudangmrugeshshah/Documents/MATLAB/images_generated/b6bfe9db60e5_enhanced.png
b6d9974443ce,0,/Users/mrudangmrugeshshah/Documents/MATLAB/images_generated/b6d9974443ce_enhanced.png
b6fd109b1bc9,0,/Users/mrudangmrugeshshah/Documents/MATLAB/images_generated/b6fd109b1bc9_enhanced.png
b70cb31b9abb,4,/Users/mrudangmrugeshshah/Documents/MATLAB/images_generated/b70cb31b9abb_enhanced.png
b70e7c26f51e,0,/Users/mrudangmrugeshshah/Documents/MATLAB/images_generated/b70e7c26f51e_enhanced.png
b71428739d4e,1,/Users/mrudangmrugeshshah/Documents/MATLAB/images_generated/b71428739d4e_enhanced.png
b7278b4f2448,1,/Users/mrudangmrugeshshah/Documents/MATLAB/images_generated/b7278b4f2448_enhanced.png
b72a86d61959,0,/Users/mrudangmrugeshshah/Documents/MATLAB/images_generated/b72a86d61959_enhanced.png
b72f59b85f7c,0,/Users/mrudangmrugeshshah/Documents/MATLAB/images_generated/b72f59b85f7c_enhanced.png
b73d0bcd3d33,0,/Users/mrudangmrugeshshah/Documents/MATLAB/images_generated/b73d0bcd3d33_enhanced.png
b746a6681ba9,2,/Users/mrudangmrugeshshah/Documents/MATLAB/images_generated/b746a6681ba9_enhanced.png
b74de20d73de,0,/Users/mrudangmrugeshshah/Documents/MATLAB/images_generated/b74de20d73de_enhanced.png
b759cbef90c5,0,/Users/mrudangmrugeshshah/Documents/MATLAB/images_generated/b759cbef90c5_enhanced.png
b762c29cf2f3,2,/Users/mrudangmrugeshshah/Documents/MATLAB/images_generated/b762c29cf2f3_enhanced.png
b77b88926843,0,/Users/mrudangmrugeshshah/Documents/MATLAB/images_generated/b77b88926843_enhanced.png
b77b8a1f09f1,4,/Users/mrudangmrugeshshah/Documents/MATLAB/images_generated/b77b8a1f09f1_enhanced.png
b7983cb3f270,0,/Users/mrudangmrugeshshah/Documents/MATLAB/images_generated/b7983cb3f270_enhanced.png
b7a1bb106051,0,/Users/mrudangmrugeshshah/Documents/MATLAB/images_generated/b7a1bb106051_enhanced.png
b7aca95b97b9,0,/Users/mrudangmrugeshshah/Documents/MATLAB/images_generated/b7aca95b97b9_enhanced.png
b7bd4a6627b6,0,/Users/mrudangmrugeshshah/Documents/MATLAB/images_generated/b7bd4a6627b6_enhanced.png
b7ce561a7328,0,/Users/mrudangmrugeshshah/Documents/MATLAB/images_generated/b7ce561a7328_enhanced.png
b7e0f95353f2,3,/Users/mrudangmrugeshshah/Documents/MATLAB/images_generated/b7e0f95353f2_enhanced.png
b7f0bc7d399e,0,/Users/mrudangmrugeshshah/Documents/MATLAB/images_generated/b7f0bc7d399e_enhanced.png
b8297a2291f5,0,/Users/mrudangmrugeshshah/Documents/MATLAB/images_generated/b8297a2291f5_enhanced.png
b82d5f1f1145,2,/Users/mrudangmrugeshshah/Documents/MATLAB/images_generated/b82d5f1f1145_enhanced.png
b82dfa63a75f,0,/Users/mrudangmrugeshshah/Documents/MATLAB/images_generated/b82dfa63a75f_enhanced.png
b835b6e31a59,0,/Users/mrudangmrugeshshah/Documents/MATLAB/images_generated/b835b6e31a59_enhanced.png
b83a6eca125f,2,/Users/mrudangmrugeshshah/Documents/MATLAB/images_generated/b83a6eca125f_enhanced.png
b842b43cb7fb,0,/Users/mrudangmrugeshshah/Documents/MATLAB/images_generated/b842b43cb7fb_enhanced.png
b86fb2d5be1a,0,/Users/mrudangmrugeshshah/Documents/MATLAB/images_generated/b86fb2d5be1a_enhanced.png
b87f9c59748b,4,/Users/mrudangmrugeshshah/Documents/MATLAB/images_generated/b87f9c59748b_enhanced.png
b89938407ee6,2,/Users/mrudangmrugeshshah/Documents/MATLAB/images_generated/b89938407ee6_enhanced.png
b8ac328009e0,2,/Users/mrudangmrugeshshah/Documents/MATLAB/images_generated/b8ac328009e0_enhanced.png
b8dab47a260e,0,/Users/mrudangmrugeshshah/Documents/MATLAB/images_generated/b8dab47a260e_enhanced.png
b8e20c076b03,0,/Users/mrudangmrugeshshah/Documents/MATLAB/images_generated/b8e20c076b03_enhanced.png
b8e9a8f4617d,0,/Users/mrudangmrugeshshah/Documents/MATLAB/images_generated/b8e9a8f4617d_enhanced.png
b8ebedd382de,1,/Users/mrudangmrugeshshah/Documents/MATLAB/images_generated/b8ebedd382de_enhanced.png
b8f1b30877db,2,/Users/mrudangmrugeshshah/Documents/MATLAB/images_generated/b8f1b30877db_enhanced.png
b8fb9f55cd6d,2,/Users/mrudangmrugeshshah/Documents/MATLAB/images_generated/b8fb9f55cd6d_enhanced.png
b90bc89ce8d8,4,/Users/mrudangmrugeshshah/Documents/MATLAB/images_generated/b90bc89ce8d8_enhanced.png
b9127e38d9b9,2,/Users/mrudangmrugeshshah/Documents/MATLAB/images_generated/b9127e38d9b9_enhanced.png
b91ef82e723a,2,/Users/mrudangmrugeshshah/Documents/MATLAB/images_generated/b91ef82e723a_enhanced.png
b927a9238434,2,/Users/mrudangmrugeshshah/Documents/MATLAB/images_generated/b927a9238434_enhanced.png
b92eacd1392a,0,/Users/mrudangmrugeshshah/Documents/MATLAB/images_generated/b92eacd1392a_enhanced.png
b94c58d063bf,1,/Users/mrudangmrugeshshah/Documents/MATLAB/images_generated/b94c58d063bf_enhanced.png
b9519abce0c1,0,/Users/mrudangmrugeshshah/Documents/MATLAB/images_generated/b9519abce0c1_enhanced.png
b95d4dd8e5e2,2,/Users/mrudangmrugeshshah/Documents/MATLAB/images_generated/b95d4dd8e5e2_enhanced.png
b960142a8de7,3,/Users/mrudangmrugeshshah/Documents/MATLAB/images_generated/b960142a8de7_enhanced.png
b963a11638f2,0,/Users/mrudangmrugeshshah/Documents/MATLAB/images_generated/b963a11638f2_enhanced.png
b96b518596b3,4,/Users/mrudangmrugeshshah/Documents/MATLAB/images_generated/b96b518596b3_enhanced.png
b98f77098b9d,2,/Users/mrudangmrugeshshah/Documents/MATLAB/images_generated/b98f77098b9d_enhanced.png
b99794a0beed,2,/Users/mrudangmrugeshshah/Documents/MATLAB/images_generated/b99794a0beed_enhanced.png
b99afe7137fb,4,/Users/mrudangmrugeshshah/Documents/MATLAB/images_generated/b99afe7137fb_enhanced.png
b99c825b93c5,2,/Users/mrudangmrugeshshah/Documents/MATLAB/images_generated/b99c825b93c5_enhanced.png
b9b6ee2b9453,2,/Users/mrudangmrugeshshah/Documents/MATLAB/images_generated/b9b6ee2b9453_enhanced.png
b9b99dad668d,1,/Users/mrudangmrugeshshah/Documents/MATLAB/images_generated/b9b99dad668d_enhanced.png
b9bc81fcb075,0,/Users/mrudangmrugeshshah/Documents/MATLAB/images_generated/b9bc81fcb075_enhanced.png
b9c7c5182075,0,/Users/mrudangmrugeshshah/Documents/MATLAB/images_generated/b9c7c5182075_enhanced.png
b9d0b83d70c3,0,/Users/mrudangmrugeshshah/Documents/MATLAB/images_generated/b9d0b83d70c3_enhanced.png
b9fe7da14a32,0,/Users/mrudangmrugeshshah/Documents/MATLAB/images_generated/b9fe7da14a32_enhanced.png
ba0107fb1bfd,0,/Users/mrudangmrugeshshah/Documents/MATLAB/images_generated/ba0107fb1bfd_enhanced.png
ba08cee68c71,4,/Users/mrudangmrugeshshah/Documents/MATLAB/images_generated/ba08cee68c71_enhanced.png
ba25f947f4ec,2,/Users/mrudangmrugeshshah/Documents/MATLAB/images_generated/ba25f947f4ec_enhanced.png
ba2624883599,2,/Users/mrudangmrugeshshah/Documents/MATLAB/images_generated/ba2624883599_enhanced.png
ba2ea9182090,0,/Users/mrudangmrugeshshah/Documents/MATLAB/images_generated/ba2ea9182090_enhanced.png
ba4d2c4b3039,4,/Users/mrudangmrugeshshah/Documents/MATLAB/images_generated/ba4d2c4b3039_enhanced.png
ba4e62c11cc0,0,/Users/mrudangmrugeshshah/Documents/MATLAB/images_generated/ba4e62c11cc0_enhanced.png
ba735b286d62,4,/Users/mrudangmrugeshshah/Documents/MATLAB/images_generated/ba735b286d62_enhanced.png
baaca2f7e1f0,0,/Users/mrudangmrugeshshah/Documents/MATLAB/images_generated/baaca2f7e1f0_enhanced.png
bab776139279,0,/Users/mrudangmrugeshshah/Documents/MATLAB/images_generated/bab776139279_enhanced.png
bac1744955c2,0,/Users/mrudangmrugeshshah/Documents/MATLAB/images_generated/bac1744955c2_enhanced.png
bacfa2b8e706,0,/Users/mrudangmrugeshshah/Documents/MATLAB/images_generated/bacfa2b8e706_enhanced.png
bacfb1029f6b,1,/Users/mrudangmrugeshshah/Documents/MATLAB/images_generated/bacfb1029f6b_enhanced.png
badb5ff8d3c7,0,/Users/mrudangmrugeshshah/Documents/MATLAB/images_generated/badb5ff8d3c7_enhanced.png
bb08949dd70a,0,/Users/mrudangmrugeshshah/Documents/MATLAB/images_generated/bb08949dd70a_enhanced.png
bb11db08584a,1,/Users/mrudangmrugeshshah/Documents/MATLAB/images_generated/bb11db08584a_enhanced.png
bb2f89488ecd,0,/Users/mrudangmrugeshshah/Documents/MATLAB/images_generated/bb2f89488ecd_enhanced.png
bb45257258cc,1,/Users/mrudangmrugeshshah/Documents/MATLAB/images_generated/bb45257258cc_enhanced.png
bb5083fae98f,3,/Users/mrudangmrugeshshah/Documents/MATLAB/images_generated/bb5083fae98f_enhanced.png
bb733062f494,2,/Users/mrudangmrugeshshah/Documents/MATLAB/images_generated/bb733062f494_enhanced.png
bb752b179751,0,/Users/mrudangmrugeshshah/Documents/MATLAB/images_generated/bb752b179751_enhanced.png
bb783d8e496f,1,/Users/mrudangmrugeshshah/Documents/MATLAB/images_generated/bb783d8e496f_enhanced.png
bb7e0a2544cd,3,/Users/mrudangmrugeshshah/Documents/MATLAB/images_generated/bb7e0a2544cd_enhanced.png
bb85097857fa,0,/Users/mrudangmrugeshshah/Documents/MATLAB/images_generated/bb85097857fa_enhanced.png
bb9a3d835a94,1,/Users/mrudangmrugeshshah/Documents/MATLAB/images_generated/bb9a3d835a94_enhanced.png
bba38f2294a3,4,/Users/mrudangmrugeshshah/Documents/MATLAB/images_generated/bba38f2294a3_enhanced.png
bc23f74e14dd,2,/Users/mrudangmrugeshshah/Documents/MATLAB/images_generated/bc23f74e14dd_enhanced.png
bc34ed91c9bc,4,/Users/mrudangmrugeshshah/Documents/MATLAB/images_generated/bc34ed91c9bc_enhanced.png
bc34f52c37c7,0,/Users/mrudangmrugeshshah/Documents/MATLAB/images_generated/bc34f52c37c7_enhanced.png
bc73ce76ec43,1,/Users/mrudangmrugeshshah/Documents/MATLAB/images_generated/bc73ce76ec43_enhanced.png
bc7bf19b84e3,0,/Users/mrudangmrugeshshah/Documents/MATLAB/images_generated/bc7bf19b84e3_enhanced.png
bc8c6a778cde,0,/Users/mrudangmrugeshshah/Documents/MATLAB/images_generated/bc8c6a778cde_enhanced.png
bc92a61a1f9c,0,/Users/mrudangmrugeshshah/Documents/MATLAB/images_generated/bc92a61a1f9c_enhanced.png
bca2bdc15fc5,2,/Users/mrudangmrugeshshah/Documents/MATLAB/images_generated/bca2bdc15fc5_enhanced.png
bcb0498ed2c1,0,/Users/mrudangmrugeshshah/Documents/MATLAB/images_generated/bcb0498ed2c1_enhanced.png
bcc762618e7d,2,/Users/mrudangmrugeshshah/Documents/MATLAB/images_generated/bcc762618e7d_enhanced.png
bcd503c726ba,4,/Users/mrudangmrugeshshah/Documents/MATLAB/images_generated/bcd503c726ba_enhanced.png
bcdc8db5423b,2,/Users/mrudangmrugeshshah/Documents/MATLAB/images_generated/bcdc8db5423b_enhanced.png
bd06028eb7dd,0,/Users/mrudangmrugeshshah/Documents/MATLAB/images_generated/bd06028eb7dd_enhanced.png
bd269a1f0e4d,1,/Users/mrudangmrugeshshah/Documents/MATLAB/images_generated/bd269a1f0e4d_enhanced.png
bd34a0639575,0,/Users/mrudangmrugeshshah/Documents/MATLAB/images_generated/bd34a0639575_enhanced.png
bd375ba756b1,0,/Users/mrudangmrugeshshah/Documents/MATLAB/images_generated/bd375ba756b1_enhanced.png
bd500a73beae,0,/Users/mrudangmrugeshshah/Documents/MATLAB/images_generated/bd500a73beae_enhanced.png
bd5013540a13,4,/Users/mrudangmrugeshshah/Documents/MATLAB/images_generated/bd5013540a13_enhanced.png
bd9904495ccd,4,/Users/mrudangmrugeshshah/Documents/MATLAB/images_generated/bd9904495ccd_enhanced.png
bda7ff3b1562,2,/Users/mrudangmrugeshshah/Documents/MATLAB/images_generated/bda7ff3b1562_enhanced.png
bda8c973b09d,2,/Users/mrudangmrugeshshah/Documents/MATLAB/images_generated/bda8c973b09d_enhanced.png
bda91b76095b,0,/Users/mrudangmrugeshshah/Documents/MATLAB/images_generated/bda91b76095b_enhanced.png
bdb98063fe84,2,/Users/mrudangmrugeshshah/Documents/MATLAB/images_generated/bdb98063fe84_enhanced.png
bdc6c60e9133,0,/Users/mrudangmrugeshshah/Documents/MATLAB/images_generated/bdc6c60e9133_enhanced.png
bde1063a5dd7,0,/Users/mrudangmrugeshshah/Documents/MATLAB/images_generated/bde1063a5dd7_enhanced.png
bdf47b9f10c4,0,/Users/mrudangmrugeshshah/Documents/MATLAB/images_generated/bdf47b9f10c4_enhanced.png
bdff5d8bddf8,4,/Users/mrudangmrugeshshah/Documents/MATLAB/images_generated/bdff5d8bddf8_enhanced.png
be161517d3ac,2,/Users/mrudangmrugeshshah/Documents/MATLAB/images_generated/be161517d3ac_enhanced.png
be197b663520,0,/Users/mrudangmrugeshshah/Documents/MATLAB/images_generated/be197b663520_enhanced.png
be21d8b60e2a,2,/Users/mrudangmrugeshshah/Documents/MATLAB/images_generated/be21d8b60e2a_enhanced.png
be3a7d9e981e,0,/Users/mrudangmrugeshshah/Documents/MATLAB/images_generated/be3a7d9e981e_enhanced.png
be521870a0ea,0,/Users/mrudangmrugeshshah/Documents/MATLAB/images_generated/be521870a0ea_enhanced.png
be68322c7223,2,/Users/mrudangmrugeshshah/Documents/MATLAB/images_generated/be68322c7223_enhanced.png
be6cbf6e5b10,0,/Users/mrudangmrugeshshah/Documents/MATLAB/images_generated/be6cbf6e5b10_enhanced.png
be7bc89f5fec,2,/Users/mrudangmrugeshshah/Documents/MATLAB/images_generated/be7bc89f5fec_enhanced.png
be7f791a7877,0,/Users/mrudangmrugeshshah/Documents/MATLAB/images_generated/be7f791a7877_enhanced.png
be8697eb2078,0,/Users/mrudangmrugeshshah/Documents/MATLAB/images_generated/be8697eb2078_enhanced.png
beb00fa6e7c9,0,/Users/mrudangmrugeshshah/Documents/MATLAB/images_generated/beb00fa6e7c9_enhanced.png
beb2ad14fd2d,0,/Users/mrudangmrugeshshah/Documents/MATLAB/images_generated/beb2ad14fd2d_enhanced.png
bebb3f167654,1,/Users/mrudangmrugeshshah/Documents/MATLAB/images_generated/bebb3f167654_enhanced.png
bebfbd907cac,0,/Users/mrudangmrugeshshah/Documents/MATLAB/images_generated/bebfbd907cac_enhanced.png
bec0acd539b2,3,/Users/mrudangmrugeshshah/Documents/MATLAB/images_generated/bec0acd539b2_enhanced.png
bed8296c8dfe,0,/Users/mrudangmrugeshshah/Documents/MATLAB/images_generated/bed8296c8dfe_enhanced.png
beeca5f14618,0,/Users/mrudangmrugeshshah/Documents/MATLAB/images_generated/beeca5f14618_enhanced.png
bf18ff30a8f6,1,/Users/mrudangmrugeshshah/Documents/MATLAB/images_generated/bf18ff30a8f6_enhanced.png
bf1b7e21e774,2,/Users/mrudangmrugeshshah/Documents/MATLAB/images_generated/bf1b7e21e774_enhanced.png
bf6cbccacf39,0,/Users/mrudangmrugeshshah/Documents/MATLAB/images_generated/bf6cbccacf39_enhanced.png
bf7047dc683c,2,/Users/mrudangmrugeshshah/Documents/MATLAB/images_generated/bf7047dc683c_enhanced.png
bf7221a016b5,0,/Users/mrudangmrugeshshah/Documents/MATLAB/images_generated/bf7221a016b5_enhanced.png
bf7b4eae7ad0,0,/Users/mrudangmrugeshshah/Documents/MATLAB/images_generated/bf7b4eae7ad0_enhanced.png
bf8092e4001d,3,/Users/mrudangmrugeshshah/Documents/MATLAB/images_generated/bf8092e4001d_enhanced.png
bf811911acf9,0,/Users/mrudangmrugeshshah/Documents/MATLAB/images_generated/bf811911acf9_enhanced.png
bf87aedf2489,0,/Users/mrudangmrugeshshah/Documents/MATLAB/images_generated/bf87aedf2489_enhanced.png
bf9cba745efc,2,/Users/mrudangmrugeshshah/Documents/MATLAB/images_generated/bf9cba745efc_enhanced.png
bfa30ebf63a8,0,/Users/mrudangmrugeshshah/Documents/MATLAB/images_generated/bfa30ebf63a8_enhanced.png
bfaa0080ab61,2,/Users/mrudangmrugeshshah/Documents/MATLAB/images_generated/bfaa0080ab61_enhanced.png
bfb578c0e8d8,0,/Users/mrudangmrugeshshah/Documents/MATLAB/images_generated/bfb578c0e8d8_enhanced.png
bfd5c0e55420,2,/Users/mrudangmrugeshshah/Documents/MATLAB/images_generated/bfd5c0e55420_enhanced.png
bfda2fd0533a,2,/Users/mrudangmrugeshshah/Documents/MATLAB/images_generated/bfda2fd0533a_enhanced.png
bfdee9be1f1d,4,/Users/mrudangmrugeshshah/Documents/MATLAB/images_generated/bfdee9be1f1d_enhanced.png
bfe467b7e997,2,/Users/mrudangmrugeshshah/Documents/MATLAB/images_generated/bfe467b7e997_enhanced.png
bfefa7344e7d,4,/Users/mrudangmrugeshshah/Documents/MATLAB/images_generated/bfefa7344e7d_enhanced.png
bff51afc76d4,0,/Users/mrudangmrugeshshah/Documents/MATLAB/images_generated/bff51afc76d4_enhanced.png
bffca6eeb2bf,0,/Users/mrudangmrugeshshah/Documents/MATLAB/images_generated/bffca6eeb2bf_enhanced.png
c013e869acce,0,/Users/mrudangmrugeshshah/Documents/MATLAB/images_generated/c013e869acce_enhanced.png
c01eae4b4939,4,/Users/mrudangmrugeshshah/Documents/MATLAB/images_generated/c01eae4b4939_enhanced.png
c0202976c670,2,/Users/mrudangmrugeshshah/Documents/MATLAB/images_generated/c0202976c670_enhanced.png
c027e5482e8c,1,/Users/mrudangmrugeshshah/Documents/MATLAB/images_generated/c027e5482e8c_enhanced.png
c05b7b4c22fe,2,/Users/mrudangmrugeshshah/Documents/MATLAB/images_generated/c05b7b4c22fe_enhanced.png
c06024f05a16,0,/Users/mrudangmrugeshshah/Documents/MATLAB/images_generated/c06024f05a16_enhanced.png
c096131ad065,0,/Users/mrudangmrugeshshah/Documents/MATLAB/images_generated/c096131ad065_enhanced.png
c0968d41eb93,1,/Users/mrudangmrugeshshah/Documents/MATLAB/images_generated/c0968d41eb93_enhanced.png
c0a0828e01b4,3,/Users/mrudangmrugeshshah/Documents/MATLAB/images_generated/c0a0828e01b4_enhanced.png
c0a117de7d0a,0,/Users/mrudangmrugeshshah/Documents/MATLAB/images_generated/c0a117de7d0a_enhanced.png
c0e15e8e2b46,1,/Users/mrudangmrugeshshah/Documents/MATLAB/images_generated/c0e15e8e2b46_enhanced.png
c0e509786f7f,4,/Users/mrudangmrugeshshah/Documents/MATLAB/images_generated/c0e509786f7f_enhanced.png
c0f15fe3b4b7,1,/Users/mrudangmrugeshshah/Documents/MATLAB/images_generated/c0f15fe3b4b7_enhanced.png
c102db7634d8,1,/Users/mrudangmrugeshshah/Documents/MATLAB/images_generated/c102db7634d8_enhanced.png
c12e9ca420a5,0,/Users/mrudangmrugeshshah/Documents/MATLAB/images_generated/c12e9ca420a5_enhanced.png
c1437a7a52c9,0,/Users/mrudangmrugeshshah/Documents/MATLAB/images_generated/c1437a7a52c9_enhanced.png
c1799a6f5c65,4,/Users/mrudangmrugeshshah/Documents/MATLAB/images_generated/c1799a6f5c65_enhanced.png
c1819db0aece,0,/Users/mrudangmrugeshshah/Documents/MATLAB/images_generated/c1819db0aece_enhanced.png
c1896142a20a,4,/Users/mrudangmrugeshshah/Documents/MATLAB/images_generated/c1896142a20a_enhanced.png
c18a006f7f1d,0,/Users/mrudangmrugeshshah/Documents/MATLAB/images_generated/c18a006f7f1d_enhanced.png
c1c8550508e0,2,/Users/mrudangmrugeshshah/Documents/MATLAB/images_generated/c1c8550508e0_enhanced.png
c1e6fa1ad314,1,/Users/mrudangmrugeshshah/Documents/MATLAB/images_generated/c1e6fa1ad314_enhanced.png
c1ebe785503a,1,/Users/mrudangmrugeshshah/Documents/MATLAB/images_generated/c1ebe785503a_enhanced.png
c21eb81de9fc,0,/Users/mrudangmrugeshshah/Documents/MATLAB/images_generated/c21eb81de9fc_enhanced.png
c23ff6dcf15e,0,/Users/mrudangmrugeshshah/Documents/MATLAB/images_generated/c23ff6dcf15e_enhanced.png
c24bcf7a1bc4,0,/Users/mrudangmrugeshshah/Documents/MATLAB/images_generated/c24bcf7a1bc4_enhanced.png
c252da9b41d8,2,/Users/mrudangmrugeshshah/Documents/MATLAB/images_generated/c252da9b41d8_enhanced.png
c25e02b39c01,0,/Users/mrudangmrugeshshah/Documents/MATLAB/images_generated/c25e02b39c01_enhanced.png
c261b1aaa828,2,/Users/mrudangmrugeshshah/Documents/MATLAB/images_generated/c261b1aaa828_enhanced.png
c26f98f58350,0,/Users/mrudangmrugeshshah/Documents/MATLAB/images_generated/c26f98f58350_enhanced.png
c280730cc211,2,/Users/mrudangmrugeshshah/Documents/MATLAB/images_generated/c280730cc211_enhanced.png
c2a58b2cfd0b,0,/Users/mrudangmrugeshshah/Documents/MATLAB/images_generated/c2a58b2cfd0b_enhanced.png
c2d2b4f536da,2,/Users/mrudangmrugeshshah/Documents/MATLAB/images_generated/c2d2b4f536da_enhanced.png
c2f3281cf528,0,/Users/mrudangmrugeshshah/Documents/MATLAB/images_generated/c2f3281cf528_enhanced.png
c31651ea04c6,3,/Users/mrudangmrugeshshah/Documents/MATLAB/images_generated/c31651ea04c6_enhanced.png
c334f8688b77,0,/Users/mrudangmrugeshshah/Documents/MATLAB/images_generated/c334f8688b77_enhanced.png
c365c598ad4e,0,/Users/mrudangmrugeshshah/Documents/MATLAB/images_generated/c365c598ad4e_enhanced.png
c373b73a80c8,0,/Users/mrudangmrugeshshah/Documents/MATLAB/images_generated/c373b73a80c8_enhanced.png
c3789c1dab96,0,/Users/mrudangmrugeshshah/Documents/MATLAB/images_generated/c3789c1dab96_enhanced.png
c38dec54a9f7,0,/Users/mrudangmrugeshshah/Documents/MATLAB/images_generated/c38dec54a9f7_enhanced.png
c3a82acb7d7a,3,/Users/mrudangmrugeshshah/Documents/MATLAB/images_generated/c3a82acb7d7a_enhanced.png
c3aa424eff9a,0,/Users/mrudangmrugeshshah/Documents/MATLAB/images_generated/c3aa424eff9a_enhanced.png
c3acf47700ea,2,/Users/mrudangmrugeshshah/Documents/MATLAB/images_generated/c3acf47700ea_enhanced.png
c3b15bf9b4bc,0,/Users/mrudangmrugeshshah/Documents/MATLAB/images_generated/c3b15bf9b4bc_enhanced.png
c3c8fdda50c0,0,/Users/mrudangmrugeshshah/Documents/MATLAB/images_generated/c3c8fdda50c0_enhanced.png
c3cd0200df79,3,/Users/mrudangmrugeshshah/Documents/MATLAB/images_generated/c3cd0200df79_enhanced.png
c3d12a23f451,4,/Users/mrudangmrugeshshah/Documents/MATLAB/images_generated/c3d12a23f451_enhanced.png
c3e02d4a1798,2,/Users/mrudangmrugeshshah/Documents/MATLAB/images_generated/c3e02d4a1798_enhanced.png
c406325360b1,2,/Users/mrudangmrugeshshah/Documents/MATLAB/images_generated/c406325360b1_enhanced.png
c40976189f22,1,/Users/mrudangmrugeshshah/Documents/MATLAB/images_generated/c40976189f22_enhanced.png
c446985355f1,0,/Users/mrudangmrugeshshah/Documents/MATLAB/images_generated/c446985355f1_enhanced.png
c48ae5da188e,2,/Users/mrudangmrugeshshah/Documents/MATLAB/images_generated/c48ae5da188e_enhanced.png
c4a8f2fcf6e8,1,/Users/mrudangmrugeshshah/Documents/MATLAB/images_generated/c4a8f2fcf6e8_enhanced.png
c4aef0d88d1b,0,/Users/mrudangmrugeshshah/Documents/MATLAB/images_generated/c4aef0d88d1b_enhanced.png
c4e8b1ec8893,2,/Users/mrudangmrugeshshah/Documents/MATLAB/images_generated/c4e8b1ec8893_enhanced.png
c52bb7343387,2,/Users/mrudangmrugeshshah/Documents/MATLAB/images_generated/c52bb7343387_enhanced.png
c5431b81cbc9,2,/Users/mrudangmrugeshshah/Documents/MATLAB/images_generated/c5431b81cbc9_enhanced.png
c546670d9684,0,/Users/mrudangmrugeshshah/Documents/MATLAB/images_generated/c546670d9684_enhanced.png
c561bcd519e9,2,/Users/mrudangmrugeshshah/Documents/MATLAB/images_generated/c561bcd519e9_enhanced.png
c56293f53191,0,/Users/mrudangmrugeshshah/Documents/MATLAB/images_generated/c56293f53191_enhanced.png
c568e5245ea5,2,/Users/mrudangmrugeshshah/Documents/MATLAB/images_generated/c568e5245ea5_enhanced.png
c56e65f74187,1,/Users/mrudangmrugeshshah/Documents/MATLAB/images_generated/c56e65f74187_enhanced.png
c57c164bca05,0,/Users/mrudangmrugeshshah/Documents/MATLAB/images_generated/c57c164bca05_enhanced.png
c58971bcebb2,0,/Users/mrudangmrugeshshah/Documents/MATLAB/images_generated/c58971bcebb2_enhanced.png
c58e5c0c5b33,0,/Users/mrudangmrugeshshah/Documents/MATLAB/images_generated/c58e5c0c5b33_enhanced.png
c597ef460944,0,/Users/mrudangmrugeshshah/Documents/MATLAB/images_generated/c597ef460944_enhanced.png
c5a0e84e955d,0,/Users/mrudangmrugeshshah/Documents/MATLAB/images_generated/c5a0e84e955d_enhanced.png
c5a6f432a1ec,0,/Users/mrudangmrugeshshah/Documents/MATLAB/images_generated/c5a6f432a1ec_enhanced.png
c5a9ebef1517,3,/Users/mrudangmrugeshshah/Documents/MATLAB/images_generated/c5a9ebef1517_enhanced.png
c5ad60521f8c,2,/Users/mrudangmrugeshshah/Documents/MATLAB/images_generated/c5ad60521f8c_enhanced.png
c5b58cc992af,0,/Users/mrudangmrugeshshah/Documents/MATLAB/images_generated/c5b58cc992af_enhanced.png
c5ba9e455d5e,3,/Users/mrudangmrugeshshah/Documents/MATLAB/images_generated/c5ba9e455d5e_enhanced.png
c5bec7f1e5f3,0,/Users/mrudangmrugeshshah/Documents/MATLAB/images_generated/c5bec7f1e5f3_enhanced.png
c5e238aa18be,4,/Users/mrudangmrugeshshah/Documents/MATLAB/images_generated/c5e238aa18be_enhanced.png
c613db1cab27,2,/Users/mrudangmrugeshshah/Documents/MATLAB/images_generated/c613db1cab27_enhanced.png
c6229222bf22,0,/Users/mrudangmrugeshshah/Documents/MATLAB/images_generated/c6229222bf22_enhanced.png
c62585bd68fb,4,/Users/mrudangmrugeshshah/Documents/MATLAB/images_generated/c62585bd68fb_enhanced.png
c62cef02efa2,0,/Users/mrudangmrugeshshah/Documents/MATLAB/images_generated/c62cef02efa2_enhanced.png
c639d837f5e4,0,/Users/mrudangmrugeshshah/Documents/MATLAB/images_generated/c639d837f5e4_enhanced.png
c64c0966b4cf,0,/Users/mrudangmrugeshshah/Documents/MATLAB/images_generated/c64c0966b4cf_enhanced.png
c67117c6ab3b,3,/Users/mrudangmrugeshshah/Documents/MATLAB/images_generated/c67117c6ab3b_enhanced.png
c68dfa021d62,2,/Users/mrudangmrugeshshah/Documents/MATLAB/images_generated/c68dfa021d62_enhanced.png
c6916bc42016,0,/Users/mrudangmrugeshshah/Documents/MATLAB/images_generated/c6916bc42016_enhanced.png
c6a145742708,4,/Users/mrudangmrugeshshah/Documents/MATLAB/images_generated/c6a145742708_enhanced.png
c6a2975228af,2,/Users/mrudangmrugeshshah/Documents/MATLAB/images_generated/c6a2975228af_enhanced.png
c6a8f8f998a2,0,/Users/mrudangmrugeshshah/Documents/MATLAB/images_generated/c6a8f8f998a2_enhanced.png
c6c2bad91f23,2,/Users/mrudangmrugeshshah/Documents/MATLAB/images_generated/c6c2bad91f23_enhanced.png
c6d4e4a3bd4c,0,/Users/mrudangmrugeshshah/Documents/MATLAB/images_generated/c6d4e4a3bd4c_enhanced.png
c6e1e9fbf39b,2,/Users/mrudangmrugeshshah/Documents/MATLAB/images_generated/c6e1e9fbf39b_enhanced.png
c6f5b5b5be41,0,/Users/mrudangmrugeshshah/Documents/MATLAB/images_generated/c6f5b5b5be41_enhanced.png
c704bd669f36,0,/Users/mrudangmrugeshshah/Documents/MATLAB/images_generated/c704bd669f36_enhanced.png
c70d09370109,2,/Users/mrudangmrugeshshah/Documents/MATLAB/images_generated/c70d09370109_enhanced.png
c739ff9580d3,1,/Users/mrudangmrugeshshah/Documents/MATLAB/images_generated/c739ff9580d3_enhanced.png
c73c5f6ef664,2,/Users/mrudangmrugeshshah/Documents/MATLAB/images_generated/c73c5f6ef664_enhanced.png
c755a0c4edcc,0,/Users/mrudangmrugeshshah/Documents/MATLAB/images_generated/c755a0c4edcc_enhanced.png
c76664770c07,3,/Users/mrudangmrugeshshah/Documents/MATLAB/images_generated/c76664770c07_enhanced.png
c7b622ec8104,1,/Users/mrudangmrugeshshah/Documents/MATLAB/images_generated/c7b622ec8104_enhanced.png
c7c0470bcf87,2,/Users/mrudangmrugeshshah/Documents/MATLAB/images_generated/c7c0470bcf87_enhanced.png
c7c3d363bc86,0,/Users/mrudangmrugeshshah/Documents/MATLAB/images_generated/c7c3d363bc86_enhanced.png
c7d0deb71576,0,/Users/mrudangmrugeshshah/Documents/MATLAB/images_generated/c7d0deb71576_enhanced.png
c7e827fc7f41,2,/Users/mrudangmrugeshshah/Documents/MATLAB/images_generated/c7e827fc7f41_enhanced.png
c80b0f27541a,0,/Users/mrudangmrugeshshah/Documents/MATLAB/images_generated/c80b0f27541a_enhanced.png
c80f79579fed,2,/Users/mrudangmrugeshshah/Documents/MATLAB/images_generated/c80f79579fed_enhanced.png
c81c6911f5e0,0,/Users/mrudangmrugeshshah/Documents/MATLAB/images_generated/c81c6911f5e0_enhanced.png
c85b79d70079,0,/Users/mrudangmrugeshshah/Documents/MATLAB/images_generated/c85b79d70079_enhanced.png
c87493ed320c,2,/Users/mrudangmrugeshshah/Documents/MATLAB/images_generated/c87493ed320c_enhanced.png
c8823cdaf7fa,2,/Users/mrudangmrugeshshah/Documents/MATLAB/images_generated/c8823cdaf7fa_enhanced.png
c8905b8d5cf1,2,/Users/mrudangmrugeshshah/Documents/MATLAB/images_generated/c8905b8d5cf1_enhanced.png
c8a3eb9a5b52,2,/Users/mrudangmrugeshshah/Documents/MATLAB/images_generated/c8a3eb9a5b52_enhanced.png
c8d2d32f7f29,4,/Users/mrudangmrugeshshah/Documents/MATLAB/images_generated/c8d2d32f7f29_enhanced.png
c8fc0df22999,1,/Users/mrudangmrugeshshah/Documents/MATLAB/images_generated/c8fc0df22999_enhanced.png
c90c6b94cf40,0,/Users/mrudangmrugeshshah/Documents/MATLAB/images_generated/c90c6b94cf40_enhanced.png
c947bb6cf9f6,0,/Users/mrudangmrugeshshah/Documents/MATLAB/images_generated/c947bb6cf9f6_enhanced.png
c9485c38fdd5,1,/Users/mrudangmrugeshshah/Documents/MATLAB/images_generated/c9485c38fdd5_enhanced.png
c94f37085d0f,0,/Users/mrudangmrugeshshah/Documents/MATLAB/images_generated/c94f37085d0f_enhanced.png
c96f743915b5,1,/Users/mrudangmrugeshshah/Documents/MATLAB/images_generated/c96f743915b5_enhanced.png
c97472ef2c66,0,/Users/mrudangmrugeshshah/Documents/MATLAB/images_generated/c97472ef2c66_enhanced.png
c98f623d08d1,0,/Users/mrudangmrugeshshah/Documents/MATLAB/images_generated/c98f623d08d1_enhanced.png
c9c563864ab1,0,/Users/mrudangmrugeshshah/Documents/MATLAB/images_generated/c9c563864ab1_enhanced.png
c9d42d7534e0,2,/Users/mrudangmrugeshshah/Documents/MATLAB/images_generated/c9d42d7534e0_enhanced.png
c9e697117f3f,0,/Users/mrudangmrugeshshah/Documents/MATLAB/images_generated/c9e697117f3f_enhanced.png
c9ea9d5eab65,3,/Users/mrudangmrugeshshah/Documents/MATLAB/images_generated/c9ea9d5eab65_enhanced.png
c9f0dc2c8b43,2,/Users/mrudangmrugeshshah/Documents/MATLAB/images_generated/c9f0dc2c8b43_enhanced.png
ca05f7e7801b,0,/Users/mrudangmrugeshshah/Documents/MATLAB/images_generated/ca05f7e7801b_enhanced.png
ca0f1a17c8e5,2,/Users/mrudangmrugeshshah/Documents/MATLAB/images_generated/ca0f1a17c8e5_enhanced.png
ca1036496659,1,/Users/mrudangmrugeshshah/Documents/MATLAB/images_generated/ca1036496659_enhanced.png
ca25745942b0,1,/Users/mrudangmrugeshshah/Documents/MATLAB/images_generated/ca25745942b0_enhanced.png
ca2b54b95ade,0,/Users/mrudangmrugeshshah/Documents/MATLAB/images_generated/ca2b54b95ade_enhanced.png
ca30a97e9d13,1,/Users/mrudangmrugeshshah/Documents/MATLAB/images_generated/ca30a97e9d13_enhanced.png
ca360bec5851,2,/Users/mrudangmrugeshshah/Documents/MATLAB/images_generated/ca360bec5851_enhanced.png
ca63fe4f4b52,1,/Users/mrudangmrugeshshah/Documents/MATLAB/images_generated/ca63fe4f4b52_enhanced.png
ca6842bfcbc9,1,/Users/mrudangmrugeshshah/Documents/MATLAB/images_generated/ca6842bfcbc9_enhanced.png
ca7140ecf389,1,/Users/mrudangmrugeshshah/Documents/MATLAB/images_generated/ca7140ecf389_enhanced.png
ca7570c5925c,2,/Users/mrudangmrugeshshah/Documents/MATLAB/images_generated/ca7570c5925c_enhanced.png
ca7f5caddf96,2,/Users/mrudangmrugeshshah/Documents/MATLAB/images_generated/ca7f5caddf96_enhanced.png
ca891d37a43c,2,/Users/mrudangmrugeshshah/Documents/MATLAB/images_generated/ca891d37a43c_enhanced.png
ca9c912ebad7,2,/Users/mrudangmrugeshshah/Documents/MATLAB/images_generated/ca9c912ebad7_enhanced.png
cab3dfa7962d,1,/Users/mrudangmrugeshshah/Documents/MATLAB/images_generated/cab3dfa7962d_enhanced.png
cac40227d3b2,2,/Users/mrudangmrugeshshah/Documents/MATLAB/images_generated/cac40227d3b2_enhanced.png
cac80797770f,2,/Users/mrudangmrugeshshah/Documents/MATLAB/images_generated/cac80797770f_enhanced.png
cad5b1a82e60,0,/Users/mrudangmrugeshshah/Documents/MATLAB/images_generated/cad5b1a82e60_enhanced.png
cadde4030858,0,/Users/mrudangmrugeshshah/Documents/MATLAB/images_generated/cadde4030858_enhanced.png
cae33655ca00,0,/Users/mrudangmrugeshshah/Documents/MATLAB/images_generated/cae33655ca00_enhanced.png
cae51154e1ce,1,/Users/mrudangmrugeshshah/Documents/MATLAB/images_generated/cae51154e1ce_enhanced.png
caec68f11c86,2,/Users/mrudangmrugeshshah/Documents/MATLAB/images_generated/caec68f11c86_enhanced.png
cb02bb47fdc5,0,/Users/mrudangmrugeshshah/Documents/MATLAB/images_generated/cb02bb47fdc5_enhanced.png
cb0cc98d7e35,0,/Users/mrudangmrugeshshah/Documents/MATLAB/images_generated/cb0cc98d7e35_enhanced.png
cb2201c226d6,0,/Users/mrudangmrugeshshah/Documents/MATLAB/images_generated/cb2201c226d6_enhanced.png
cb28adab4e8a,0,/Users/mrudangmrugeshshah/Documents/MATLAB/images_generated/cb28adab4e8a_enhanced.png
cb2f3c5d71a7,1,/Users/mrudangmrugeshshah/Documents/MATLAB/images_generated/cb2f3c5d71a7_enhanced.png
cb39761f0712,0,/Users/mrudangmrugeshshah/Documents/MATLAB/images_generated/cb39761f0712_enhanced.png
cb547e723a16,4,/Users/mrudangmrugeshshah/Documents/MATLAB/images_generated/cb547e723a16_enhanced.png
cb602182cde3,2,/Users/mrudangmrugeshshah/Documents/MATLAB/images_generated/cb602182cde3_enhanced.png
cb68fce07789,0,/Users/mrudangmrugeshshah/Documents/MATLAB/images_generated/cb68fce07789_enhanced.png
cb75210abebe,2,/Users/mrudangmrugeshshah/Documents/MATLAB/images_generated/cb75210abebe_enhanced.png
cbc23af521f3,0,/Users/mrudangmrugeshshah/Documents/MATLAB/images_generated/cbc23af521f3_enhanced.png
cbc2e57447c2,2,/Users/mrudangmrugeshshah/Documents/MATLAB/images_generated/cbc2e57447c2_enhanced.png
cbd0870aa933,4,/Users/mrudangmrugeshshah/Documents/MATLAB/images_generated/cbd0870aa933_enhanced.png
cbe633765ea7,0,/Users/mrudangmrugeshshah/Documents/MATLAB/images_generated/cbe633765ea7_enhanced.png
cbf0394039f8,2,/Users/mrudangmrugeshshah/Documents/MATLAB/images_generated/cbf0394039f8_enhanced.png
cc12453ea915,1,/Users/mrudangmrugeshshah/Documents/MATLAB/images_generated/cc12453ea915_enhanced.png
cc1eebed9276,2,/Users/mrudangmrugeshshah/Documents/MATLAB/images_generated/cc1eebed9276_enhanced.png
cc3d2e961768,4,/Users/mrudangmrugeshshah/Documents/MATLAB/images_generated/cc3d2e961768_enhanced.png
cc671a73e1cb,0,/Users/mrudangmrugeshshah/Documents/MATLAB/images_generated/cc671a73e1cb_enhanced.png
cc839823755b,2,/Users/mrudangmrugeshshah/Documents/MATLAB/images_generated/cc839823755b_enhanced.png
cc9270f06b65,1,/Users/mrudangmrugeshshah/Documents/MATLAB/images_generated/cc9270f06b65_enhanced.png
cc964bf04dbc,0,/Users/mrudangmrugeshshah/Documents/MATLAB/images_generated/cc964bf04dbc_enhanced.png
cca626a0e19a,2,/Users/mrudangmrugeshshah/Documents/MATLAB/images_generated/cca626a0e19a_enhanced.png
ccd34029493d,2,/Users/mrudangmrugeshshah/Documents/MATLAB/images_generated/ccd34029493d_enhanced.png
ccd6dcb2f568,0,/Users/mrudangmrugeshshah/Documents/MATLAB/images_generated/ccd6dcb2f568_enhanced.png
ccea49708830,0,/Users/mrudangmrugeshshah/Documents/MATLAB/images_generated/ccea49708830_enhanced.png
cd01672507c9,0,/Users/mrudangmrugeshshah/Documents/MATLAB/images_generated/cd01672507c9_enhanced.png
cd01f4f83336,0,/Users/mrudangmrugeshshah/Documents/MATLAB/images_generated/cd01f4f83336_enhanced.png
cd1c98ec48b1,0,/Users/mrudangmrugeshshah/Documents/MATLAB/images_generated/cd1c98ec48b1_enhanced.png
cd29c88c9e36,2,/Users/mrudangmrugeshshah/Documents/MATLAB/images_generated/cd29c88c9e36_enhanced.png
cd314653a4d8,0,/Users/mrudangmrugeshshah/Documents/MATLAB/images_generated/cd314653a4d8_enhanced.png
cd3fd04d72f5,2,/Users/mrudangmrugeshshah/Documents/MATLAB/images_generated/cd3fd04d72f5_enhanced.png
cd45bfa07d41,1,/Users/mrudangmrugeshshah/Documents/MATLAB/images_generated/cd45bfa07d41_enhanced.png
cd48cfab4e44,0,/Users/mrudangmrugeshshah/Documents/MATLAB/images_generated/cd48cfab4e44_enhanced.png
cd4e7f9fa1a9,2,/Users/mrudangmrugeshshah/Documents/MATLAB/images_generated/cd4e7f9fa1a9_enhanced.png
cd54d022e37d,4,/Users/mrudangmrugeshshah/Documents/MATLAB/images_generated/cd54d022e37d_enhanced.png
cd563556cb57,0,/Users/mrudangmrugeshshah/Documents/MATLAB/images_generated/cd563556cb57_enhanced.png
cd5714db652d,1,/Users/mrudangmrugeshshah/Documents/MATLAB/images_generated/cd5714db652d_enhanced.png
cd66754e1b3b,0,/Users/mrudangmrugeshshah/Documents/MATLAB/images_generated/cd66754e1b3b_enhanced.png
cd8da43e3069,0,/Users/mrudangmrugeshshah/Documents/MATLAB/images_generated/cd8da43e3069_enhanced.png
cd93a472e5cd,4,/Users/mrudangmrugeshshah/Documents/MATLAB/images_generated/cd93a472e5cd_enhanced.png
cd941e5bc659,0,/Users/mrudangmrugeshshah/Documents/MATLAB/images_generated/cd941e5bc659_enhanced.png
cd972e5639e0,4,/Users/mrudangmrugeshshah/Documents/MATLAB/images_generated/cd972e5639e0_enhanced.png
cd9e2190c73f,2,/Users/mrudangmrugeshshah/Documents/MATLAB/images_generated/cd9e2190c73f_enhanced.png
ce207b69ff37,3,/Users/mrudangmrugeshshah/Documents/MATLAB/images_generated/ce207b69ff37_enhanced.png
ce6f33a81ad5,0,/Users/mrudangmrugeshshah/Documents/MATLAB/images_generated/ce6f33a81ad5_enhanced.png
ce754234d760,0,/Users/mrudangmrugeshshah/Documents/MATLAB/images_generated/ce754234d760_enhanced.png
ce887b196c23,2,/Users/mrudangmrugeshshah/Documents/MATLAB/images_generated/ce887b196c23_enhanced.png
ce8d2efd9d4f,0,/Users/mrudangmrugeshshah/Documents/MATLAB/images_generated/ce8d2efd9d4f_enhanced.png
ceaa5803d780,2,/Users/mrudangmrugeshshah/Documents/MATLAB/images_generated/ceaa5803d780_enhanced.png
ceb32a193eff,0,/Users/mrudangmrugeshshah/Documents/MATLAB/images_generated/ceb32a193eff_enhanced.png
ceb601fe8dba,2,/Users/mrudangmrugeshshah/Documents/MATLAB/images_generated/ceb601fe8dba_enhanced.png
cec299c2a2d5,0,/Users/mrudangmrugeshshah/Documents/MATLAB/images_generated/cec299c2a2d5_enhanced.png
cf0575534cec,1,/Users/mrudangmrugeshshah/Documents/MATLAB/images_generated/cf0575534cec_enhanced.png
cf0824f53dd9,2,/Users/mrudangmrugeshshah/Documents/MATLAB/images_generated/cf0824f53dd9_enhanced.png
cf1b9d26d38d,4,/Users/mrudangmrugeshshah/Documents/MATLAB/images_generated/cf1b9d26d38d_enhanced.png
cf603a9ef2d5,1,/Users/mrudangmrugeshshah/Documents/MATLAB/images_generated/cf603a9ef2d5_enhanced.png
cf6551521a35,0,/Users/mrudangmrugeshshah/Documents/MATLAB/images_generated/cf6551521a35_enhanced.png
cf8ae5501bd6,0,/Users/mrudangmrugeshshah/Documents/MATLAB/images_generated/cf8ae5501bd6_enhanced.png
cf8f1bc7a215,0,/Users/mrudangmrugeshshah/Documents/MATLAB/images_generated/cf8f1bc7a215_enhanced.png
cfb17a7cc8d4,0,/Users/mrudangmrugeshshah/Documents/MATLAB/images_generated/cfb17a7cc8d4_enhanced.png
cfd1bd0fcbb4,1,/Users/mrudangmrugeshshah/Documents/MATLAB/images_generated/cfd1bd0fcbb4_enhanced.png
cfdbaef73a8b,0,/Users/mrudangmrugeshshah/Documents/MATLAB/images_generated/cfdbaef73a8b_enhanced.png
cfed7c1172ec,0,/Users/mrudangmrugeshshah/Documents/MATLAB/images_generated/cfed7c1172ec_enhanced.png
cff262ed8f4c,0,/Users/mrudangmrugeshshah/Documents/MATLAB/images_generated/cff262ed8f4c_enhanced.png
cffc50047828,0,/Users/mrudangmrugeshshah/Documents/MATLAB/images_generated/cffc50047828_enhanced.png
d0079cc188e9,3,/Users/mrudangmrugeshshah/Documents/MATLAB/images_generated/d0079cc188e9_enhanced.png
d02b79fc3200,0,/Users/mrudangmrugeshshah/Documents/MATLAB/images_generated/d02b79fc3200_enhanced.png
d035c2bd9104,3,/Users/mrudangmrugeshshah/Documents/MATLAB/images_generated/d035c2bd9104_enhanced.png
d06ccd0cf4b8,1,/Users/mrudangmrugeshshah/Documents/MATLAB/images_generated/d06ccd0cf4b8_enhanced.png
d0926ed2c8e5,0,/Users/mrudangmrugeshshah/Documents/MATLAB/images_generated/d0926ed2c8e5_enhanced.png
d0b132d2c7ec,4,/Users/mrudangmrugeshshah/Documents/MATLAB/images_generated/d0b132d2c7ec_enhanced.png
d0d59ed675b5,1,/Users/mrudangmrugeshshah/Documents/MATLAB/images_generated/d0d59ed675b5_enhanced.png
d0ffa0425ef1,3,/Users/mrudangmrugeshshah/Documents/MATLAB/images_generated/d0ffa0425ef1_enhanced.png
d10d315f123f,2,/Users/mrudangmrugeshshah/Documents/MATLAB/images_generated/d10d315f123f_enhanced.png
d10ef306996b,4,/Users/mrudangmrugeshshah/Documents/MATLAB/images_generated/d10ef306996b_enhanced.png
d141728fa392,2,/Users/mrudangmrugeshshah/Documents/MATLAB/images_generated/d141728fa392_enhanced.png
d144144a2f3f,2,/Users/mrudangmrugeshshah/Documents/MATLAB/images_generated/d144144a2f3f_enhanced.png
d15ca3469b87,2,/Users/mrudangmrugeshshah/Documents/MATLAB/images_generated/d15ca3469b87_enhanced.png
d160ebef4117,0,/Users/mrudangmrugeshshah/Documents/MATLAB/images_generated/d160ebef4117_enhanced.png
d16398c971e9,3,/Users/mrudangmrugeshshah/Documents/MATLAB/images_generated/d16398c971e9_enhanced.png
d16e39b9d6f0,0,/Users/mrudangmrugeshshah/Documents/MATLAB/images_generated/d16e39b9d6f0_enhanced.png
d16e59a2b33a,0,/Users/mrudangmrugeshshah/Documents/MATLAB/images_generated/d16e59a2b33a_enhanced.png
d18aea8238a0,2,/Users/mrudangmrugeshshah/Documents/MATLAB/images_generated/d18aea8238a0_enhanced.png
d18b1d8ac4de,2,/Users/mrudangmrugeshshah/Documents/MATLAB/images_generated/d18b1d8ac4de_enhanced.png
d18e5b68f6d2,2,/Users/mrudangmrugeshshah/Documents/MATLAB/images_generated/d18e5b68f6d2_enhanced.png
d18f6431ebce,0,/Users/mrudangmrugeshshah/Documents/MATLAB/images_generated/d18f6431ebce_enhanced.png
d1a24527a15d,4,/Users/mrudangmrugeshshah/Documents/MATLAB/images_generated/d1a24527a15d_enhanced.png
d1a60c3b9fe5,0,/Users/mrudangmrugeshshah/Documents/MATLAB/images_generated/d1a60c3b9fe5_enhanced.png
d1afdb8cf70d,0,/Users/mrudangmrugeshshah/Documents/MATLAB/images_generated/d1afdb8cf70d_enhanced.png
d1b279cc02ae,0,/Users/mrudangmrugeshshah/Documents/MATLAB/images_generated/d1b279cc02ae_enhanced.png
d1ca85af57c9,0,/Users/mrudangmrugeshshah/Documents/MATLAB/images_generated/d1ca85af57c9_enhanced.png
d1cad012a254,1,/Users/mrudangmrugeshshah/Documents/MATLAB/images_generated/d1cad012a254_enhanced.png
d1cf31577a59,0,/Users/mrudangmrugeshshah/Documents/MATLAB/images_generated/d1cf31577a59_enhanced.png
d1f1ea894da1,2,/Users/mrudangmrugeshshah/Documents/MATLAB/images_generated/d1f1ea894da1_enhanced.png
d1f7ea924a01,0,/Users/mrudangmrugeshshah/Documents/MATLAB/images_generated/d1f7ea924a01_enhanced.png
d1fa0f744620,0,/Users/mrudangmrugeshshah/Documents/MATLAB/images_generated/d1fa0f744620_enhanced.png
d1fb4efb117c,2,/Users/mrudangmrugeshshah/Documents/MATLAB/images_generated/d1fb4efb117c_enhanced.png
d25b8a8ad3c4,2,/Users/mrudangmrugeshshah/Documents/MATLAB/images_generated/d25b8a8ad3c4_enhanced.png
d264396d8d1a,2,/Users/mrudangmrugeshshah/Documents/MATLAB/images_generated/d264396d8d1a_enhanced.png
d26bb2ed6e71,0,/Users/mrudangmrugeshshah/Documents/MATLAB/images_generated/d26bb2ed6e71_enhanced.png
d26bc6e1230d,0,/Users/mrudangmrugeshshah/Documents/MATLAB/images_generated/d26bc6e1230d_enhanced.png
d271d3a2b552,4,/Users/mrudangmrugeshshah/Documents/MATLAB/images_generated/d271d3a2b552_enhanced.png
d27ac9e54901,0,/Users/mrudangmrugeshshah/Documents/MATLAB/images_generated/d27ac9e54901_enhanced.png
d28bd830c171,2,/Users/mrudangmrugeshshah/Documents/MATLAB/images_generated/d28bd830c171_enhanced.png
d2901144070c,4,/Users/mrudangmrugeshshah/Documents/MATLAB/images_generated/d2901144070c_enhanced.png
d29096bd94aa,2,/Users/mrudangmrugeshshah/Documents/MATLAB/images_generated/d29096bd94aa_enhanced.png
d29b37d110f3,0,/Users/mrudangmrugeshshah/Documents/MATLAB/images_generated/d29b37d110f3_enhanced.png
d2afca74cbc3,0,/Users/mrudangmrugeshshah/Documents/MATLAB/images_generated/d2afca74cbc3_enhanced.png
d2c2f02bb313,4,/Users/mrudangmrugeshshah/Documents/MATLAB/images_generated/d2c2f02bb313_enhanced.png
d2c5fb82fe5f,0,/Users/mrudangmrugeshshah/Documents/MATLAB/images_generated/d2c5fb82fe5f_enhanced.png
d2c6b99ef62c,2,/Users/mrudangmrugeshshah/Documents/MATLAB/images_generated/d2c6b99ef62c_enhanced.png
d2cd47ed2c1d,0,/Users/mrudangmrugeshshah/Documents/MATLAB/images_generated/d2cd47ed2c1d_enhanced.png
d2d523e9f669,0,/Users/mrudangmrugeshshah/Documents/MATLAB/images_generated/d2d523e9f669_enhanced.png
d2dc86021c67,0,/Users/mrudangmrugeshshah/Documents/MATLAB/images_generated/d2dc86021c67_enhanced.png
d2fb715b0c41,0,/Users/mrudangmrugeshshah/Documents/MATLAB/images_generated/d2fb715b0c41_enhanced.png
d2ffe9287dc7,3,/Users/mrudangmrugeshshah/Documents/MATLAB/images_generated/d2ffe9287dc7_enhanced.png
d30d079e6f9a,0,/Users/mrudangmrugeshshah/Documents/MATLAB/images_generated/d30d079e6f9a_enhanced.png
d332d7b8a26e,0,/Users/mrudangmrugeshshah/Documents/MATLAB/images_generated/d332d7b8a26e_enhanced.png
d364423ec6f9,2,/Users/mrudangmrugeshshah/Documents/MATLAB/images_generated/d364423ec6f9_enhanced.png
d38cf0f4a9af,0,/Users/mrudangmrugeshshah/Documents/MATLAB/images_generated/d38cf0f4a9af_enhanced.png
d39752cb6e57,0,/Users/mrudangmrugeshshah/Documents/MATLAB/images_generated/d39752cb6e57_enhanced.png
d3be5346684b,2,/Users/mrudangmrugeshshah/Documents/MATLAB/images_generated/d3be5346684b_enhanced.png
d3d578fe433f,2,/Users/mrudangmrugeshshah/Documents/MATLAB/images_generated/d3d578fe433f_enhanced.png
d3de0d313d61,1,/Users/mrudangmrugeshshah/Documents/MATLAB/images_generated/d3de0d313d61_enhanced.png
d3dfd0a2dee6,0,/Users/mrudangmrugeshshah/Documents/MATLAB/images_generated/d3dfd0a2dee6_enhanced.png
d3e56584a481,0,/Users/mrudangmrugeshshah/Documents/MATLAB/images_generated/d3e56584a481_enhanced.png
d3e884109b45,3,/Users/mrudangmrugeshshah/Documents/MATLAB/images_generated/d3e884109b45_enhanced.png
d41b33fcb94f,2,/Users/mrudangmrugeshshah/Documents/MATLAB/images_generated/d41b33fcb94f_enhanced.png
d436c06f0490,0,/Users/mrudangmrugeshshah/Documents/MATLAB/images_generated/d436c06f0490_enhanced.png
d4583e9525dc,0,/Users/mrudangmrugeshshah/Documents/MATLAB/images_generated/d4583e9525dc_enhanced.png
d473f6fafba0,2,/Users/mrudangmrugeshshah/Documents/MATLAB/images_generated/d473f6fafba0_enhanced.png
d48178e4a49b,4,/Users/mrudangmrugeshshah/Documents/MATLAB/images_generated/d48178e4a49b_enhanced.png
d4bc001f7224,0,/Users/mrudangmrugeshshah/Documents/MATLAB/images_generated/d4bc001f7224_enhanced.png
d4be0403e6ab,2,/Users/mrudangmrugeshshah/Documents/MATLAB/images_generated/d4be0403e6ab_enhanced.png
d4f32b9c07df,1,/Users/mrudangmrugeshshah/Documents/MATLAB/images_generated/d4f32b9c07df_enhanced.png
d516f77d4516,0,/Users/mrudangmrugeshshah/Documents/MATLAB/images_generated/d516f77d4516_enhanced.png
d51b3fe0fa1b,4,/Users/mrudangmrugeshshah/Documents/MATLAB/images_generated/d51b3fe0fa1b_enhanced.png
d51c2153d151,0,/Users/mrudangmrugeshshah/Documents/MATLAB/images_generated/d51c2153d151_enhanced.png
d51e5d7484ea,0,/Users/mrudangmrugeshshah/Documents/MATLAB/images_generated/d51e5d7484ea_enhanced.png
d567a1a22d33,1,/Users/mrudangmrugeshshah/Documents/MATLAB/images_generated/d567a1a22d33_enhanced.png
d56d32a1d62d,0,/Users/mrudangmrugeshshah/Documents/MATLAB/images_generated/d56d32a1d62d_enhanced.png
d57d1be1bbd1,0,/Users/mrudangmrugeshshah/Documents/MATLAB/images_generated/d57d1be1bbd1_enhanced.png
d5a39339ff3d,2,/Users/mrudangmrugeshshah/Documents/MATLAB/images_generated/d5a39339ff3d_enhanced.png
d5ad3362424c,0,/Users/mrudangmrugeshshah/Documents/MATLAB/images_generated/d5ad3362424c_enhanced.png
d5b4705ac2ee,1,/Users/mrudangmrugeshshah/Documents/MATLAB/images_generated/d5b4705ac2ee_enhanced.png
d5c63a8d9e94,0,/Users/mrudangmrugeshshah/Documents/MATLAB/images_generated/d5c63a8d9e94_enhanced.png
d6130f2ec903,0,/Users/mrudangmrugeshshah/Documents/MATLAB/images_generated/d6130f2ec903_enhanced.png
d6228d951958,2,/Users/mrudangmrugeshshah/Documents/MATLAB/images_generated/d6228d951958_enhanced.png
d6283ded6aea,2,/Users/mrudangmrugeshshah/Documents/MATLAB/images_generated/d6283ded6aea_enhanced.png
d659d7fd5ccf,4,/Users/mrudangmrugeshshah/Documents/MATLAB/images_generated/d659d7fd5ccf_enhanced.png
d667af5742f6,0,/Users/mrudangmrugeshshah/Documents/MATLAB/images_generated/d667af5742f6_enhanced.png
d66b6f333dc7,1,/Users/mrudangmrugeshshah/Documents/MATLAB/images_generated/d66b6f333dc7_enhanced.png
d66ccb75ada1,1,/Users/mrudangmrugeshshah/Documents/MATLAB/images_generated/d66ccb75ada1_enhanced.png
d67374d3fa2a,2,/Users/mrudangmrugeshshah/Documents/MATLAB/images_generated/d67374d3fa2a_enhanced.png
d6803e467592,0,/Users/mrudangmrugeshshah/Documents/MATLAB/images_generated/d6803e467592_enhanced.png
d69698f838db,0,/Users/mrudangmrugeshshah/Documents/MATLAB/images_generated/d69698f838db_enhanced.png
d6b109c82067,0,/Users/mrudangmrugeshshah/Documents/MATLAB/images_generated/d6b109c82067_enhanced.png
d6dbb0820ea5,0,/Users/mrudangmrugeshshah/Documents/MATLAB/images_generated/d6dbb0820ea5_enhanced.png
d6df4fe492ec,0,/Users/mrudangmrugeshshah/Documents/MATLAB/images_generated/d6df4fe492ec_enhanced.png
d6e26fe51dce,1,/Users/mrudangmrugeshshah/Documents/MATLAB/images_generated/d6e26fe51dce_enhanced.png
d6f36ec5564a,0,/Users/mrudangmrugeshshah/Documents/MATLAB/images_generated/d6f36ec5564a_enhanced.png
d6f6bdfd8011,0,/Users/mrudangmrugeshshah/Documents/MATLAB/images_generated/d6f6bdfd8011_enhanced.png
d7078e8b0349,0,/Users/mrudangmrugeshshah/Documents/MATLAB/images_generated/d7078e8b0349_enhanced.png
d74ccc796517,0,/Users/mrudangmrugeshshah/Documents/MATLAB/images_generated/d74ccc796517_enhanced.png
d774692d9919,0,/Users/mrudangmrugeshshah/Documents/MATLAB/images_generated/d774692d9919_enhanced.png
d78b7401096f,0,/Users/mrudangmrugeshshah/Documents/MATLAB/images_generated/d78b7401096f_enhanced.png
d7a01fca9838,0,/Users/mrudangmrugeshshah/Documents/MATLAB/images_generated/d7a01fca9838_enhanced.png
d7ab5c040294,0,/Users/mrudangmrugeshshah/Documents/MATLAB/images_generated/d7ab5c040294_enhanced.png
d7ac4a0c9760,0,/Users/mrudangmrugeshshah/Documents/MATLAB/images_generated/d7ac4a0c9760_enhanced.png
d7bc00091cfc,0,/Users/mrudangmrugeshshah/Documents/MATLAB/images_generated/d7bc00091cfc_enhanced.png
d7bc62d60e8c,0,/Users/mrudangmrugeshshah/Documents/MATLAB/images_generated/d7bc62d60e8c_enhanced.png
d7e5fe5245e0,0,/Users/mrudangmrugeshshah/Documents/MATLAB/images_generated/d7e5fe5245e0_enhanced.png
d801c0a66738,1,/Users/mrudangmrugeshshah/Documents/MATLAB/images_generated/d801c0a66738_enhanced.png
d803598dabda,4,/Users/mrudangmrugeshshah/Documents/MATLAB/images_generated/d803598dabda_enhanced.png
d807c53c1399,0,/Users/mrudangmrugeshshah/Documents/MATLAB/images_generated/d807c53c1399_enhanced.png
d81338217fc5,2,/Users/mrudangmrugeshshah/Documents/MATLAB/images_generated/d81338217fc5_enhanced.png
d81b6ed83bc2,2,/Users/mrudangmrugeshshah/Documents/MATLAB/images_generated/d81b6ed83bc2_enhanced.png
d838d5b9f571,0,/Users/mrudangmrugeshshah/Documents/MATLAB/images_generated/d838d5b9f571_enhanced.png
d83c3efade75,2,/Users/mrudangmrugeshshah/Documents/MATLAB/images_generated/d83c3efade75_enhanced.png
d83d0695e215,2,/Users/mrudangmrugeshshah/Documents/MATLAB/images_generated/d83d0695e215_enhanced.png
d8404680bba6,2,/Users/mrudangmrugeshshah/Documents/MATLAB/images_generated/d8404680bba6_enhanced.png
d844a7252f4e,0,/Users/mrudangmrugeshshah/Documents/MATLAB/images_generated/d844a7252f4e_enhanced.png
d85588ff2ebd,1,/Users/mrudangmrugeshshah/Documents/MATLAB/images_generated/d85588ff2ebd_enhanced.png
d85a842d20bd,2,/Users/mrudangmrugeshshah/Documents/MATLAB/images_generated/d85a842d20bd_enhanced.png
d85d052900b4,1,/Users/mrudangmrugeshshah/Documents/MATLAB/images_generated/d85d052900b4_enhanced.png
d85ea1220a03,4,/Users/mrudangmrugeshshah/Documents/MATLAB/images_generated/d85ea1220a03_enhanced.png
d865997a6280,0,/Users/mrudangmrugeshshah/Documents/MATLAB/images_generated/d865997a6280_enhanced.png
d866c26d76f0,0,/Users/mrudangmrugeshshah/Documents/MATLAB/images_generated/d866c26d76f0_enhanced.png
d868acdccb5b,3,/Users/mrudangmrugeshshah/Documents/MATLAB/images_generated/d868acdccb5b_enhanced.png
d871895742b1,0,/Users/mrudangmrugeshshah/Documents/MATLAB/images_generated/d871895742b1_enhanced.png
d881c04f01fe,0,/Users/mrudangmrugeshshah/Documents/MATLAB/images_generated/d881c04f01fe_enhanced.png
d88806d9ece9,2,/Users/mrudangmrugeshshah/Documents/MATLAB/images_generated/d88806d9ece9_enhanced.png
d88c4843aec3,0,/Users/mrudangmrugeshshah/Documents/MATLAB/images_generated/d88c4843aec3_enhanced.png
d8cdb7d7283a,2,/Users/mrudangmrugeshshah/Documents/MATLAB/images_generated/d8cdb7d7283a_enhanced.png
d8da9de62743,0,/Users/mrudangmrugeshshah/Documents/MATLAB/images_generated/d8da9de62743_enhanced.png
d911dd40c63b,0,/Users/mrudangmrugeshshah/Documents/MATLAB/images_generated/d911dd40c63b_enhanced.png
d91273efb92a,2,/Users/mrudangmrugeshshah/Documents/MATLAB/images_generated/d91273efb92a_enhanced.png
d91635f380b4,0,/Users/mrudangmrugeshshah/Documents/MATLAB/images_generated/d91635f380b4_enhanced.png
d9311f7497cb,2,/Users/mrudangmrugeshshah/Documents/MATLAB/images_generated/d9311f7497cb_enhanced.png
d93b61dc8f64,0,/Users/mrudangmrugeshshah/Documents/MATLAB/images_generated/d93b61dc8f64_enhanced.png
d94e10f42861,2,/Users/mrudangmrugeshshah/Documents/MATLAB/images_generated/d94e10f42861_enhanced.png
d952dbfb0fe4,2,/Users/mrudangmrugeshshah/Documents/MATLAB/images_generated/d952dbfb0fe4_enhanced.png
d95959798b57,2,/Users/mrudangmrugeshshah/Documents/MATLAB/images_generated/d95959798b57_enhanced.png
d968a983d4d2,2,/Users/mrudangmrugeshshah/Documents/MATLAB/images_generated/d968a983d4d2_enhanced.png
d97911a32918,0,/Users/mrudangmrugeshshah/Documents/MATLAB/images_generated/d97911a32918_enhanced.png
d990a3f0cbdb,2,/Users/mrudangmrugeshshah/Documents/MATLAB/images_generated/d990a3f0cbdb_enhanced.png
d994203deb64,2,/Users/mrudangmrugeshshah/Documents/MATLAB/images_generated/d994203deb64_enhanced.png
d99b0f7dd9b9,0,/Users/mrudangmrugeshshah/Documents/MATLAB/images_generated/d99b0f7dd9b9_enhanced.png
d99dd99be001,0,/Users/mrudangmrugeshshah/Documents/MATLAB/images_generated/d99dd99be001_enhanced.png
d9a475dfe59a,2,/Users/mrudangmrugeshshah/Documents/MATLAB/images_generated/d9a475dfe59a_enhanced.png
d9ad2a0ec026,0,/Users/mrudangmrugeshshah/Documents/MATLAB/images_generated/d9ad2a0ec026_enhanced.png
d9ba044671e1,4,/Users/mrudangmrugeshshah/Documents/MATLAB/images_generated/d9ba044671e1_enhanced.png
d9bbdc33db83,2,/Users/mrudangmrugeshshah/Documents/MATLAB/images_generated/d9bbdc33db83_enhanced.png
d9c9b9786da3,0,/Users/mrudangmrugeshshah/Documents/MATLAB/images_generated/d9c9b9786da3_enhanced.png
d9d2631f043c,0,/Users/mrudangmrugeshshah/Documents/MATLAB/images_generated/d9d2631f043c_enhanced.png
d9e58e4d8689,0,/Users/mrudangmrugeshshah/Documents/MATLAB/images_generated/d9e58e4d8689_enhanced.png
da0a1043abf7,2,/Users/mrudangmrugeshshah/Documents/MATLAB/images_generated/da0a1043abf7_enhanced.png
da0a83f074f3,0,/Users/mrudangmrugeshshah/Documents/MATLAB/images_generated/da0a83f074f3_enhanced.png
da1fb35f5df9,1,/Users/mrudangmrugeshshah/Documents/MATLAB/images_generated/da1fb35f5df9_enhanced.png
da2bdf4236ac,0,/Users/mrudangmrugeshshah/Documents/MATLAB/images_generated/da2bdf4236ac_enhanced.png
da3a2275c850,0,/Users/mrudangmrugeshshah/Documents/MATLAB/images_generated/da3a2275c850_enhanced.png
da44f80b422b,2,/Users/mrudangmrugeshshah/Documents/MATLAB/images_generated/da44f80b422b_enhanced.png
da6389d129aa,0,/Users/mrudangmrugeshshah/Documents/MATLAB/images_generated/da6389d129aa_enhanced.png
da6bbb76d562,0,/Users/mrudangmrugeshshah/Documents/MATLAB/images_generated/da6bbb76d562_enhanced.png
da8900ac7f29,2,/Users/mrudangmrugeshshah/Documents/MATLAB/images_generated/da8900ac7f29_enhanced.png
da9262d9f5d9,0,/Users/mrudangmrugeshshah/Documents/MATLAB/images_generated/da9262d9f5d9_enhanced.png
da949aa67a4f,0,/Users/mrudangmrugeshshah/Documents/MATLAB/images_generated/da949aa67a4f_enhanced.png
da9574d35b82,0,/Users/mrudangmrugeshshah/Documents/MATLAB/images_generated/da9574d35b82_enhanced.png
da9fe02dead3,0,/Users/mrudangmrugeshshah/Documents/MATLAB/images_generated/da9fe02dead3_enhanced.png
daad7b617f21,0,/Users/mrudangmrugeshshah/Documents/MATLAB/images_generated/daad7b617f21_enhanced.png
dad71ba27a9b,4,/Users/mrudangmrugeshshah/Documents/MATLAB/images_generated/dad71ba27a9b_enhanced.png
daeaa5d8cf70,2,/Users/mrudangmrugeshshah/Documents/MATLAB/images_generated/daeaa5d8cf70_enhanced.png
daff5427c9b2,0,/Users/mrudangmrugeshshah/Documents/MATLAB/images_generated/daff5427c9b2_enhanced.png
db3cd58aa315,0,/Users/mrudangmrugeshshah/Documents/MATLAB/images_generated/db3cd58aa315_enhanced.png
db49cdf1ea64,2,/Users/mrudangmrugeshshah/Documents/MATLAB/images_generated/db49cdf1ea64_enhanced.png
db4ed1e07aa3,1,/Users/mrudangmrugeshshah/Documents/MATLAB/images_generated/db4ed1e07aa3_enhanced.png
db52626d450c,0,/Users/mrudangmrugeshshah/Documents/MATLAB/images_generated/db52626d450c_enhanced.png
db6207e62c7b,0,/Users/mrudangmrugeshshah/Documents/MATLAB/images_generated/db6207e62c7b_enhanced.png
db690e2d02f8,1,/Users/mrudangmrugeshshah/Documents/MATLAB/images_generated/db690e2d02f8_enhanced.png
dbb2c63f6f08,3,/Users/mrudangmrugeshshah/Documents/MATLAB/images_generated/dbb2c63f6f08_enhanced.png
dbd062558b81,1,/Users/mrudangmrugeshshah/Documents/MATLAB/images_generated/dbd062558b81_enhanced.png
dbee04ae6426,2,/Users/mrudangmrugeshshah/Documents/MATLAB/images_generated/dbee04ae6426_enhanced.png
dbfd238b3468,3,/Users/mrudangmrugeshshah/Documents/MATLAB/images_generated/dbfd238b3468_enhanced.png
dc0eea0b68a7,0,/Users/mrudangmrugeshshah/Documents/MATLAB/images_generated/dc0eea0b68a7_enhanced.png
dc0f6e5b489b,0,/Users/mrudangmrugeshshah/Documents/MATLAB/images_generated/dc0f6e5b489b_enhanced.png
dc3c0d8ee20b,2,/Users/mrudangmrugeshshah/Documents/MATLAB/images_generated/dc3c0d8ee20b_enhanced.png
dc6fa1b38b83,2,/Users/mrudangmrugeshshah/Documents/MATLAB/images_generated/dc6fa1b38b83_enhanced.png
dcc6c0ad5cad,0,/Users/mrudangmrugeshshah/Documents/MATLAB/images_generated/dcc6c0ad5cad_enhanced.png
dccdf750c962,0,/Users/mrudangmrugeshshah/Documents/MATLAB/images_generated/dccdf750c962_enhanced.png
dce73d90c00c,0,/Users/mrudangmrugeshshah/Documents/MATLAB/images_generated/dce73d90c00c_enhanced.png
dcf109df1a2b,0,/Users/mrudangmrugeshshah/Documents/MATLAB/images_generated/dcf109df1a2b_enhanced.png
dd02d60bef14,0,/Users/mrudangmrugeshshah/Documents/MATLAB/images_generated/dd02d60bef14_enhanced.png
dd110d2b8c21,2,/Users/mrudangmrugeshshah/Documents/MATLAB/images_generated/dd110d2b8c21_enhanced.png
dd19428c3d29,1,/Users/mrudangmrugeshshah/Documents/MATLAB/images_generated/dd19428c3d29_enhanced.png
dd285d9e97fe,0,/Users/mrudangmrugeshshah/Documents/MATLAB/images_generated/dd285d9e97fe_enhanced.png
dd3176bacfe2,0,/Users/mrudangmrugeshshah/Documents/MATLAB/images_generated/dd3176bacfe2_enhanced.png
dd3dad6ca78f,3,/Users/mrudangmrugeshshah/Documents/MATLAB/images_generated/dd3dad6ca78f_enhanced.png
dd90c321d7bc,0,/Users/mrudangmrugeshshah/Documents/MATLAB/images_generated/dd90c321d7bc_enhanced.png
ddb222ff7c1d,0,/Users/mrudangmrugeshshah/Documents/MATLAB/images_generated/ddb222ff7c1d_enhanced.png
dde43aa22ae6,2,/Users/mrudangmrugeshshah/Documents/MATLAB/images_generated/dde43aa22ae6_enhanced.png
de16416220de,4,/Users/mrudangmrugeshshah/Documents/MATLAB/images_generated/de16416220de_enhanced.png
de18071c36e6,0,/Users/mrudangmrugeshshah/Documents/MATLAB/images_generated/de18071c36e6_enhanced.png
de2eb5c8aa83,0,/Users/mrudangmrugeshshah/Documents/MATLAB/images_generated/de2eb5c8aa83_enhanced.png
de38adaae009,0,/Users/mrudangmrugeshshah/Documents/MATLAB/images_generated/de38adaae009_enhanced.png
de4cdabbce6d,0,/Users/mrudangmrugeshshah/Documents/MATLAB/images_generated/de4cdabbce6d_enhanced.png
de50dfa745f8,2,/Users/mrudangmrugeshshah/Documents/MATLAB/images_generated/de50dfa745f8_enhanced.png
de55ed25e0e8,0,/Users/mrudangmrugeshshah/Documents/MATLAB/images_generated/de55ed25e0e8_enhanced.png
de57c9e9fa93,0,/Users/mrudangmrugeshshah/Documents/MATLAB/images_generated/de57c9e9fa93_enhanced.png
de6210f88536,0,/Users/mrudangmrugeshshah/Documents/MATLAB/images_generated/de6210f88536_enhanced.png
de730033c683,0,/Users/mrudangmrugeshshah/Documents/MATLAB/images_generated/de730033c683_enhanced.png
de778495a1cd,2,/Users/mrudangmrugeshshah/Documents/MATLAB/images_generated/de778495a1cd_enhanced.png
dea7538bb91a,0,/Users/mrudangmrugeshshah/Documents/MATLAB/images_generated/dea7538bb91a_enhanced.png
dec5595e6154,0,/Users/mrudangmrugeshshah/Documents/MATLAB/images_generated/dec5595e6154_enhanced.png
dee1031a76ae,0,/Users/mrudangmrugeshshah/Documents/MATLAB/images_generated/dee1031a76ae_enhanced.png
dee31065f8fe,0,/Users/mrudangmrugeshshah/Documents/MATLAB/images_generated/dee31065f8fe_enhanced.png
dee687c6e88a,2,/Users/mrudangmrugeshshah/Documents/MATLAB/images_generated/dee687c6e88a_enhanced.png
df0886f1e76b,0,/Users/mrudangmrugeshshah/Documents/MATLAB/images_generated/df0886f1e76b_enhanced.png
df3adfd6ba36,2,/Users/mrudangmrugeshshah/Documents/MATLAB/images_generated/df3adfd6ba36_enhanced.png
df4913ca3712,4,/Users/mrudangmrugeshshah/Documents/MATLAB/images_generated/df4913ca3712_enhanced.png
df4aec4a0eaf,4,/Users/mrudangmrugeshshah/Documents/MATLAB/images_generated/df4aec4a0eaf_enhanced.png
df5ce3ea7820,2,/Users/mrudangmrugeshshah/Documents/MATLAB/images_generated/df5ce3ea7820_enhanced.png
df6d13d04da1,0,/Users/mrudangmrugeshshah/Documents/MATLAB/images_generated/df6d13d04da1_enhanced.png
df8365d6ac33,2,/Users/mrudangmrugeshshah/Documents/MATLAB/images_generated/df8365d6ac33_enhanced.png
df841a0440d8,2,/Users/mrudangmrugeshshah/Documents/MATLAB/images_generated/df841a0440d8_enhanced.png
df84e7113003,4,/Users/mrudangmrugeshshah/Documents/MATLAB/images_generated/df84e7113003_enhanced.png
df9cb3729eb1,0,/Users/mrudangmrugeshshah/Documents/MATLAB/images_generated/df9cb3729eb1_enhanced.png
dfc7ec7db0e0,0,/Users/mrudangmrugeshshah/Documents/MATLAB/images_generated/dfc7ec7db0e0_enhanced.png
dfea19863428,0,/Users/mrudangmrugeshshah/Documents/MATLAB/images_generated/dfea19863428_enhanced.png
e019b3e0f33d,4,/Users/mrudangmrugeshshah/Documents/MATLAB/images_generated/e019b3e0f33d_enhanced.png
e01b7bac822b,0,/Users/mrudangmrugeshshah/Documents/MATLAB/images_generated/e01b7bac822b_enhanced.png
e0313be77035,0,/Users/mrudangmrugeshshah/Documents/MATLAB/images_generated/e0313be77035_enhanced.png
e037643244b7,4,/Users/mrudangmrugeshshah/Documents/MATLAB/images_generated/e037643244b7_enhanced.png
e03a74e7d74f,0,/Users/mrudangmrugeshshah/Documents/MATLAB/images_generated/e03a74e7d74f_enhanced.png
e03e70bc8bba,2,/Users/mrudangmrugeshshah/Documents/MATLAB/images_generated/e03e70bc8bba_enhanced.png
e04f3c6619a3,0,/Users/mrudangmrugeshshah/Documents/MATLAB/images_generated/e04f3c6619a3_enhanced.png
e067b06fd655,0,/Users/mrudangmrugeshshah/Documents/MATLAB/images_generated/e067b06fd655_enhanced.png
e06cccc08c59,0,/Users/mrudangmrugeshshah/Documents/MATLAB/images_generated/e06cccc08c59_enhanced.png
e06d3d4733f0,2,/Users/mrudangmrugeshshah/Documents/MATLAB/images_generated/e06d3d4733f0_enhanced.png
e07045d7c5f7,1,/Users/mrudangmrugeshshah/Documents/MATLAB/images_generated/e07045d7c5f7_enhanced.png
e0863b353093,2,/Users/mrudangmrugeshshah/Documents/MATLAB/images_generated/e0863b353093_enhanced.png
e087bd4b88f2,0,/Users/mrudangmrugeshshah/Documents/MATLAB/images_generated/e087bd4b88f2_enhanced.png
e0b5a982a018,3,/Users/mrudangmrugeshshah/Documents/MATLAB/images_generated/e0b5a982a018_enhanced.png
e0d229db881a,0,/Users/mrudangmrugeshshah/Documents/MATLAB/images_generated/e0d229db881a_enhanced.png
e10190a9d52f,2,/Users/mrudangmrugeshshah/Documents/MATLAB/images_generated/e10190a9d52f_enhanced.png
e12b67835e03,2,/Users/mrudangmrugeshshah/Documents/MATLAB/images_generated/e12b67835e03_enhanced.png
e12d41e7b221,2,/Users/mrudangmrugeshshah/Documents/MATLAB/images_generated/e12d41e7b221_enhanced.png
e12df54e0d1e,0,/Users/mrudangmrugeshshah/Documents/MATLAB/images_generated/e12df54e0d1e_enhanced.png
e12f9f19d1be,0,/Users/mrudangmrugeshshah/Documents/MATLAB/images_generated/e12f9f19d1be_enhanced.png
e13412678eff,3,/Users/mrudangmrugeshshah/Documents/MATLAB/images_generated/e13412678eff_enhanced.png
e135d7ba9a0e,0,/Users/mrudangmrugeshshah/Documents/MATLAB/images_generated/e135d7ba9a0e_enhanced.png
e1418d28d668,2,/Users/mrudangmrugeshshah/Documents/MATLAB/images_generated/e1418d28d668_enhanced.png
e150935f66a6,2,/Users/mrudangmrugeshshah/Documents/MATLAB/images_generated/e150935f66a6_enhanced.png
e160a3b19911,0,/Users/mrudangmrugeshshah/Documents/MATLAB/images_generated/e160a3b19911_enhanced.png
e16af45285e5,0,/Users/mrudangmrugeshshah/Documents/MATLAB/images_generated/e16af45285e5_enhanced.png
e16fc934069f,2,/Users/mrudangmrugeshshah/Documents/MATLAB/images_generated/e16fc934069f_enhanced.png
e17507a4a1f5,2,/Users/mrudangmrugeshshah/Documents/MATLAB/images_generated/e17507a4a1f5_enhanced.png
e1900014dabf,3,/Users/mrudangmrugeshshah/Documents/MATLAB/images_generated/e1900014dabf_enhanced.png
e19936582c61,3,/Users/mrudangmrugeshshah/Documents/MATLAB/images_generated/e19936582c61_enhanced.png
e1ab92228e60,0,/Users/mrudangmrugeshshah/Documents/MATLAB/images_generated/e1ab92228e60_enhanced.png
e1b8acb1cea1,0,/Users/mrudangmrugeshshah/Documents/MATLAB/images_generated/e1b8acb1cea1_enhanced.png
e1c02f6c3362,0,/Users/mrudangmrugeshshah/Documents/MATLAB/images_generated/e1c02f6c3362_enhanced.png
e1dc02a3dc2a,0,/Users/mrudangmrugeshshah/Documents/MATLAB/images_generated/e1dc02a3dc2a_enhanced.png
e1e490773462,2,/Users/mrudangmrugeshshah/Documents/MATLAB/images_generated/e1e490773462_enhanced.png
e1fb532f55df,3,/Users/mrudangmrugeshshah/Documents/MATLAB/images_generated/e1fb532f55df_enhanced.png
e2161692a0b4,2,/Users/mrudangmrugeshshah/Documents/MATLAB/images_generated/e2161692a0b4_enhanced.png
e2265c383348,0,/Users/mrudangmrugeshshah/Documents/MATLAB/images_generated/e2265c383348_enhanced.png
e229aca862c7,2,/Users/mrudangmrugeshshah/Documents/MATLAB/images_generated/e229aca862c7_enhanced.png
e23add229074,4,/Users/mrudangmrugeshshah/Documents/MATLAB/images_generated/e23add229074_enhanced.png
e246cd89e1cc,0,/Users/mrudangmrugeshshah/Documents/MATLAB/images_generated/e246cd89e1cc_enhanced.png
e251bdf05b85,0,/Users/mrudangmrugeshshah/Documents/MATLAB/images_generated/e251bdf05b85_enhanced.png
e25ccfe38e44,1,/Users/mrudangmrugeshshah/Documents/MATLAB/images_generated/e25ccfe38e44_enhanced.png
e265c870f9b3,2,/Users/mrudangmrugeshshah/Documents/MATLAB/images_generated/e265c870f9b3_enhanced.png
e26bcae6c67b,0,/Users/mrudangmrugeshshah/Documents/MATLAB/images_generated/e26bcae6c67b_enhanced.png
e26d8718ca58,1,/Users/mrudangmrugeshshah/Documents/MATLAB/images_generated/e26d8718ca58_enhanced.png
e2856afe62c5,2,/Users/mrudangmrugeshshah/Documents/MATLAB/images_generated/e2856afe62c5_enhanced.png
e29e54ff921e,0,/Users/mrudangmrugeshshah/Documents/MATLAB/images_generated/e29e54ff921e_enhanced.png
e2a233493b90,1,/Users/mrudangmrugeshshah/Documents/MATLAB/images_generated/e2a233493b90_enhanced.png
e2a47a74e6e1,2,/Users/mrudangmrugeshshah/Documents/MATLAB/images_generated/e2a47a74e6e1_enhanced.png
e2c39ed0c941,0,/Users/mrudangmrugeshshah/Documents/MATLAB/images_generated/e2c39ed0c941_enhanced.png
e2c3b037413b,0,/Users/mrudangmrugeshshah/Documents/MATLAB/images_generated/e2c3b037413b_enhanced.png
e2ec22b3d07e,0,/Users/mrudangmrugeshshah/Documents/MATLAB/images_generated/e2ec22b3d07e_enhanced.png
e30a890600e1,0,/Users/mrudangmrugeshshah/Documents/MATLAB/images_generated/e30a890600e1_enhanced.png
e31c42a8652b,2,/Users/mrudangmrugeshshah/Documents/MATLAB/images_generated/e31c42a8652b_enhanced.png
e322acd46152,0,/Users/mrudangmrugeshshah/Documents/MATLAB/images_generated/e322acd46152_enhanced.png
e32a359be36d,3,/Users/mrudangmrugeshshah/Documents/MATLAB/images_generated/e32a359be36d_enhanced.png
e32dc722eca5,4,/Users/mrudangmrugeshshah/Documents/MATLAB/images_generated/e32dc722eca5_enhanced.png
e33766353db2,0,/Users/mrudangmrugeshshah/Documents/MATLAB/images_generated/e33766353db2_enhanced.png
e34fa07bd64d,2,/Users/mrudangmrugeshshah/Documents/MATLAB/images_generated/e34fa07bd64d_enhanced.png
e387311a840e,2,/Users/mrudangmrugeshshah/Documents/MATLAB/images_generated/e387311a840e_enhanced.png
e38f3a65b02b,1,/Users/mrudangmrugeshshah/Documents/MATLAB/images_generated/e38f3a65b02b_enhanced.png
e39b627cf648,4,/Users/mrudangmrugeshshah/Documents/MATLAB/images_generated/e39b627cf648_enhanced.png
e3a7671f787b,2,/Users/mrudangmrugeshshah/Documents/MATLAB/images_generated/e3a7671f787b_enhanced.png
e3ab63dc9a60,4,/Users/mrudangmrugeshshah/Documents/MATLAB/images_generated/e3ab63dc9a60_enhanced.png
e3b47ed5b511,0,/Users/mrudangmrugeshshah/Documents/MATLAB/images_generated/e3b47ed5b511_enhanced.png
e3cd96cb094c,0,/Users/mrudangmrugeshshah/Documents/MATLAB/images_generated/e3cd96cb094c_enhanced.png
e3e490babc0c,2,/Users/mrudangmrugeshshah/Documents/MATLAB/images_generated/e3e490babc0c_enhanced.png
e3ec668f6fad,4,/Users/mrudangmrugeshshah/Documents/MATLAB/images_generated/e3ec668f6fad_enhanced.png
e4151feb8443,2,/Users/mrudangmrugeshshah/Documents/MATLAB/images_generated/e4151feb8443_enhanced.png
e4210e7fe587,3,/Users/mrudangmrugeshshah/Documents/MATLAB/images_generated/e4210e7fe587_enhanced.png
e42d9a94a66d,0,/Users/mrudangmrugeshshah/Documents/MATLAB/images_generated/e42d9a94a66d_enhanced.png
e4730ddde408,4,/Users/mrudangmrugeshshah/Documents/MATLAB/images_generated/e4730ddde408_enhanced.png
e47452069ea1,0,/Users/mrudangmrugeshshah/Documents/MATLAB/images_generated/e47452069ea1_enhanced.png
e47770a2e5d1,0,/Users/mrudangmrugeshshah/Documents/MATLAB/images_generated/e47770a2e5d1_enhanced.png
e499434242cc,2,/Users/mrudangmrugeshshah/Documents/MATLAB/images_generated/e499434242cc_enhanced.png
e4a44f9158dc,0,/Users/mrudangmrugeshshah/Documents/MATLAB/images_generated/e4a44f9158dc_enhanced.png
e4ae1ee6aada,0,/Users/mrudangmrugeshshah/Documents/MATLAB/images_generated/e4ae1ee6aada_enhanced.png
e4b0df29b96f,0,/Users/mrudangmrugeshshah/Documents/MATLAB/images_generated/e4b0df29b96f_enhanced.png
e4c799738a19,0,/Users/mrudangmrugeshshah/Documents/MATLAB/images_generated/e4c799738a19_enhanced.png
e4d3d437b0a8,0,/Users/mrudangmrugeshshah/Documents/MATLAB/images_generated/e4d3d437b0a8_enhanced.png
e4dcca36ceb4,0,/Users/mrudangmrugeshshah/Documents/MATLAB/images_generated/e4dcca36ceb4_enhanced.png
e4e343eaae2a,2,/Users/mrudangmrugeshshah/Documents/MATLAB/images_generated/e4e343eaae2a_enhanced.png
e4f12411fd85,4,/Users/mrudangmrugeshshah/Documents/MATLAB/images_generated/e4f12411fd85_enhanced.png
e50b0174690d,0,/Users/mrudangmrugeshshah/Documents/MATLAB/images_generated/e50b0174690d_enhanced.png
e5197d77ec68,0,/Users/mrudangmrugeshshah/Documents/MATLAB/images_generated/e5197d77ec68_enhanced.png
e529c5757d64,0,/Users/mrudangmrugeshshah/Documents/MATLAB/images_generated/e529c5757d64_enhanced.png
e52ed5c29c5e,3,/Users/mrudangmrugeshshah/Documents/MATLAB/images_generated/e52ed5c29c5e_enhanced.png
e540d2e35d15,2,/Users/mrudangmrugeshshah/Documents/MATLAB/images_generated/e540d2e35d15_enhanced.png
e55188915f9d,1,/Users/mrudangmrugeshshah/Documents/MATLAB/images_generated/e55188915f9d_enhanced.png
e580676516b0,1,/Users/mrudangmrugeshshah/Documents/MATLAB/images_generated/e580676516b0_enhanced.png
e582e56e7942,0,/Users/mrudangmrugeshshah/Documents/MATLAB/images_generated/e582e56e7942_enhanced.png
e594c19e2e1d,0,/Users/mrudangmrugeshshah/Documents/MATLAB/images_generated/e594c19e2e1d_enhanced.png
e599151ca14b,2,/Users/mrudangmrugeshshah/Documents/MATLAB/images_generated/e599151ca14b_enhanced.png
e59c5f345bb0,0,/Users/mrudangmrugeshshah/Documents/MATLAB/images_generated/e59c5f345bb0_enhanced.png
e5d56f4f359b,2,/Users/mrudangmrugeshshah/Documents/MATLAB/images_generated/e5d56f4f359b_enhanced.png
e5de79795c1d,0,/Users/mrudangmrugeshshah/Documents/MATLAB/images_generated/e5de79795c1d_enhanced.png
e5f332efcbc7,0,/Users/mrudangmrugeshshah/Documents/MATLAB/images_generated/e5f332efcbc7_enhanced.png
e5f73f2855c0,0,/Users/mrudangmrugeshshah/Documents/MATLAB/images_generated/e5f73f2855c0_enhanced.png
e60e4edb3ca9,0,/Users/mrudangmrugeshshah/Documents/MATLAB/images_generated/e60e4edb3ca9_enhanced.png
e62490b7d0e9,4,/Users/mrudangmrugeshshah/Documents/MATLAB/images_generated/e62490b7d0e9_enhanced.png
e632e38fd2d4,0,/Users/mrudangmrugeshshah/Documents/MATLAB/images_generated/e632e38fd2d4_enhanced.png
e6552b7432b3,0,/Users/mrudangmrugeshshah/Documents/MATLAB/images_generated/e6552b7432b3_enhanced.png
e65a2ff90494,2,/Users/mrudangmrugeshshah/Documents/MATLAB/images_generated/e65a2ff90494_enhanced.png
e65f94ad9be3,2,/Users/mrudangmrugeshshah/Documents/MATLAB/images_generated/e65f94ad9be3_enhanced.png
e663c6627a95,2,/Users/mrudangmrugeshshah/Documents/MATLAB/images_generated/e663c6627a95_enhanced.png
e66855a5c583,0,/Users/mrudangmrugeshshah/Documents/MATLAB/images_generated/e66855a5c583_enhanced.png
e66ad813a508,0,/Users/mrudangmrugeshshah/Documents/MATLAB/images_generated/e66ad813a508_enhanced.png
e68746d426b2,0,/Users/mrudangmrugeshshah/Documents/MATLAB/images_generated/e68746d426b2_enhanced.png
e68bdd36e589,0,/Users/mrudangmrugeshshah/Documents/MATLAB/images_generated/e68bdd36e589_enhanced.png
e69b48516577,0,/Users/mrudangmrugeshshah/Documents/MATLAB/images_generated/e69b48516577_enhanced.png
e6a58edc5b42,2,/Users/mrudangmrugeshshah/Documents/MATLAB/images_generated/e6a58edc5b42_enhanced.png
e6a5e4718873,0,/Users/mrudangmrugeshshah/Documents/MATLAB/images_generated/e6a5e4718873_enhanced.png
e6a6acf7fca1,2,/Users/mrudangmrugeshshah/Documents/MATLAB/images_generated/e6a6acf7fca1_enhanced.png
e6f0ce5bf282,2,/Users/mrudangmrugeshshah/Documents/MATLAB/images_generated/e6f0ce5bf282_enhanced.png
e724866f5084,2,/Users/mrudangmrugeshshah/Documents/MATLAB/images_generated/e724866f5084_enhanced.png
e7291472109b,0,/Users/mrudangmrugeshshah/Documents/MATLAB/images_generated/e7291472109b_enhanced.png
e740af6ac6ea,4,/Users/mrudangmrugeshshah/Documents/MATLAB/images_generated/e740af6ac6ea_enhanced.png
e756495c11cb,2,/Users/mrudangmrugeshshah/Documents/MATLAB/images_generated/e756495c11cb_enhanced.png
e7578d8dba72,0,/Users/mrudangmrugeshshah/Documents/MATLAB/images_generated/e7578d8dba72_enhanced.png
e76a9cbb2a8c,3,/Users/mrudangmrugeshshah/Documents/MATLAB/images_generated/e76a9cbb2a8c_enhanced.png
e77a93c3d9a9,0,/Users/mrudangmrugeshshah/Documents/MATLAB/images_generated/e77a93c3d9a9_enhanced.png
e79e10907295,0,/Users/mrudangmrugeshshah/Documents/MATLAB/images_generated/e79e10907295_enhanced.png
e7a372a1c3a4,2,/Users/mrudangmrugeshshah/Documents/MATLAB/images_generated/e7a372a1c3a4_enhanced.png
e7a7187066ad,2,/Users/mrudangmrugeshshah/Documents/MATLAB/images_generated/e7a7187066ad_enhanced.png
e7b5dd5bab1f,0,/Users/mrudangmrugeshshah/Documents/MATLAB/images_generated/e7b5dd5bab1f_enhanced.png
e7d2c2c3b30f,4,/Users/mrudangmrugeshshah/Documents/MATLAB/images_generated/e7d2c2c3b30f_enhanced.png
e7defafeb957,2,/Users/mrudangmrugeshshah/Documents/MATLAB/images_generated/e7defafeb957_enhanced.png
e7fc93ac5b6d,2,/Users/mrudangmrugeshshah/Documents/MATLAB/images_generated/e7fc93ac5b6d_enhanced.png
e811f39a1243,2,/Users/mrudangmrugeshshah/Documents/MATLAB/images_generated/e811f39a1243_enhanced.png
e81f4a2fbbdc,0,/Users/mrudangmrugeshshah/Documents/MATLAB/images_generated/e81f4a2fbbdc_enhanced.png
e821c1b6417a,4,/Users/mrudangmrugeshshah/Documents/MATLAB/images_generated/e821c1b6417a_enhanced.png
e82232a3c28b,0,/Users/mrudangmrugeshshah/Documents/MATLAB/images_generated/e82232a3c28b_enhanced.png
e83d315d8f98,2,/Users/mrudangmrugeshshah/Documents/MATLAB/images_generated/e83d315d8f98_enhanced.png
e85d410d6836,2,/Users/mrudangmrugeshshah/Documents/MATLAB/images_generated/e85d410d6836_enhanced.png
e868c3da340b,2,/Users/mrudangmrugeshshah/Documents/MATLAB/images_generated/e868c3da340b_enhanced.png
e893e86dde94,0,/Users/mrudangmrugeshshah/Documents/MATLAB/images_generated/e893e86dde94_enhanced.png
e8d1c6c07cf2,3,/Users/mrudangmrugeshshah/Documents/MATLAB/images_generated/e8d1c6c07cf2_enhanced.png
e8ddfc9709ce,0,/Users/mrudangmrugeshshah/Documents/MATLAB/images_generated/e8ddfc9709ce_enhanced.png
e8e44b3160e3,0,/Users/mrudangmrugeshshah/Documents/MATLAB/images_generated/e8e44b3160e3_enhanced.png
e907d23cce3d,0,/Users/mrudangmrugeshshah/Documents/MATLAB/images_generated/e907d23cce3d_enhanced.png
e9129ce55fd7,2,/Users/mrudangmrugeshshah/Documents/MATLAB/images_generated/e9129ce55fd7_enhanced.png
e9286ddf6ffe,1,/Users/mrudangmrugeshshah/Documents/MATLAB/images_generated/e9286ddf6ffe_enhanced.png
e933923aab15,0,/Users/mrudangmrugeshshah/Documents/MATLAB/images_generated/e933923aab15_enhanced.png
e93394175a19,3,/Users/mrudangmrugeshshah/Documents/MATLAB/images_generated/e93394175a19_enhanced.png
e96099b961b4,2,/Users/mrudangmrugeshshah/Documents/MATLAB/images_generated/e96099b961b4_enhanced.png
e966850247f4,0,/Users/mrudangmrugeshshah/Documents/MATLAB/images_generated/e966850247f4_enhanced.png
e9678824215d,0,/Users/mrudangmrugeshshah/Documents/MATLAB/images_generated/e9678824215d_enhanced.png
e96bd80a8a53,1,/Users/mrudangmrugeshshah/Documents/MATLAB/images_generated/e96bd80a8a53_enhanced.png
e97ecf4355cb,0,/Users/mrudangmrugeshshah/Documents/MATLAB/images_generated/e97ecf4355cb_enhanced.png
e9ab8413e771,4,/Users/mrudangmrugeshshah/Documents/MATLAB/images_generated/e9ab8413e771_enhanced.png
e9ce5bf645ab,0,/Users/mrudangmrugeshshah/Documents/MATLAB/images_generated/e9ce5bf645ab_enhanced.png
e9f3c85a2a02,0,/Users/mrudangmrugeshshah/Documents/MATLAB/images_generated/e9f3c85a2a02_enhanced.png
e9f82b5bbaf4,2,/Users/mrudangmrugeshshah/Documents/MATLAB/images_generated/e9f82b5bbaf4_enhanced.png
e9faf0296643,0,/Users/mrudangmrugeshshah/Documents/MATLAB/images_generated/e9faf0296643_enhanced.png
e9ff9352ccb3,1,/Users/mrudangmrugeshshah/Documents/MATLAB/images_generated/e9ff9352ccb3_enhanced.png
ea05c22d92e9,2,/Users/mrudangmrugeshshah/Documents/MATLAB/images_generated/ea05c22d92e9_enhanced.png
ea15a290eb96,1,/Users/mrudangmrugeshshah/Documents/MATLAB/images_generated/ea15a290eb96_enhanced.png
ea1d045f9fea,2,/Users/mrudangmrugeshshah/Documents/MATLAB/images_generated/ea1d045f9fea_enhanced.png
ea4ce9516144,0,/Users/mrudangmrugeshshah/Documents/MATLAB/images_generated/ea4ce9516144_enhanced.png
ea4dcb055139,2,/Users/mrudangmrugeshshah/Documents/MATLAB/images_generated/ea4dcb055139_enhanced.png
ea588d1e5d96,2,/Users/mrudangmrugeshshah/Documents/MATLAB/images_generated/ea588d1e5d96_enhanced.png
ea5c42a78979,0,/Users/mrudangmrugeshshah/Documents/MATLAB/images_generated/ea5c42a78979_enhanced.png
ea68b58a6e8f,0,/Users/mrudangmrugeshshah/Documents/MATLAB/images_generated/ea68b58a6e8f_enhanced.png
ea6a53e54d0f,0,/Users/mrudangmrugeshshah/Documents/MATLAB/images_generated/ea6a53e54d0f_enhanced.png
ea7e21bab610,0,/Users/mrudangmrugeshshah/Documents/MATLAB/images_generated/ea7e21bab610_enhanced.png
ea9c41e1ced0,0,/Users/mrudangmrugeshshah/Documents/MATLAB/images_generated/ea9c41e1ced0_enhanced.png
ea9e0fb6fb0b,2,/Users/mrudangmrugeshshah/Documents/MATLAB/images_generated/ea9e0fb6fb0b_enhanced.png
eaa0dfbd5024,4,/Users/mrudangmrugeshshah/Documents/MATLAB/images_generated/eaa0dfbd5024_enhanced.png
eabc7c716255,0,/Users/mrudangmrugeshshah/Documents/MATLAB/images_generated/eabc7c716255_enhanced.png
eabf421f94d0,0,/Users/mrudangmrugeshshah/Documents/MATLAB/images_generated/eabf421f94d0_enhanced.png
ead23cc922ed,1,/Users/mrudangmrugeshshah/Documents/MATLAB/images_generated/ead23cc922ed_enhanced.png
eadc57064154,4,/Users/mrudangmrugeshshah/Documents/MATLAB/images_generated/eadc57064154_enhanced.png
eadfc8809ec8,2,/Users/mrudangmrugeshshah/Documents/MATLAB/images_generated/eadfc8809ec8_enhanced.png
eae70f527755,0,/Users/mrudangmrugeshshah/Documents/MATLAB/images_generated/eae70f527755_enhanced.png
eae901557a84,2,/Users/mrudangmrugeshshah/Documents/MATLAB/images_generated/eae901557a84_enhanced.png
eb050765b323,0,/Users/mrudangmrugeshshah/Documents/MATLAB/images_generated/eb050765b323_enhanced.png
eb175669d789,0,/Users/mrudangmrugeshshah/Documents/MATLAB/images_generated/eb175669d789_enhanced.png
eb1ad14dd281,2,/Users/mrudangmrugeshshah/Documents/MATLAB/images_generated/eb1ad14dd281_enhanced.png
eb1d37b71fd1,4,/Users/mrudangmrugeshshah/Documents/MATLAB/images_generated/eb1d37b71fd1_enhanced.png
eb32a815f78c,2,/Users/mrudangmrugeshshah/Documents/MATLAB/images_generated/eb32a815f78c_enhanced.png
eb6b1f1c09db,0,/Users/mrudangmrugeshshah/Documents/MATLAB/images_generated/eb6b1f1c09db_enhanced.png
eba3acc42197,1,/Users/mrudangmrugeshshah/Documents/MATLAB/images_generated/eba3acc42197_enhanced.png
ebd96d853918,0,/Users/mrudangmrugeshshah/Documents/MATLAB/images_generated/ebd96d853918_enhanced.png
ebe0175e530c,4,/Users/mrudangmrugeshshah/Documents/MATLAB/images_generated/ebe0175e530c_enhanced.png
ebf4b22240f4,0,/Users/mrudangmrugeshshah/Documents/MATLAB/images_generated/ebf4b22240f4_enhanced.png
ec01f0862669,0,/Users/mrudangmrugeshshah/Documents/MATLAB/images_generated/ec01f0862669_enhanced.png
ec0c9f817b03,0,/Users/mrudangmrugeshshah/Documents/MATLAB/images_generated/ec0c9f817b03_enhanced.png
ec363f48867b,0,/Users/mrudangmrugeshshah/Documents/MATLAB/images_generated/ec363f48867b_enhanced.png
ec4649213ccf,1,/Users/mrudangmrugeshshah/Documents/MATLAB/images_generated/ec4649213ccf_enhanced.png
ec57cc20d776,0,/Users/mrudangmrugeshshah/Documents/MATLAB/images_generated/ec57cc20d776_enhanced.png
ec6659926105,0,/Users/mrudangmrugeshshah/Documents/MATLAB/images_generated/ec6659926105_enhanced.png
ec6f1797a25a,0,/Users/mrudangmrugeshshah/Documents/MATLAB/images_generated/ec6f1797a25a_enhanced.png
ecad6845f630,0,/Users/mrudangmrugeshshah/Documents/MATLAB/images_generated/ecad6845f630_enhanced.png
ecb4500285ed,0,/Users/mrudangmrugeshshah/Documents/MATLAB/images_generated/ecb4500285ed_enhanced.png
ed246ae1ed08,4,/Users/mrudangmrugeshshah/Documents/MATLAB/images_generated/ed246ae1ed08_enhanced.png
ed2c06fcc573,2,/Users/mrudangmrugeshshah/Documents/MATLAB/images_generated/ed2c06fcc573_enhanced.png
ed2c52c14493,0,/Users/mrudangmrugeshshah/Documents/MATLAB/images_generated/ed2c52c14493_enhanced.png
ed2ef440d22c,0,/Users/mrudangmrugeshshah/Documents/MATLAB/images_generated/ed2ef440d22c_enhanced.png
ed3a0fc5b546,4,/Users/mrudangmrugeshshah/Documents/MATLAB/images_generated/ed3a0fc5b546_enhanced.png
ed3ce1674761,0,/Users/mrudangmrugeshshah/Documents/MATLAB/images_generated/ed3ce1674761_enhanced.png
ed648b9bcd95,0,/Users/mrudangmrugeshshah/Documents/MATLAB/images_generated/ed648b9bcd95_enhanced.png
ed6704e3b72e,3,/Users/mrudangmrugeshshah/Documents/MATLAB/images_generated/ed6704e3b72e_enhanced.png
ed6bd9293a89,0,/Users/mrudangmrugeshshah/Documents/MATLAB/images_generated/ed6bd9293a89_enhanced.png
ed88faaa325a,2,/Users/mrudangmrugeshshah/Documents/MATLAB/images_generated/ed88faaa325a_enhanced.png
eda1d75cbcf0,0,/Users/mrudangmrugeshshah/Documents/MATLAB/images_generated/eda1d75cbcf0_enhanced.png
eda29a9d78f3,0,/Users/mrudangmrugeshshah/Documents/MATLAB/images_generated/eda29a9d78f3_enhanced.png
edceb0657d77,0,/Users/mrudangmrugeshshah/Documents/MATLAB/images_generated/edceb0657d77_enhanced.png
ee02294cc3d9,2,/Users/mrudangmrugeshshah/Documents/MATLAB/images_generated/ee02294cc3d9_enhanced.png
ee059945b08a,2,/Users/mrudangmrugeshshah/Documents/MATLAB/images_generated/ee059945b08a_enhanced.png
ee1ec90b980f,4,/Users/mrudangmrugeshshah/Documents/MATLAB/images_generated/ee1ec90b980f_enhanced.png
ee2c2a5f7d0e,2,/Users/mrudangmrugeshshah/Documents/MATLAB/images_generated/ee2c2a5f7d0e_enhanced.png
ee36ca728641,0,/Users/mrudangmrugeshshah/Documents/MATLAB/images_generated/ee36ca728641_enhanced.png
ee3f5cf52188,0,/Users/mrudangmrugeshshah/Documents/MATLAB/images_generated/ee3f5cf52188_enhanced.png
ee3fe7809e6a,0,/Users/mrudangmrugeshshah/Documents/MATLAB/images_generated/ee3fe7809e6a_enhanced.png
ee6e39319b39,2,/Users/mrudangmrugeshshah/Documents/MATLAB/images_generated/ee6e39319b39_enhanced.png
ee74c3b177e0,2,/Users/mrudangmrugeshshah/Documents/MATLAB/images_generated/ee74c3b177e0_enhanced.png
ee77763a6afb,0,/Users/mrudangmrugeshshah/Documents/MATLAB/images_generated/ee77763a6afb_enhanced.png
ee78ce914066,1,/Users/mrudangmrugeshshah/Documents/MATLAB/images_generated/ee78ce914066_enhanced.png
eeaea2c5ff34,0,/Users/mrudangmrugeshshah/Documents/MATLAB/images_generated/eeaea2c5ff34_enhanced.png
eeb231c3ef1f,1,/Users/mrudangmrugeshshah/Documents/MATLAB/images_generated/eeb231c3ef1f_enhanced.png
eebd1e195952,0,/Users/mrudangmrugeshshah/Documents/MATLAB/images_generated/eebd1e195952_enhanced.png
eed4afc8ec83,1,/Users/mrudangmrugeshshah/Documents/MATLAB/images_generated/eed4afc8ec83_enhanced.png
eedae6b28f96,0,/Users/mrudangmrugeshshah/Documents/MATLAB/images_generated/eedae6b28f96_enhanced.png
ef247f28004f,0,/Users/mrudangmrugeshshah/Documents/MATLAB/images_generated/ef247f28004f_enhanced.png
ef26625121b3,4,/Users/mrudangmrugeshshah/Documents/MATLAB/images_generated/ef26625121b3_enhanced.png
ef4121e9bb67,0,/Users/mrudangmrugeshshah/Documents/MATLAB/images_generated/ef4121e9bb67_enhanced.png
ef476be214d4,0,/Users/mrudangmrugeshshah/Documents/MATLAB/images_generated/ef476be214d4_enhanced.png
ef48780f5d5f,0,/Users/mrudangmrugeshshah/Documents/MATLAB/images_generated/ef48780f5d5f_enhanced.png
ef5155990874,0,/Users/mrudangmrugeshshah/Documents/MATLAB/images_generated/ef5155990874_enhanced.png
ef7a4ed8d5d1,2,/Users/mrudangmrugeshshah/Documents/MATLAB/images_generated/ef7a4ed8d5d1_enhanced.png
ef7eb85b75fc,0,/Users/mrudangmrugeshshah/Documents/MATLAB/images_generated/ef7eb85b75fc_enhanced.png
ef8109305128,1,/Users/mrudangmrugeshshah/Documents/MATLAB/images_generated/ef8109305128_enhanced.png
ef81cd8854cb,0,/Users/mrudangmrugeshshah/Documents/MATLAB/images_generated/ef81cd8854cb_enhanced.png
ef8c39eb9157,0,/Users/mrudangmrugeshshah/Documents/MATLAB/images_generated/ef8c39eb9157_enhanced.png
ef99c499d665,0,/Users/mrudangmrugeshshah/Documents/MATLAB/images_generated/ef99c499d665_enhanced.png
efff2f1a35f5,2,/Users/mrudangmrugeshshah/Documents/MATLAB/images_generated/efff2f1a35f5_enhanced.png
f002ce614c59,0,/Users/mrudangmrugeshshah/Documents/MATLAB/images_generated/f002ce614c59_enhanced.png
f0098e9d4aee,4,/Users/mrudangmrugeshshah/Documents/MATLAB/images_generated/f0098e9d4aee_enhanced.png
f00ce9b9d6f4,0,/Users/mrudangmrugeshshah/Documents/MATLAB/images_generated/f00ce9b9d6f4_enhanced.png
f02057c41256,0,/Users/mrudangmrugeshshah/Documents/MATLAB/images_generated/f02057c41256_enhanced.png
f025f33b2c9b,4,/Users/mrudangmrugeshshah/Documents/MATLAB/images_generated/f025f33b2c9b_enhanced.png
f0267c42907c,0,/Users/mrudangmrugeshshah/Documents/MATLAB/images_generated/f0267c42907c_enhanced.png
f02956bd7c50,0,/Users/mrudangmrugeshshah/Documents/MATLAB/images_generated/f02956bd7c50_enhanced.png
f02babb3a023,0,/Users/mrudangmrugeshshah/Documents/MATLAB/images_generated/f02babb3a023_enhanced.png
f03d3c4ce7fb,4,/Users/mrudangmrugeshshah/Documents/MATLAB/images_generated/f03d3c4ce7fb_enhanced.png
f0546a45ef10,0,/Users/mrudangmrugeshshah/Documents/MATLAB/images_generated/f0546a45ef10_enhanced.png
f066db7a2efe,0,/Users/mrudangmrugeshshah/Documents/MATLAB/images_generated/f066db7a2efe_enhanced.png
f06e7a9df795,0,/Users/mrudangmrugeshshah/Documents/MATLAB/images_generated/f06e7a9df795_enhanced.png
f0800723bc63,2,/Users/mrudangmrugeshshah/Documents/MATLAB/images_generated/f0800723bc63_enhanced.png
f080a22008be,3,/Users/mrudangmrugeshshah/Documents/MATLAB/images_generated/f080a22008be_enhanced.png
f0860c21533b,0,/Users/mrudangmrugeshshah/Documents/MATLAB/images_generated/f0860c21533b_enhanced.png
f092febbf5c0,3,/Users/mrudangmrugeshshah/Documents/MATLAB/images_generated/f092febbf5c0_enhanced.png
f09cfc6a4dbd,0,/Users/mrudangmrugeshshah/Documents/MATLAB/images_generated/f09cfc6a4dbd_enhanced.png
f09fd9433dff,0,/Users/mrudangmrugeshshah/Documents/MATLAB/images_generated/f09fd9433dff_enhanced.png
f0a2dc580009,0,/Users/mrudangmrugeshshah/Documents/MATLAB/images_generated/f0a2dc580009_enhanced.png
f0c0f7b5e820,2,/Users/mrudangmrugeshshah/Documents/MATLAB/images_generated/f0c0f7b5e820_enhanced.png
f0c13be90519,1,/Users/mrudangmrugeshshah/Documents/MATLAB/images_generated/f0c13be90519_enhanced.png
f0e1201b5c1f,0,/Users/mrudangmrugeshshah/Documents/MATLAB/images_generated/f0e1201b5c1f_enhanced.png
f0f89314e860,4,/Users/mrudangmrugeshshah/Documents/MATLAB/images_generated/f0f89314e860_enhanced.png
f18abfa690ab,2,/Users/mrudangmrugeshshah/Documents/MATLAB/images_generated/f18abfa690ab_enhanced.png
f1979147aad4,0,/Users/mrudangmrugeshshah/Documents/MATLAB/images_generated/f1979147aad4_enhanced.png
f1a761c68559,2,/Users/mrudangmrugeshshah/Documents/MATLAB/images_generated/f1a761c68559_enhanced.png
f1d719c97838,0,/Users/mrudangmrugeshshah/Documents/MATLAB/images_generated/f1d719c97838_enhanced.png
f1dc26c4bfa3,4,/Users/mrudangmrugeshshah/Documents/MATLAB/images_generated/f1dc26c4bfa3_enhanced.png
f2094a20b275,2,/Users/mrudangmrugeshshah/Documents/MATLAB/images_generated/f2094a20b275_enhanced.png
f233638e0e90,0,/Users/mrudangmrugeshshah/Documents/MATLAB/images_generated/f233638e0e90_enhanced.png
f23902998c21,2,/Users/mrudangmrugeshshah/Documents/MATLAB/images_generated/f23902998c21_enhanced.png
f252046c0fe6,0,/Users/mrudangmrugeshshah/Documents/MATLAB/images_generated/f252046c0fe6_enhanced.png
f26b02ead915,0,/Users/mrudangmrugeshshah/Documents/MATLAB/images_generated/f26b02ead915_enhanced.png
f298b7d05958,0,/Users/mrudangmrugeshshah/Documents/MATLAB/images_generated/f298b7d05958_enhanced.png
f2c0b41acd05,0,/Users/mrudangmrugeshshah/Documents/MATLAB/images_generated/f2c0b41acd05_enhanced.png
f2d2a0c92034,4,/Users/mrudangmrugeshshah/Documents/MATLAB/images_generated/f2d2a0c92034_enhanced.png
f2ee81781411,2,/Users/mrudangmrugeshshah/Documents/MATLAB/images_generated/f2ee81781411_enhanced.png
f2f569a64949,0,/Users/mrudangmrugeshshah/Documents/MATLAB/images_generated/f2f569a64949_enhanced.png
f30f203ef51e,2,/Users/mrudangmrugeshshah/Documents/MATLAB/images_generated/f30f203ef51e_enhanced.png
f35d80bb1a22,0,/Users/mrudangmrugeshshah/Documents/MATLAB/images_generated/f35d80bb1a22_enhanced.png
f361060eda3e,0,/Users/mrudangmrugeshshah/Documents/MATLAB/images_generated/f361060eda3e_enhanced.png
f366fb1cc475,0,/Users/mrudangmrugeshshah/Documents/MATLAB/images_generated/f366fb1cc475_enhanced.png
f36cb007a1ef,0,/Users/mrudangmrugeshshah/Documents/MATLAB/images_generated/f36cb007a1ef_enhanced.png
f3a268d2726d,2,/Users/mrudangmrugeshshah/Documents/MATLAB/images_generated/f3a268d2726d_enhanced.png
f3a4751af42e,0,/Users/mrudangmrugeshshah/Documents/MATLAB/images_generated/f3a4751af42e_enhanced.png
f3a88d3026dc,2,/Users/mrudangmrugeshshah/Documents/MATLAB/images_generated/f3a88d3026dc_enhanced.png
f3b27ac2d371,0,/Users/mrudangmrugeshshah/Documents/MATLAB/images_generated/f3b27ac2d371_enhanced.png
f3b6b7ca1eb1,2,/Users/mrudangmrugeshshah/Documents/MATLAB/images_generated/f3b6b7ca1eb1_enhanced.png
f3bb996b45ce,0,/Users/mrudangmrugeshshah/Documents/MATLAB/images_generated/f3bb996b45ce_enhanced.png
f3cd489acbee,2,/Users/mrudangmrugeshshah/Documents/MATLAB/images_generated/f3cd489acbee_enhanced.png
f42b693a9414,0,/Users/mrudangmrugeshshah/Documents/MATLAB/images_generated/f42b693a9414_enhanced.png
f431f2e119d7,0,/Users/mrudangmrugeshshah/Documents/MATLAB/images_generated/f431f2e119d7_enhanced.png
f451eee2b66b,0,/Users/mrudangmrugeshshah/Documents/MATLAB/images_generated/f451eee2b66b_enhanced.png
f45f1485c940,2,/Users/mrudangmrugeshshah/Documents/MATLAB/images_generated/f45f1485c940_enhanced.png
f460608cf4cc,2,/Users/mrudangmrugeshshah/Documents/MATLAB/images_generated/f460608cf4cc_enhanced.png
f47a2a4a0411,1,/Users/mrudangmrugeshshah/Documents/MATLAB/images_generated/f47a2a4a0411_enhanced.png
f481f76a6b75,1,/Users/mrudangmrugeshshah/Documents/MATLAB/images_generated/f481f76a6b75_enhanced.png
f48241b0c995,0,/Users/mrudangmrugeshshah/Documents/MATLAB/images_generated/f48241b0c995_enhanced.png
f4874247ede6,0,/Users/mrudangmrugeshshah/Documents/MATLAB/images_generated/f4874247ede6_enhanced.png
f4c7ae514c54,0,/Users/mrudangmrugeshshah/Documents/MATLAB/images_generated/f4c7ae514c54_enhanced.png
f4d3169b468a,0,/Users/mrudangmrugeshshah/Documents/MATLAB/images_generated/f4d3169b468a_enhanced.png
f4d3777f2710,2,/Users/mrudangmrugeshshah/Documents/MATLAB/images_generated/f4d3777f2710_enhanced.png
f4de9620e3f2,0,/Users/mrudangmrugeshshah/Documents/MATLAB/images_generated/f4de9620e3f2_enhanced.png
f4df3d86688d,0,/Users/mrudangmrugeshshah/Documents/MATLAB/images_generated/f4df3d86688d_enhanced.png
f4e68b61f480,0,/Users/mrudangmrugeshshah/Documents/MATLAB/images_generated/f4e68b61f480_enhanced.png
f4ea2a2cfbb9,0,/Users/mrudangmrugeshshah/Documents/MATLAB/images_generated/f4ea2a2cfbb9_enhanced.png
f531232ecb55,0,/Users/mrudangmrugeshshah/Documents/MATLAB/images_generated/f531232ecb55_enhanced.png
f549294e12e1,4,/Users/mrudangmrugeshshah/Documents/MATLAB/images_generated/f549294e12e1_enhanced.png
f55e1d2a19e4,1,/Users/mrudangmrugeshshah/Documents/MATLAB/images_generated/f55e1d2a19e4_enhanced.png
f5650eb52640,1,/Users/mrudangmrugeshshah/Documents/MATLAB/images_generated/f5650eb52640_enhanced.png
f56ff0440ed1,0,/Users/mrudangmrugeshshah/Documents/MATLAB/images_generated/f56ff0440ed1_enhanced.png
f5733f77273d,0,/Users/mrudangmrugeshshah/Documents/MATLAB/images_generated/f5733f77273d_enhanced.png
f576e45d1da2,3,/Users/mrudangmrugeshshah/Documents/MATLAB/images_generated/f576e45d1da2_enhanced.png
f57cf3b6f48e,0,/Users/mrudangmrugeshshah/Documents/MATLAB/images_generated/f57cf3b6f48e_enhanced.png
f580566e27f5,0,/Users/mrudangmrugeshshah/Documents/MATLAB/images_generated/f580566e27f5_enhanced.png
f583a722434c,2,/Users/mrudangmrugeshshah/Documents/MATLAB/images_generated/f583a722434c_enhanced.png
f58cdfa968be,0,/Users/mrudangmrugeshshah/Documents/MATLAB/images_generated/f58cdfa968be_enhanced.png
f58d37d48e42,4,/Users/mrudangmrugeshshah/Documents/MATLAB/images_generated/f58d37d48e42_enhanced.png
f58f0b2fd718,0,/Users/mrudangmrugeshshah/Documents/MATLAB/images_generated/f58f0b2fd718_enhanced.png
f5a8c6426a71,3,/Users/mrudangmrugeshshah/Documents/MATLAB/images_generated/f5a8c6426a71_enhanced.png
f5c953bee7cd,0,/Users/mrudangmrugeshshah/Documents/MATLAB/images_generated/f5c953bee7cd_enhanced.png
f5e6226bd2e0,4,/Users/mrudangmrugeshshah/Documents/MATLAB/images_generated/f5e6226bd2e0_enhanced.png
f5e9a307288c,2,/Users/mrudangmrugeshshah/Documents/MATLAB/images_generated/f5e9a307288c_enhanced.png
f61bf44c677c,2,/Users/mrudangmrugeshshah/Documents/MATLAB/images_generated/f61bf44c677c_enhanced.png
f62b8a076833,0,/Users/mrudangmrugeshshah/Documents/MATLAB/images_generated/f62b8a076833_enhanced.png
f633c474e8b8,0,/Users/mrudangmrugeshshah/Documents/MATLAB/images_generated/f633c474e8b8_enhanced.png
f64214bed40e,3,/Users/mrudangmrugeshshah/Documents/MATLAB/images_generated/f64214bed40e_enhanced.png
f64b6e85f1c9,0,/Users/mrudangmrugeshshah/Documents/MATLAB/images_generated/f64b6e85f1c9_enhanced.png
f66c4ee86629,0,/Users/mrudangmrugeshshah/Documents/MATLAB/images_generated/f66c4ee86629_enhanced.png
f68690db78d3,0,/Users/mrudangmrugeshshah/Documents/MATLAB/images_generated/f68690db78d3_enhanced.png
f69400b316a7,2,/Users/mrudangmrugeshshah/Documents/MATLAB/images_generated/f69400b316a7_enhanced.png
f69835dc7c50,4,/Users/mrudangmrugeshshah/Documents/MATLAB/images_generated/f69835dc7c50_enhanced.png
f6d760566a51,0,/Users/mrudangmrugeshshah/Documents/MATLAB/images_generated/f6d760566a51_enhanced.png
f6f3ea0d2693,4,/Users/mrudangmrugeshshah/Documents/MATLAB/images_generated/f6f3ea0d2693_enhanced.png
f6f433f3306f,3,/Users/mrudangmrugeshshah/Documents/MATLAB/images_generated/f6f433f3306f_enhanced.png
f6f7dba7104d,1,/Users/mrudangmrugeshshah/Documents/MATLAB/images_generated/f6f7dba7104d_enhanced.png
f7116e7b2f4e,0,/Users/mrudangmrugeshshah/Documents/MATLAB/images_generated/f7116e7b2f4e_enhanced.png
f71333204618,0,/Users/mrudangmrugeshshah/Documents/MATLAB/images_generated/f71333204618_enhanced.png
f71aca5a7dc3,0,/Users/mrudangmrugeshshah/Documents/MATLAB/images_generated/f71aca5a7dc3_enhanced.png
f71bea807c96,0,/Users/mrudangmrugeshshah/Documents/MATLAB/images_generated/f71bea807c96_enhanced.png
f72adcac5638,4,/Users/mrudangmrugeshshah/Documents/MATLAB/images_generated/f72adcac5638_enhanced.png
f72ef9ceeaa8,1,/Users/mrudangmrugeshshah/Documents/MATLAB/images_generated/f72ef9ceeaa8_enhanced.png
f7508f14dd7b,0,/Users/mrudangmrugeshshah/Documents/MATLAB/images_generated/f7508f14dd7b_enhanced.png
f762c272c522,1,/Users/mrudangmrugeshshah/Documents/MATLAB/images_generated/f762c272c522_enhanced.png
f7735b6d47f7,0,/Users/mrudangmrugeshshah/Documents/MATLAB/images_generated/f7735b6d47f7_enhanced.png
f7defe70afc3,0,/Users/mrudangmrugeshshah/Documents/MATLAB/images_generated/f7defe70afc3_enhanced.png
f7e9fa75c7c1,0,/Users/mrudangmrugeshshah/Documents/MATLAB/images_generated/f7e9fa75c7c1_enhanced.png
f7edc074f06b,2,/Users/mrudangmrugeshshah/Documents/MATLAB/images_generated/f7edc074f06b_enhanced.png
f7fec8935126,1,/Users/mrudangmrugeshshah/Documents/MATLAB/images_generated/f7fec8935126_enhanced.png
f80118bbda18,2,/Users/mrudangmrugeshshah/Documents/MATLAB/images_generated/f80118bbda18_enhanced.png
f819c65b803c,0,/Users/mrudangmrugeshshah/Documents/MATLAB/images_generated/f819c65b803c_enhanced.png
f8372e80f731,2,/Users/mrudangmrugeshshah/Documents/MATLAB/images_generated/f8372e80f731_enhanced.png
f850cb51fdba,4,/Users/mrudangmrugeshshah/Documents/MATLAB/images_generated/f850cb51fdba_enhanced.png
f85c78201a50,0,/Users/mrudangmrugeshshah/Documents/MATLAB/images_generated/f85c78201a50_enhanced.png
f85fd4fac887,0,/Users/mrudangmrugeshshah/Documents/MATLAB/images_generated/f85fd4fac887_enhanced.png
f86d1c404acb,0,/Users/mrudangmrugeshshah/Documents/MATLAB/images_generated/f86d1c404acb_enhanced.png
f8cf7ed8ef00,4,/Users/mrudangmrugeshshah/Documents/MATLAB/images_generated/f8cf7ed8ef00_enhanced.png
f8d62557ad0c,0,/Users/mrudangmrugeshshah/Documents/MATLAB/images_generated/f8d62557ad0c_enhanced.png
f8f5942b690e,0,/Users/mrudangmrugeshshah/Documents/MATLAB/images_generated/f8f5942b690e_enhanced.png
f8fc411092c7,2,/Users/mrudangmrugeshshah/Documents/MATLAB/images_generated/f8fc411092c7_enhanced.png
f901d460517c,3,/Users/mrudangmrugeshshah/Documents/MATLAB/images_generated/f901d460517c_enhanced.png
f90f8931a9bc,0,/Users/mrudangmrugeshshah/Documents/MATLAB/images_generated/f90f8931a9bc_enhanced.png
f9156aeffc5e,3,/Users/mrudangmrugeshshah/Documents/MATLAB/images_generated/f9156aeffc5e_enhanced.png
f91cfa82b9d4,0,/Users/mrudangmrugeshshah/Documents/MATLAB/images_generated/f91cfa82b9d4_enhanced.png
f920ccd926db,2,/Users/mrudangmrugeshshah/Documents/MATLAB/images_generated/f920ccd926db_enhanced.png
f952ad2e4356,0,/Users/mrudangmrugeshshah/Documents/MATLAB/images_generated/f952ad2e4356_enhanced.png
f994a3b07935,0,/Users/mrudangmrugeshshah/Documents/MATLAB/images_generated/f994a3b07935_enhanced.png
f999c6921e6d,2,/Users/mrudangmrugeshshah/Documents/MATLAB/images_generated/f999c6921e6d_enhanced.png
f9aa35187bf3,2,/Users/mrudangmrugeshshah/Documents/MATLAB/images_generated/f9aa35187bf3_enhanced.png
f9d52509c571,0,/Users/mrudangmrugeshshah/Documents/MATLAB/images_generated/f9d52509c571_enhanced.png
f9d8ff3e6592,0,/Users/mrudangmrugeshshah/Documents/MATLAB/images_generated/f9d8ff3e6592_enhanced.png
f9e1c439d4c8,0,/Users/mrudangmrugeshshah/Documents/MATLAB/images_generated/f9e1c439d4c8_enhanced.png
f9e779a13204,2,/Users/mrudangmrugeshshah/Documents/MATLAB/images_generated/f9e779a13204_enhanced.png
f9ecf1795804,2,/Users/mrudangmrugeshshah/Documents/MATLAB/images_generated/f9ecf1795804_enhanced.png
fa0c87bd75ce,0,/Users/mrudangmrugeshshah/Documents/MATLAB/images_generated/fa0c87bd75ce_enhanced.png
fa3e544a7401,2,/Users/mrudangmrugeshshah/Documents/MATLAB/images_generated/fa3e544a7401_enhanced.png
fa573163dd8b,0,/Users/mrudangmrugeshshah/Documents/MATLAB/images_generated/fa573163dd8b_enhanced.png
fa59221cf464,4,/Users/mrudangmrugeshshah/Documents/MATLAB/images_generated/fa59221cf464_enhanced.png
fa6f3d8bb1d5,0,/Users/mrudangmrugeshshah/Documents/MATLAB/images_generated/fa6f3d8bb1d5_enhanced.png
fa748b57262b,2,/Users/mrudangmrugeshshah/Documents/MATLAB/images_generated/fa748b57262b_enhanced.png
fa7fa797c650,0,/Users/mrudangmrugeshshah/Documents/MATLAB/images_generated/fa7fa797c650_enhanced.png
fa9bece586fc,0,/Users/mrudangmrugeshshah/Documents/MATLAB/images_generated/fa9bece586fc_enhanced.png
fa9f1bc03f21,0,/Users/mrudangmrugeshshah/Documents/MATLAB/images_generated/fa9f1bc03f21_enhanced.png
fac399455195,2,/Users/mrudangmrugeshshah/Documents/MATLAB/images_generated/fac399455195_enhanced.png
fb1b8771c70a,0,/Users/mrudangmrugeshshah/Documents/MATLAB/images_generated/fb1b8771c70a_enhanced.png
fb61230b99dd,3,/Users/mrudangmrugeshshah/Documents/MATLAB/images_generated/fb61230b99dd_enhanced.png
fb696a8e055a,4,/Users/mrudangmrugeshshah/Documents/MATLAB/images_generated/fb696a8e055a_enhanced.png
fb6b8200b7f8,1,/Users/mrudangmrugeshshah/Documents/MATLAB/images_generated/fb6b8200b7f8_enhanced.png
fb767cea406c,0,/Users/mrudangmrugeshshah/Documents/MATLAB/images_generated/fb767cea406c_enhanced.png
fb88783de055,0,/Users/mrudangmrugeshshah/Documents/MATLAB/images_generated/fb88783de055_enhanced.png
fb88d23fc5fe,0,/Users/mrudangmrugeshshah/Documents/MATLAB/images_generated/fb88d23fc5fe_enhanced.png
fba493e17448,2,/Users/mrudangmrugeshshah/Documents/MATLAB/images_generated/fba493e17448_enhanced.png
fbcbc81cf9be,0,/Users/mrudangmrugeshshah/Documents/MATLAB/images_generated/fbcbc81cf9be_enhanced.png
fbdc796290d4,0,/Users/mrudangmrugeshshah/Documents/MATLAB/images_generated/fbdc796290d4_enhanced.png
fbfa925506f6,0,/Users/mrudangmrugeshshah/Documents/MATLAB/images_generated/fbfa925506f6_enhanced.png
fc1b1841eadf,2,/Users/mrudangmrugeshshah/Documents/MATLAB/images_generated/fc1b1841eadf_enhanced.png
fc4c2d35c6f8,2,/Users/mrudangmrugeshshah/Documents/MATLAB/images_generated/fc4c2d35c6f8_enhanced.png
fc4d69128e7c,2,/Users/mrudangmrugeshshah/Documents/MATLAB/images_generated/fc4d69128e7c_enhanced.png
fc603cbedb41,2,/Users/mrudangmrugeshshah/Documents/MATLAB/images_generated/fc603cbedb41_enhanced.png
fc782722a50c,0,/Users/mrudangmrugeshshah/Documents/MATLAB/images_generated/fc782722a50c_enhanced.png
fc898dfeb24f,0,/Users/mrudangmrugeshshah/Documents/MATLAB/images_generated/fc898dfeb24f_enhanced.png
fc8fce67fbf8,0,/Users/mrudangmrugeshshah/Documents/MATLAB/images_generated/fc8fce67fbf8_enhanced.png
fca1a8738b8a,0,/Users/mrudangmrugeshshah/Documents/MATLAB/images_generated/fca1a8738b8a_enhanced.png
fca931da5c5e,1,/Users/mrudangmrugeshshah/Documents/MATLAB/images_generated/fca931da5c5e_enhanced.png
fcc32dffd24d,0,/Users/mrudangmrugeshshah/Documents/MATLAB/images_generated/fcc32dffd24d_enhanced.png
fcc55ae641ae,2,/Users/mrudangmrugeshshah/Documents/MATLAB/images_generated/fcc55ae641ae_enhanced.png
fcc6aa6755e6,3,/Users/mrudangmrugeshshah/Documents/MATLAB/images_generated/fcc6aa6755e6_enhanced.png
fce73678f650,0,/Users/mrudangmrugeshshah/Documents/MATLAB/images_generated/fce73678f650_enhanced.png
fce93caa4758,4,/Users/mrudangmrugeshshah/Documents/MATLAB/images_generated/fce93caa4758_enhanced.png
fd079d2e93a2,0,/Users/mrudangmrugeshshah/Documents/MATLAB/images_generated/fd079d2e93a2_enhanced.png
fd0a70082e7c,0,/Users/mrudangmrugeshshah/Documents/MATLAB/images_generated/fd0a70082e7c_enhanced.png
fd48cf452e9d,2,/Users/mrudangmrugeshshah/Documents/MATLAB/images_generated/fd48cf452e9d_enhanced.png
fd4c946c52bf,0,/Users/mrudangmrugeshshah/Documents/MATLAB/images_generated/fd4c946c52bf_enhanced.png
fd62bd0db4f1,1,/Users/mrudangmrugeshshah/Documents/MATLAB/images_generated/fd62bd0db4f1_enhanced.png
fd87b6b2e664,0,/Users/mrudangmrugeshshah/Documents/MATLAB/images_generated/fd87b6b2e664_enhanced.png
fda39982a810,3,/Users/mrudangmrugeshshah/Documents/MATLAB/images_generated/fda39982a810_enhanced.png
fdbc252813b1,0,/Users/mrudangmrugeshshah/Documents/MATLAB/images_generated/fdbc252813b1_enhanced.png
fdc685055659,0,/Users/mrudangmrugeshshah/Documents/MATLAB/images_generated/fdc685055659_enhanced.png
fdd18ccbbdc5,1,/Users/mrudangmrugeshshah/Documents/MATLAB/images_generated/fdd18ccbbdc5_enhanced.png
fdd534271f3d,4,/Users/mrudangmrugeshshah/Documents/MATLAB/images_generated/fdd534271f3d_enhanced.png
fe06dad6851c,0,/Users/mrudangmrugeshshah/Documents/MATLAB/images_generated/fe06dad6851c_enhanced.png
fe0e2dee1834,0,/Users/mrudangmrugeshshah/Documents/MATLAB/images_generated/fe0e2dee1834_enhanced.png
fe0fc67c7980,3,/Users/mrudangmrugeshshah/Documents/MATLAB/images_generated/fe0fc67c7980_enhanced.png
fe2df69676cf,1,/Users/mrudangmrugeshshah/Documents/MATLAB/images_generated/fe2df69676cf_enhanced.png
fe37f4492920,2,/Users/mrudangmrugeshshah/Documents/MATLAB/images_generated/fe37f4492920_enhanced.png
fe3b0e50be78,0,/Users/mrudangmrugeshshah/Documents/MATLAB/images_generated/fe3b0e50be78_enhanced.png
fe3f62695b2d,0,/Users/mrudangmrugeshshah/Documents/MATLAB/images_generated/fe3f62695b2d_enhanced.png
fe674c2f73f5,1,/Users/mrudangmrugeshshah/Documents/MATLAB/images_generated/fe674c2f73f5_enhanced.png
fea14b3d44b0,1,/Users/mrudangmrugeshshah/Documents/MATLAB/images_generated/fea14b3d44b0_enhanced.png
febfb20dc311,0,/Users/mrudangmrugeshshah/Documents/MATLAB/images_generated/febfb20dc311_enhanced.png
fecf4c5ae84b,1,/Users/mrudangmrugeshshah/Documents/MATLAB/images_generated/fecf4c5ae84b_enhanced.png
fed5bb685832,0,/Users/mrudangmrugeshshah/Documents/MATLAB/images_generated/fed5bb685832_enhanced.png
fefded6bf135,0,/Users/mrudangmrugeshshah/Documents/MATLAB/images_generated/fefded6bf135_enhanced.png
ff03f74667df,0,/Users/mrudangmrugeshshah/Documents/MATLAB/images_generated/ff03f74667df_enhanced.png
ff0740cb484a,2,/Users/mrudangmrugeshshah/Documents/MATLAB/images_generated/ff0740cb484a_enhanced.png
ff1e940105f9,0,/Users/mrudangmrugeshshah/Documents/MATLAB/images_generated/ff1e940105f9_enhanced.png
ff344e5c9341,2,/Users/mrudangmrugeshshah/Documents/MATLAB/images_generated/ff344e5c9341_enhanced.png
ff4832d55461,0,/Users/mrudangmrugeshshah/Documents/MATLAB/images_generated/ff4832d55461_enhanced.png
ff4955e76894,0,/Users/mrudangmrugeshshah/Documents/MATLAB/images_generated/ff4955e76894_enhanced.png
ff4cd992667b,0,/Users/mrudangmrugeshshah/Documents/MATLAB/images_generated/ff4cd992667b_enhanced.png
ff52392372d3,2,/Users/mrudangmrugeshshah/Documents/MATLAB/images_generated/ff52392372d3_enhanced.png
ff59d44a70a7,0,/Users/mrudangmrugeshshah/Documents/MATLAB/images_generated/ff59d44a70a7_enhanced.png
ff631653374e,0,/Users/mrudangmrugeshshah/Documents/MATLAB/images_generated/ff631653374e_enhanced.png
ff77e8e5b5f3,2,/Users/mrudangmrugeshshah/Documents/MATLAB/images_generated/ff77e8e5b5f3_enhanced.png
ff8a0b45c789,4,/Users/mrudangmrugeshshah/Documents/MATLAB/images_generated/ff8a0b45c789_enhanced.png
ffa47f6a7bf4,2,/Users/mrudangmrugeshshah/Documents/MATLAB/images_generated/ffa47f6a7bf4_enhanced.png
ffc04fed30e6,0,/Users/mrudangmrugeshshah/Documents/MATLAB/images_generated/ffc04fed30e6_enhanced.png
ffcf7b45f213,2,/Users/mrudangmrugeshshah/Documents/MATLAB/images_generated/ffcf7b45f213_enhanced.png
ffd97f8cd5aa,0,/Users/mrudangmrugeshshah/Documents/MATLAB/images_generated/ffd97f8cd5aa_enhanced.png
ffec9a18a3ce,2,/Users/mrudangmrugeshshah/Documents/MATLAB/images_generated/ffec9a18a3ce_enhanced.png
